loan_amnt,annual_inc,dti,int_rate,installment,delinq_2yrs,inq_last_6mths,open_acc,pub_rec,revol_bal,revol_util,total_acc,term_60_months,grade_b,grade_c,grade_d,grade_e,grade_f,grade_g,home_ownership_mortgage,home_ownership_own,home_ownership_rent,verification_status_source_verified,verification_status_verified,purpose_credit_card,purpose_debt_consolidation,purpose_home_improvement,purpose_house,purpose_major_purchase,purpose_medical,purpose_moving,purpose_other,purpose_renewable_energy,purpose_small_business,purpose_vacation,purpose_wedding,gender_male,income_level_low,income_level_medium,loan_amount_level_medium,loan_amount_level_small
0.02288137550582915,-0.1390341900903208,0.3524132017479734,-1.3303103501919795,0.08517316270797425,-0.35418948698466474,0.4888949163375746,-0.7880909166023902,1.4162470485084402,-0.08817241224577971,0.42183934426922204,-0.5015853957531755,0.0,0.0,0.0,0.0,0.0,0.0,0.0,1.0,0.0,0.0,0.0,0.0,1.0,0.0,0.0,0.0,0.0,0.0,0.0,0.0,0.0,0.0,0.0,0.0,1.0,0.0,1.0,1.0,0.0
0.5583003336414666,0.4500267035734388,-0.7209564109571431,0.4549293339060685,0.14220158085684168,0.9164454439020248,0.4888949163375746,-0.26347418217772206,-0.3358111558318982,-0.46385951592946173,-0.6557233996632461,-0.0074125920554656355,1.0,0.0,1.0,0.0,0.0,0.0,0.0,0.0,0.0,1.0,1.0,0.0,0.0,0.0,0.0,0.0,1.0,0.0,0.0,0.0,0.0,0.0,0.0,0.0,0.0,0.0,1.0,1.0,0.0
-0.9224677224524058,-0.8351970644202186,0.8220124073064619,-0.618231696534792,-0.8740987763569307,-0.35418948698466474,-0.6513847719133283,-0.7880909166023902,-0.3358111558318982,1.4047780966369037,0.7394791083388678,-0.913396065501267,0.0,1.0,0.0,0.0,0.0,0.0,0.0,1.0,0.0,0.0,1.0,0.0,1.0,0.0,0.0,0.0,0.0,0.0,0.0,0.0,0.0,0.0,0.0,0.0,1.0,1.0,0.0,0.0,1.0
-0.08308695995851577,-0.8443275082720069,0.7095986978677505,0.05551977746379328,-0.44430487363228927,-0.35418948698466474,-0.6513847719133283,0.6108870418633914,-0.3358111558318982,0.13372641588356418,-0.7602630688507245,-0.33686112785393885,1.0,0.0,1.0,0.0,0.0,0.0,0.0,1.0,0.0,0.0,0.0,1.0,1.0,0.0,0.0,0.0,0.0,0.0,0.0,0.0,0.0,0.0,0.0,0.0,0.0,1.0,0.0,1.0,0.0
1.6960656196796964,0.664230664905715,0.00791957604869609,-0.07358230138623516,0.9266505921234951,2.187080374788714,-0.6513847719133283,-0.08860193736949937,-0.3358111558318982,0.3869181151262662,0.1484279017788944,-0.6663096636524121,1.0,0.0,1.0,0.0,0.0,0.0,0.0,0.0,0.0,1.0,0.0,1.0,0.0,1.0,0.0,0.0,0.0,0.0,0.0,0.0,0.0,0.0,0.0,0.0,0.0,0.0,1.0,0.0,0.0
1.1383375382884073,0.39058510430373217,-0.4254171425940789,2.478200975883856,1.1614304244079883,0.9164454439020248,1.6291746045884776,0.9606315314798368,-0.3358111558318982,-0.33048714111528693,-1.467916214119808,0.15731167584377098,1.0,0.0,0.0,0.0,1.0,0.0,0.0,0.0,1.0,0.0,1.0,0.0,0.0,0.0,1.0,0.0,0.0,0.0,0.0,0.0,0.0,0.0,0.0,0.0,1.0,0.0,1.0,0.0,0.0
-1.03680197913762,-0.808421569253684,-0.463492753855578,-0.4326474581878763,-0.9923556785858999,-0.35418948698466474,-0.6513847719133283,-0.26347418217772206,-0.3358111558318982,-0.5030943019184859,-1.319148223353012,-1.0781203334005036,0.0,1.0,0.0,0.0,0.0,0.0,0.0,0.0,0.0,1.0,0.0,0.0,0.0,1.0,0.0,0.0,0.0,0.0,0.0,0.0,0.0,0.0,0.0,0.0,1.0,1.0,0.0,0.0,1.0
0.8985144632901529,-0.5674421127548733,0.40952661864022194,0.6929612917858078,0.47886191150998786,0.9164454439020248,-0.6513847719133283,1.3103760210962823,-0.3358111558318982,-0.07859031929796521,0.8641225600623993,0.8162087474407175,1.0,0.0,0.0,1.0,0.0,0.0,0.0,1.0,0.0,0.0,1.0,0.0,0.0,1.0,0.0,0.0,0.0,0.0,0.0,0.0,0.0,0.0,0.0,0.0,0.0,0.0,1.0,1.0,0.0
-0.37868284309589895,-1.6920129097493235,4.310463648598091,-0.2147877001284535,-0.7083695692905255,-0.35418948698466474,-0.6513847719133283,-1.3127076510270583,-0.3358111558318982,-0.7132960706385608,-1.6649332829731325,-1.6546552710478317,1.0,1.0,0.0,0.0,0.0,0.0,0.0,0.0,0.0,1.0,0.0,1.0,0.0,0.0,0.0,0.0,0.0,0.0,0.0,1.0,0.0,0.0,0.0,0.0,1.0,1.0,0.0,1.0,0.0
-0.31175547332894427,-0.8887480547532877,-0.22053409152029826,-0.31564869923003813,-0.16070409148656914,-0.35418948698466474,-0.6513847719133283,-0.4383464269859448,-0.3358111558318982,-0.2783467434533053,0.12832411924284087,-0.8310339315516487,0.0,1.0,0.0,0.0,0.0,0.0,0.0,0.0,0.0,1.0,1.0,0.0,0.0,1.0,0.0,0.0,0.0,0.0,0.0,0.0,0.0,0.0,0.0,0.0,0.0,1.0,0.0,1.0,0.0
1.9191568522362121,0.18227175190809353,1.2526294394305582,0.18865629627788502,1.1831628756485026,2.187080374788714,0.4888949163375746,0.4360147970551687,1.4162470485084402,0.18491723676693353,1.656211591982908,-0.17213685995470224,1.0,0.0,1.0,0.0,0.0,0.0,0.0,1.0,0.0,0.0,0.0,1.0,0.0,1.0,0.0,0.0,0.0,0.0,0.0,0.0,0.0,0.0,0.0,0.0,0.0,0.0,1.0,0.0,0.0
-0.03289143263329976,-0.9744296392861982,1.4375681227006971,-0.18856384036204168,0.1736828089836153,-0.35418948698466474,-0.6513847719133283,0.08627030743872333,-0.3358111558318982,-0.0008113486134529217,0.4700884223557506,-0.0074125920554656355,0.0,1.0,0.0,0.0,0.0,0.0,0.0,0.0,0.0,1.0,0.0,1.0,0.0,1.0,0.0,0.0,0.0,0.0,0.0,0.0,0.0,0.0,0.0,0.0,1.0,1.0,0.0,1.0,0.0
1.1383375382884073,0.1287207615750245,0.05596737121201645,0.10796749699661724,0.535774731513959,-0.35418948698466474,-0.6513847719133283,0.26114255224694605,-0.3358111558318982,-0.15248465770633648,-0.7361385298074602,1.8869164887857555,1.0,0.0,1.0,0.0,0.0,0.0,0.0,1.0,0.0,0.0,0.0,0.0,1.0,0.0,0.0,0.0,0.0,0.0,0.0,0.0,0.0,0.0,0.0,0.0,0.0,0.0,1.0,0.0,0.0
1.6960656196796964,0.3964757132403698,0.8084139747130695,-0.618231696534792,2.044214924266473,-0.35418948698466474,-0.6513847719133283,0.08627030743872333,-0.3358111558318982,1.0449748227045539,1.684356887533383,-0.17213685995470224,0.0,1.0,0.0,0.0,0.0,0.0,0.0,1.0,0.0,0.0,1.0,0.0,0.0,1.0,0.0,0.0,0.0,0.0,0.0,0.0,0.0,0.0,0.0,0.0,0.0,0.0,1.0,0.0,0.0
-0.31175547332894427,-0.9074909013698619,-0.4988486785983986,0.6344619123068889,-0.055047387051302424,-0.35418948698466474,-0.6513847719133283,-0.4383464269859448,-0.3358111558318982,-0.3491765386216098,1.0008282813075635,-1.0781203334005036,0.0,0.0,1.0,0.0,0.0,0.0,0.0,0.0,0.0,1.0,0.0,0.0,1.0,0.0,0.0,0.0,0.0,0.0,0.0,0.0,0.0,0.0,0.0,0.0,1.0,1.0,0.0,1.0,0.0
0.49137296387451196,0.7177816552387841,1.6995645906667265,1.047992008623386,0.20346859765190906,-0.35418948698466474,0.4888949163375746,0.7857592866716141,-0.3358111558318982,-0.013673797705564277,0.7475206213532887,1.4751058190376638,1.0,0.0,0.0,1.0,0.0,0.0,0.0,0.0,0.0,1.0,0.0,0.0,0.0,1.0,0.0,0.0,0.0,0.0,0.0,0.0,0.0,0.0,0.0,0.0,0.0,0.0,0.0,1.0,0.0
-0.6129286372802404,-0.8083412427681844,-0.8125191904193194,-1.0398306727794158,-0.5639874863149803,0.9164454439020248,1.6291746045884776,-0.4383464269859448,-0.3358111558318982,-0.6053464559426867,-0.7763460948795673,1.7221922208865188,0.0,0.0,0.0,0.0,0.0,0.0,0.0,1.0,0.0,0.0,0.0,1.0,0.0,1.0,0.0,0.0,0.0,0.0,0.0,0.0,0.0,0.0,0.0,0.0,0.0,1.0,0.0,0.0,1.0
2.2537937010709856,2.324311365230856,-0.42088433172961487,-0.5314912373074293,2.6930673115697035,-0.35418948698466474,1.6291746045884776,2.534481734753841,-0.3358111558318982,0.7638569336544826,0.20873924938705493,1.1456572832391907,0.0,1.0,0.0,0.0,0.0,0.0,0.0,0.0,0.0,1.0,0.0,1.0,0.0,1.0,0.0,0.0,0.0,0.0,0.0,0.0,0.0,0.0,0.0,0.0,1.0,0.0,0.0,0.0,0.0
1.9191568522362121,-0.21936067558992442,0.8809389485444961,1.197266287293731,2.8339814501983582,-0.35418948698466474,1.6291746045884776,1.3103760210962823,-0.3358111558318982,0.08905314470794252,0.2610090839807939,0.7338466134910991,0.0,0.0,0.0,1.0,0.0,0.0,0.0,1.0,0.0,0.0,0.0,1.0,0.0,1.0,0.0,0.0,0.0,0.0,0.0,0.0,0.0,0.0,0.0,0.0,0.0,0.0,1.0,0.0,0.0
0.02288137550582915,0.4500267035734388,1.2145538281690595,0.515445933367019,0.3356743426983717,2.187080374788714,-0.6513847719133283,-0.08860193736949937,-0.3358111558318982,-0.47793051728526137,0.8721640730768209,1.6398300869369005,0.0,0.0,0.0,1.0,0.0,0.0,0.0,0.0,1.0,0.0,1.0,0.0,0.0,0.0,0.0,0.0,0.0,0.0,0.0,1.0,0.0,0.0,0.0,0.0,1.0,0.0,1.0,1.0,0.0
0.8037006894536338,0.5839041794061115,-0.5450833494159332,-0.5859561768222848,0.12216456907480716,-0.35418948698466474,1.6291746045884776,-0.26347418217772206,-0.3358111558318982,0.23783456088414334,-1.1382141805285306,0.07494954189415268,1.0,1.0,0.0,0.0,0.0,0.0,0.0,1.0,0.0,0.0,1.0,0.0,0.0,1.0,0.0,0.0,0.0,0.0,0.0,0.0,0.0,0.0,0.0,0.0,1.0,0.0,1.0,1.0,0.0
0.02288137550582915,0.3161492277407662,0.14118421546394272,-0.8381086745762465,0.15002372199482836,0.9164454439020248,-0.6513847719133283,0.08627030743872333,-0.3358111558318982,0.1576816482531004,-0.3220006095647579,-0.33686112785393885,0.0,0.0,0.0,0.0,0.0,0.0,0.0,1.0,0.0,0.0,0.0,0.0,0.0,1.0,0.0,0.0,0.0,0.0,0.0,0.0,0.0,0.0,0.0,0.0,0.0,0.0,1.0,1.0,0.0
0.6921550731753761,0.5839041794061115,-0.5033814894628629,1.3989882854969002,1.321533855089438,-0.35418948698466474,0.4888949163375746,-0.26347418217772206,-0.3358111558318982,-0.5018857496547976,0.09213731067794433,0.4867602116422442,0.0,0.0,0.0,0.0,1.0,0.0,0.0,1.0,0.0,0.0,0.0,1.0,0.0,0.0,1.0,0.0,0.0,0.0,0.0,0.0,0.0,0.0,0.0,0.0,0.0,0.0,1.0,1.0,0.0
-0.3675282814680732,-0.9958500354194257,-0.38734153133257987,0.8240805906178682,-0.10232702831391084,-0.35418948698466474,-0.6513847719133283,-1.1378354062188356,-0.3358111558318982,-0.13828416860799878,1.3948624190142123,-1.3252067352493586,0.0,0.0,0.0,1.0,0.0,0.0,0.0,0.0,0.0,1.0,0.0,0.0,1.0,0.0,0.0,0.0,0.0,0.0,0.0,0.0,0.0,0.0,0.0,0.0,0.0,1.0,0.0,1.0,0.0
-0.05798919629590776,-0.5138911224218042,-0.26586220016494,1.0096648289647836,0.3049637688709071,-0.35418948698466474,0.4888949163375746,-0.08860193736949937,1.4162470485084402,-0.4717151056434358,-0.6235573476055606,-0.5839475297027937,0.0,0.0,0.0,1.0,0.0,0.0,0.0,1.0,0.0,0.0,0.0,1.0,0.0,0.0,1.0,0.0,0.0,0.0,0.0,0.0,0.0,0.0,0.0,0.0,1.0,0.0,1.0,1.0,0.0
-0.9810291709984912,-0.6209931030879423,0.04780831165598094,-1.0418478927614476,-0.9619533664781592,0.9164454439020248,-0.6513847719133283,-0.4383464269859448,-0.3358111558318982,-0.37705956584813305,-0.9331555986607847,-0.9957581994508853,0.0,0.0,0.0,0.0,0.0,0.0,0.0,0.0,0.0,1.0,1.0,0.0,1.0,0.0,0.0,0.0,0.0,0.0,0.0,0.0,0.0,0.0,0.0,0.0,0.0,0.0,1.0,0.0,1.0
2.588430549905759,2.4581888410635284,-0.3828087204681158,-1.5622906481256242,1.098776229874165,-0.35418948698466474,1.6291746045884776,0.08627030743872333,-0.3358111558318982,0.9618005294142902,-0.08477597563932653,-0.5015853957531755,1.0,0.0,0.0,0.0,0.0,0.0,0.0,1.0,0.0,0.0,1.0,0.0,0.0,1.0,0.0,0.0,0.0,0.0,0.0,0.0,0.0,0.0,0.0,0.0,1.0,0.0,0.0,0.0,0.0
-1.0925747872767488,-0.2943320620562211,-0.35833154180000915,-0.8199536947379613,-1.0726963892888655,-0.35418948698466474,0.4888949163375746,-0.6132186717941674,1.4162470485084402,-0.5390487317632133,-0.08477597563932653,-0.6663096636524121,0.0,1.0,0.0,0.0,0.0,0.0,0.0,0.0,0.0,1.0,0.0,1.0,0.0,1.0,0.0,0.0,0.0,0.0,0.0,0.0,0.0,0.0,0.0,0.0,1.0,0.0,1.0,0.0,1.0
-0.5348467058854599,0.18227175190809353,-1.2467624712349874,-0.5314912373074293,-0.4343249004562375,-0.35418948698466474,-0.6513847719133283,0.08627030743872333,-0.3358111558318982,-0.34675943409423315,-0.6476818866488249,-0.25449899390432057,0.0,1.0,0.0,0.0,0.0,0.0,0.0,0.0,1.0,0.0,0.0,0.0,0.0,0.0,0.0,0.0,0.0,0.0,0.0,1.0,0.0,0.0,0.0,0.0,1.0,0.0,1.0,1.0,0.0
-0.8471744314645817,-0.21936067558992442,0.2436257410008333,-0.7836437350613908,-0.8008480852076082,-0.35418948698466474,-0.6513847719133283,0.08627030743872333,-0.3358111558318982,-0.16983601520643302,-0.49087238286760754,-0.0074125920554656355,0.0,1.0,0.0,0.0,0.0,0.0,0.0,1.0,0.0,0.0,0.0,0.0,0.0,0.0,1.0,0.0,0.0,0.0,0.0,0.0,0.0,0.0,0.0,0.0,0.0,0.0,1.0,0.0,1.0
-0.5348467058854599,-0.6209931030879423,-0.9747938193671369,0.515445933367019,-0.7561886685626503,-0.35418948698466474,-0.6513847719133283,-0.6132186717941674,6.672421661529454,-0.016781503526477087,1.4109454450430547,-0.25449899390432057,1.0,0.0,1.0,0.0,0.0,0.0,0.0,1.0,0.0,0.0,1.0,0.0,0.0,0.0,1.0,0.0,0.0,0.0,0.0,0.0,0.0,0.0,0.0,0.0,0.0,0.0,1.0,1.0,0.0
-0.7579379384419755,-0.4871156272552697,1.0867285617911695,0.515445933367019,-0.607452388796009,-0.35418948698466474,1.6291746045884776,-0.6132186717941674,-0.3358111558318982,-0.2130849212141363,0.5143167439350681,-0.25449899390432057,0.0,0.0,0.0,1.0,0.0,0.0,0.0,0.0,0.0,1.0,1.0,0.0,0.0,1.0,0.0,0.0,0.0,0.0,0.0,0.0,0.0,0.0,0.0,0.0,1.0,0.0,1.0,0.0,1.0
-0.9810291709984912,-1.0494010257524948,0.013358949086052984,-0.5173706974332074,-0.9339400826982762,-0.35418948698466474,2.7694542928393804,-0.6132186717941674,1.4162470485084402,-0.503223789661024,-0.8326366859805171,-0.17213685995470224,0.0,1.0,0.0,0.0,0.0,0.0,0.0,1.0,0.0,0.0,0.0,1.0,1.0,0.0,0.0,0.0,0.0,0.0,0.0,0.0,0.0,0.0,0.0,0.0,0.0,1.0,0.0,0.0,1.0
-0.4623420553045923,-1.0226255305859604,-0.09180226296951588,1.3989882854969002,-0.5982430699192662,-0.35418948698466474,1.6291746045884776,0.6108870418633914,-0.3358111558318982,-0.5292076633303228,-0.00034008898790171974,1.3103815511384274,1.0,0.0,0.0,0.0,1.0,0.0,0.0,0.0,0.0,1.0,0.0,0.0,0.0,1.0,0.0,0.0,0.0,0.0,0.0,0.0,0.0,0.0,0.0,0.0,0.0,1.0,0.0,1.0,0.0
-1.2041204035550068,-0.35323815142259707,0.21914856233272678,-1.0216756929411306,-1.2023589751476085,-0.35418948698466474,-0.6513847719133283,0.08627030743872333,1.4162470485084402,-0.7150225738724012,-2.022780612114885,0.07494954189415268,0.0,0.0,0.0,0.0,0.0,0.0,0.0,1.0,0.0,0.0,0.0,0.0,0.0,0.0,1.0,0.0,0.0,0.0,0.0,0.0,0.0,0.0,0.0,0.0,0.0,0.0,1.0,0.0,1.0
2.594704990821411,0.18227175190809353,0.9425851763012087,0.39642995442714923,1.9831020383312674,-0.35418948698466474,1.6291746045884776,0.08627030743872333,-0.3358111558318982,0.4916305362586895,0.8721640730768209,0.3220359437430076,1.0,0.0,1.0,0.0,0.0,0.0,0.0,1.0,0.0,0.0,0.0,1.0,0.0,1.0,0.0,0.0,0.0,0.0,0.0,0.0,0.0,0.0,0.0,0.0,0.0,0.0,1.0,0.0,0.0
2.2537937010709856,0.012461561561931551,1.3179019158788428,0.515445933367019,1.5664863241248101,-0.35418948698466474,-0.6513847719133283,1.1355037762880595,-0.3358111558318982,0.6465842014958699,-0.05260992358164074,0.8162087474407175,1.0,0.0,0.0,1.0,0.0,0.0,0.0,1.0,0.0,0.0,0.0,1.0,0.0,1.0,0.0,0.0,0.0,0.0,0.0,0.0,0.0,0.0,0.0,0.0,1.0,0.0,1.0,0.0,0.0
-0.49022845937415677,0.24921048982442986,-0.13894349595994326,-0.31564869923003813,-0.36396416292932365,-0.35418948698466474,-0.6513847719133283,0.9606315314798368,-0.3358111558318982,-0.4246247299404375,-1.1140896414852663,0.15731167584377098,0.0,1.0,0.0,0.0,0.0,0.0,0.0,0.0,0.0,1.0,0.0,1.0,0.0,0.0,0.0,0.0,0.0,0.0,0.0,1.0,0.0,0.0,0.0,0.0,0.0,0.0,1.0,1.0,0.0
-0.5348467058854599,2.0565564135655108,0.046901749483087965,-0.8562636544145317,-0.46334003482522207,-0.35418948698466474,-0.6513847719133283,0.4360147970551687,-0.3358111558318982,-0.3032515526014538,-0.8406781989949385,0.980933015339954,0.0,0.0,0.0,0.0,0.0,0.0,0.0,1.0,0.0,0.0,1.0,0.0,0.0,1.0,0.0,0.0,0.0,0.0,0.0,0.0,0.0,0.0,0.0,0.0,0.0,0.0,0.0,1.0,0.0
-0.9810291709984912,-0.5406666175883388,-0.5686539659111469,-0.5173706974332074,-0.9339400826982762,3.457715305675404,0.4888949163375746,0.9606315314798368,1.4162470485084402,-0.3323431320916654,-0.20137791434843685,0.07494954189415268,0.0,1.0,0.0,0.0,0.0,0.0,0.0,1.0,0.0,0.0,0.0,0.0,0.0,0.0,1.0,0.0,0.0,0.0,0.0,0.0,0.0,0.0,0.0,0.0,1.0,0.0,1.0,0.0,1.0
-1.1148839105324004,-0.8887480547532877,0.8809389485444961,-0.7856609550434225,-1.0957389528382053,-0.35418948698466474,-0.6513847719133283,1.1355037762880595,-0.3358111558318982,-0.4350700745051722,-1.1502764500501628,-0.08977472600508395,0.0,1.0,0.0,0.0,0.0,0.0,0.0,0.0,0.0,1.0,1.0,0.0,0.0,1.0,0.0,0.0,0.0,0.0,0.0,0.0,0.0,0.0,0.0,0.0,0.0,1.0,0.0,0.0,1.0
-1.0925747872767488,0.9855366069041295,-0.8505948016808185,0.05551977746379328,-1.0330462255894164,0.9164454439020248,0.4888949163375746,0.4360147970551687,6.672421661529454,-0.46403216625284577,0.2006977363726334,0.3220359437430076,0.0,0.0,1.0,0.0,0.0,0.0,0.0,1.0,0.0,0.0,1.0,0.0,0.0,0.0,1.0,0.0,0.0,0.0,0.0,0.0,0.0,0.0,0.0,0.0,1.0,0.0,0.0,0.0,1.0
-0.5348467058854599,-1.0360132781692275,-0.2640490758191544,1.0883364082640197,-0.2835078540814618,-0.35418948698466474,1.6291746045884776,-0.7880909166023902,-0.3358111558318982,-0.6574436910238222,-0.08477597563932653,-1.2428446012997403,0.0,0.0,0.0,1.0,0.0,0.0,0.0,1.0,0.0,0.0,0.0,1.0,0.0,0.0,0.0,0.0,1.0,0.0,0.0,0.0,0.0,0.0,0.0,0.0,1.0,1.0,0.0,1.0,0.0
-0.7579379384419755,-0.5406666175883388,-1.5966954699716216,-0.4871123977027319,-0.6813196033847788,-0.35418948698466474,-0.6513847719133283,-1.3127076510270583,-0.3358111558318982,-0.6921032434431692,-1.8941164038841427,-1.2428446012997403,0.0,1.0,0.0,0.0,0.0,0.0,0.0,0.0,0.0,1.0,1.0,0.0,0.0,0.0,0.0,0.0,0.0,0.0,0.0,1.0,0.0,0.0,0.0,0.0,0.0,0.0,1.0,0.0,1.0
-0.31733275414285717,-0.701319588587546,0.8501158346661396,-0.7836437350613908,-0.21734718248578241,-0.35418948698466474,-0.6513847719133283,0.7857592866716141,-0.3358111558318982,-0.4361923016071685,-1.3312104928746442,0.5691223455918625,0.0,1.0,0.0,0.0,0.0,0.0,0.0,1.0,0.0,0.0,0.0,0.0,0.0,1.0,0.0,0.0,0.0,0.0,0.0,0.0,0.0,0.0,0.0,0.0,0.0,1.0,0.0,1.0,0.0
-1.2041204035550068,-1.3305437250011074,-0.513353673364684,-0.2147877001284535,-1.1734209062085545,2.187080374788714,-0.6513847719133283,-0.6132186717941674,-0.3358111558318982,-0.37084415420630745,-0.6597441561704569,-0.8310339315516487,0.0,0.0,1.0,0.0,0.0,0.0,0.0,0.0,1.0,0.0,0.0,1.0,0.0,1.0,0.0,0.0,0.0,0.0,0.0,0.0,0.0,0.0,0.0,0.0,1.0,1.0,0.0,0.0,1.0
1.9191568522362121,-0.1685675612590084,0.6107834210224312,0.515445933367019,2.626058920244785,-0.35418948698466474,-0.6513847719133283,1.8349927555209502,-0.3358111558318982,0.8955459678156629,0.29719589254569023,0.8985708813903357,0.0,0.0,1.0,0.0,0.0,0.0,0.0,1.0,0.0,0.0,0.0,1.0,1.0,0.0,0.0,0.0,0.0,0.0,0.0,0.0,0.0,0.0,0.0,0.0,0.0,0.0,1.0,0.0,0.0
-1.1148839105324004,-0.9958500354194257,0.3342819582901168,0.18865629627788502,-1.053237368231313,0.9164454439020248,-0.6513847719133283,-0.7880909166023902,-0.3358111558318982,-0.37887239424366553,0.5545243090071751,-0.8310339315516487,0.0,0.0,1.0,0.0,0.0,0.0,0.0,1.0,0.0,0.0,0.0,1.0,0.0,1.0,0.0,0.0,0.0,0.0,0.0,0.0,0.0,0.0,0.0,0.0,1.0,1.0,0.0,0.0,1.0
1.1383375382884073,2.4581888410635284,-1.3211005694122,-0.6303350164269823,1.4199078763962345,-0.35418948698466474,-0.6513847719133283,-0.6132186717941674,-0.3358111558318982,0.2615308177686035,-1.6126634483793936,-0.8310339315516487,0.0,1.0,0.0,0.0,0.0,0.0,0.0,0.0,0.0,1.0,1.0,0.0,0.0,1.0,0.0,0.0,0.0,0.0,0.0,0.0,0.0,0.0,0.0,0.0,0.0,0.0,0.0,0.0,0.0
0.13442699178408696,0.9855366069041295,-0.61760832324736,0.28951729537946963,-0.23503369865492438,2.187080374788714,-0.6513847719133283,-0.7880909166023902,-0.3358111558318982,-0.3145601487831088,0.6872092737451282,0.8985708813903357,1.0,0.0,1.0,0.0,0.0,0.0,0.0,1.0,0.0,0.0,0.0,0.0,0.0,1.0,0.0,0.0,0.0,0.0,0.0,0.0,0.0,0.0,0.0,0.0,1.0,0.0,0.0,1.0,0.0
-0.5348467058854599,-0.35323815142259707,-0.5042880516357556,0.40248161437324453,-0.7675558194774584,5.998985167448784,0.4888949163375746,0.08627030743872333,-0.3358111558318982,-0.6629253387912656,-1.2065670411511125,-0.08977472600508395,1.0,0.0,1.0,0.0,0.0,0.0,0.0,1.0,0.0,0.0,0.0,0.0,0.0,0.0,1.0,0.0,0.0,0.0,0.0,0.0,0.0,0.0,0.0,0.0,0.0,0.0,1.0,1.0,0.0
-0.5348467058854599,0.42325120840690433,-0.5042880516357556,-1.4170508094193424,-0.5125077791211377,-0.35418948698466474,-0.6513847719133283,1.3103760210962823,-0.3358111558318982,0.11335367772424686,-0.8688234945454135,2.051640756684992,0.0,0.0,0.0,0.0,0.0,0.0,0.0,1.0,0.0,0.0,0.0,0.0,1.0,0.0,0.0,0.0,0.0,0.0,0.0,0.0,0.0,0.0,0.0,0.0,1.0,0.0,1.0,1.0,0.0
0.02288137550582915,-0.21936067558992442,-0.28399344362279666,-0.41650969833162277,0.20670534570900684,0.9164454439020248,-0.6513847719133283,-0.08860193736949937,-0.3358111558318982,-0.231126880007769,1.4994020882016903,-0.25449899390432057,0.0,1.0,0.0,0.0,0.0,0.0,0.0,0.0,1.0,0.0,1.0,0.0,0.0,0.0,1.0,0.0,0.0,0.0,0.0,0.0,0.0,0.0,0.0,0.0,0.0,0.0,1.0,1.0,0.0
0.3575182243406026,2.4581888410635284,-1.1298159509318118,-1.0378134527973841,0.485296874909218,-0.35418948698466474,-0.6513847719133283,0.26114255224694605,-0.3358111558318982,-0.33061662885782495,-1.0457367808626843,-0.33686112785393885,0.0,0.0,0.0,0.0,0.0,0.0,0.0,0.0,0.0,1.0,1.0,0.0,0.0,1.0,0.0,0.0,0.0,0.0,0.0,0.0,0.0,0.0,0.0,0.0,1.0,0.0,0.0,1.0,0.0
-0.7021651303028467,-0.9958500354194257,0.04418206296440936,0.7938222908873924,-0.5177096956414736,0.9164454439020248,-0.6513847719133283,-1.1378354062188356,-0.3358111558318982,-0.6814852485550504,-0.7683045818651459,-1.2428446012997403,0.0,0.0,0.0,1.0,0.0,0.0,0.0,0.0,0.0,1.0,1.0,0.0,0.0,1.0,0.0,0.0,0.0,0.0,0.0,0.0,0.0,0.0,0.0,0.0,1.0,1.0,0.0,0.0,1.0
-0.9531427669289266,-1.0494010257524948,1.1828241521178102,0.5921002926842235,-0.8386872113036811,-0.35418948698466474,-0.6513847719133283,0.6108870418633914,-0.3358111558318982,-0.468823212726753,-0.2737515314782294,0.40439807769262587,0.0,0.0,1.0,0.0,0.0,0.0,0.0,0.0,0.0,1.0,1.0,0.0,0.0,1.0,0.0,0.0,0.0,0.0,0.0,0.0,0.0,0.0,0.0,0.0,1.0,1.0,0.0,0.0,1.0
2.2537937010709856,0.3053854786838193,-0.14438286899730016,0.1241052568528708,1.4297722514273896,-0.35418948698466474,-0.6513847719133283,1.6601205107127277,-0.3358111558318982,0.5137297776518472,-0.3983949832017612,0.8985708813903357,1.0,0.0,1.0,0.0,0.0,0.0,0.0,0.0,0.0,1.0,0.0,1.0,0.0,0.0,0.0,0.0,0.0,0.0,0.0,1.0,0.0,0.0,0.0,0.0,1.0,0.0,1.0,0.0,0.0
-0.9810291709984912,-1.4242579580839783,-0.10812038208158688,1.8024322819032388,-0.8024279265211917,-0.35418948698466474,-0.6513847719133283,-0.6132186717941674,-0.3358111558318982,-0.37170740582322764,0.9485584467138238,-0.9957581994508853,0.0,0.0,0.0,0.0,0.0,1.0,0.0,0.0,0.0,1.0,0.0,1.0,0.0,1.0,0.0,0.0,0.0,0.0,0.0,0.0,0.0,0.0,0.0,0.0,1.0,1.0,0.0,0.0,1.0
1.0267919220101493,-0.35323815142259707,1.172851968215989,0.9915098491264984,0.6615840458761567,-0.35418948698466474,-0.6513847719133283,-0.4383464269859448,-0.3358111558318982,0.36317869566096,1.061139628915724,-0.08977472600508395,1.0,0.0,0.0,1.0,0.0,0.0,0.0,0.0,0.0,1.0,0.0,0.0,1.0,0.0,0.0,0.0,0.0,0.0,0.0,0.0,0.0,0.0,0.0,0.0,0.0,0.0,1.0,1.0,0.0
0.5806094568971182,0.610679674572646,-0.07185789516587329,-0.7836437350613908,0.7714793489576236,-0.35418948698466474,-0.6513847719133283,-0.26347418217772206,-0.3358111558318982,0.4693154819613017,0.8802055860912423,-0.33686112785393885,0.0,1.0,0.0,0.0,0.0,0.0,0.0,1.0,0.0,0.0,0.0,0.0,1.0,0.0,0.0,0.0,0.0,0.0,0.0,0.0,0.0,0.0,0.0,0.0,0.0,0.0,1.0,1.0,0.0
-0.08866424077242865,0.04839427607542089,-1.0382531714696352,-0.08770284126045706,-0.46831075505576536,0.9164454439020248,-0.6513847719133283,-1.1378354062188356,-0.3358111558318982,-0.2706638040627153,0.8158734819758707,-0.08977472600508395,1.0,0.0,1.0,0.0,0.0,0.0,0.0,1.0,0.0,0.0,1.0,0.0,0.0,0.0,0.0,0.0,0.0,0.0,0.0,1.0,0.0,0.0,0.0,0.0,1.0,0.0,1.0,1.0,0.0
0.3575182243406026,-0.754870578920615,0.04236893861862373,-0.5496462171457145,0.563518286289084,-0.35418948698466474,-0.6513847719133283,0.6108870418633914,-0.3358111558318982,0.08650655243802785,1.0772226549445665,-0.17213685995470224,0.0,1.0,0.0,0.0,0.0,0.0,0.0,0.0,0.0,1.0,1.0,0.0,0.0,1.0,0.0,0.0,0.0,0.0,0.0,0.0,0.0,0.0,0.0,0.0,1.0,1.0,0.0,1.0,0.0
-1.2487386500663098,-0.5138911224218042,0.13121203156212158,0.515445933367019,-1.2002396758245086,-0.35418948698466474,0.4888949163375746,0.08627030743872333,3.1683052528487785,-0.4270849970486601,-0.7522215558363032,0.7338466134910991,0.0,0.0,0.0,1.0,0.0,0.0,0.0,0.0,0.0,1.0,0.0,0.0,0.0,1.0,0.0,0.0,0.0,0.0,0.0,0.0,0.0,0.0,0.0,0.0,0.0,0.0,1.0,0.0,1.0
-0.6240831989080662,-0.9690745402528912,-0.8995491590170317,0.1241052568528708,-0.4793311115358842,-0.35418948698466474,0.4888949163375746,0.4360147970551687,1.4162470485084402,-0.40386352855350605,-0.42654027875223627,0.7338466134910991,0.0,0.0,1.0,0.0,0.0,0.0,0.0,1.0,0.0,0.0,0.0,1.0,0.0,1.0,0.0,0.0,0.0,0.0,0.0,0.0,0.0,0.0,0.0,0.0,1.0,1.0,0.0,0.0,1.0
-0.5348467058854599,-0.21936067558992442,-0.8324635582229618,-0.6000767166965068,-0.44049013485070954,-0.35418948698466474,-0.6513847719133283,-0.9629631614106129,-0.3358111558318982,-0.27649075247692684,0.8962886121200848,-0.913396065501267,0.0,1.0,0.0,0.0,0.0,0.0,0.0,0.0,1.0,0.0,0.0,0.0,1.0,0.0,0.0,0.0,0.0,0.0,0.0,0.0,0.0,0.0,0.0,0.0,1.0,0.0,1.0,1.0,0.0
-0.5264807846645906,0.1692053102668247,0.5346321984994331,-0.15427110066750294,-0.3904361381105885,-0.35418948698466474,0.4888949163375746,0.6108870418633914,-0.3358111558318982,-0.042204263644777716,1.4913605751872687,1.5574679529872821,0.0,0.0,1.0,0.0,0.0,0.0,0.0,1.0,0.0,0.0,0.0,0.0,1.0,0.0,0.0,0.0,0.0,0.0,0.0,0.0,0.0,0.0,0.0,0.0,1.0,0.0,1.0,1.0,0.0
-0.986606451812404,-1.452747084941171,-1.3229136937579855,1.045974788641354,-0.8536379047102761,-0.35418948698466474,1.6291746045884776,-0.7880909166023902,1.4162470485084402,-0.6433295270871765,-0.6275781041127714,-0.5839475297027937,0.0,0.0,0.0,1.0,0.0,0.0,0.0,1.0,0.0,0.0,0.0,1.0,0.0,0.0,1.0,0.0,0.0,0.0,0.0,0.0,0.0,0.0,0.0,0.0,0.0,1.0,0.0,0.0,1.0
1.6960656196796964,2.4581888410635284,-1.2295377899500235,-1.025710132905194,0.6569986527952683,0.9164454439020248,-0.6513847719133283,-0.4383464269859448,-0.3358111558318982,-0.6349559864030503,-1.753389926131768,-0.4192232618035572,1.0,0.0,0.0,0.0,0.0,0.0,0.0,1.0,0.0,0.0,1.0,0.0,1.0,0.0,0.0,0.0,0.0,0.0,0.0,0.0,0.0,0.0,0.0,0.0,0.0,0.0,0.0,0.0,0.0
-0.8137107465811044,2.4581888410635284,-0.8333701203958547,0.39037829448105427,-0.6835930335677406,-0.35418948698466474,-0.6513847719133283,-0.4383464269859448,-0.3358111558318982,0.4399649269860141,1.9175607649516035,-0.7486717976020304,0.0,0.0,1.0,0.0,0.0,0.0,0.0,1.0,0.0,0.0,0.0,1.0,0.0,0.0,1.0,0.0,0.0,0.0,0.0,0.0,0.0,0.0,0.0,0.0,1.0,0.0,0.0,0.0,1.0
-1.0507451811724022,-1.0360132781692275,-1.3782139863044485,0.20882849609820187,-0.9765187327350997,-0.35418948698466474,-0.6513847719133283,-1.1378354062188356,-0.3358111558318982,-0.5882540739276662,0.31327891857453294,-0.7486717976020304,0.0,1.0,0.0,0.0,0.0,0.0,0.0,0.0,0.0,1.0,0.0,0.0,0.0,1.0,0.0,0.0,0.0,0.0,0.0,0.0,0.0,0.0,0.0,0.0,0.0,1.0,0.0,0.0,1.0
0.13442699178408696,0.7177816552387841,0.06684611728673023,-1.0418478927614476,0.2435811539309435,-0.35418948698466474,-0.6513847719133283,0.7857592866716141,-0.3358111558318982,0.2008873916799577,0.03986747608420531,0.6514844795414808,0.0,0.0,0.0,0.0,0.0,0.0,0.0,1.0,0.0,0.0,0.0,0.0,0.0,1.0,0.0,0.0,0.0,0.0,0.0,0.0,0.0,0.0,0.0,0.0,0.0,0.0,0.0,1.0,0.0
-1.03680197913762,-0.8887480547532877,-1.2349771629873807,-0.7291787955465352,-1.0069981102727716,-0.35418948698466474,-0.6513847719133283,-1.3127076510270583,-0.3358111558318982,-0.5258409820243338,-0.0566306800888515,-1.2428446012997403,0.0,1.0,0.0,0.0,0.0,0.0,0.0,0.0,0.0,1.0,0.0,0.0,0.0,1.0,0.0,0.0,0.0,0.0,0.0,0.0,0.0,0.0,0.0,0.0,1.0,1.0,0.0,0.0,1.0
-1.0925747872767488,-0.3264626562560625,1.0613448209501704,-0.7836437350613908,-1.0710780152603168,0.9164454439020248,-0.6513847719133283,-0.7880909166023902,-0.3358111558318982,-0.7050088551161267,-1.713182361059661,-0.913396065501267,0.0,1.0,0.0,0.0,0.0,0.0,0.0,0.0,0.0,1.0,1.0,0.0,0.0,0.0,0.0,0.0,1.0,0.0,0.0,0.0,0.0,0.0,0.0,0.0,0.0,0.0,1.0,0.0,1.0
0.49137296387451196,-0.299687161089528,-0.6856004862143227,0.011140937859095913,0.8114377743767964,-0.35418948698466474,-0.6513847719133283,-0.6132186717941674,-0.3358111558318982,0.4872279530123964,1.3747586364781588,-0.9957581994508853,0.0,1.0,0.0,0.0,0.0,0.0,0.0,0.0,0.0,1.0,0.0,1.0,1.0,0.0,0.0,0.0,0.0,0.0,0.0,0.0,0.0,0.0,0.0,0.0,0.0,0.0,1.0,1.0,0.0
-0.08866424077242865,0.10194526640848994,-0.27583438406676114,-0.8300397946481198,0.02868420256862286,-0.35418948698466474,-0.6513847719133283,-0.08860193736949937,-0.3358111558318982,-0.6433295270871765,-1.849888082304825,0.40439807769262587,0.0,0.0,0.0,0.0,0.0,0.0,0.0,1.0,0.0,0.0,0.0,0.0,0.0,0.0,1.0,0.0,0.0,0.0,0.0,0.0,0.0,0.0,0.0,0.0,1.0,0.0,1.0,1.0,0.0
1.6960656196796964,0.5303531890730424,0.5246600145976119,0.08779529717630039,0.9740458315309998,-0.35418948698466474,0.4888949163375746,-0.26347418217772206,-0.3358111558318982,0.9505350958134813,0.9284546641777703,-0.0074125920554656355,1.0,0.0,1.0,0.0,0.0,0.0,0.0,0.0,0.0,1.0,1.0,0.0,1.0,0.0,0.0,0.0,0.0,0.0,0.0,0.0,0.0,0.0,0.0,0.0,1.0,0.0,1.0,0.0,0.0
1.0267919220101493,2.324311365230856,0.015172073431838937,-0.6303350164269823,0.2764495597964734,-0.35418948698466474,-0.6513847719133283,-0.08860193736949937,-0.3358111558318982,0.7591953749231133,-0.26168926195659736,-0.5015853957531755,1.0,1.0,0.0,0.0,0.0,0.0,0.0,0.0,1.0,0.0,1.0,0.0,0.0,1.0,0.0,0.0,0.0,0.0,0.0,0.0,0.0,0.0,0.0,0.0,1.0,0.0,0.0,1.0,0.0
-1.1455589550089214,-0.35323815142259707,-0.7019186053263936,0.40248161437324453,-1.0804029322819557,0.9164454439020248,0.4888949163375746,-0.4383464269859448,-0.3358111558318982,-0.702764400912134,-1.7895767346966645,-0.913396065501267,0.0,0.0,1.0,0.0,0.0,0.0,0.0,1.0,0.0,0.0,1.0,0.0,0.0,0.0,1.0,0.0,0.0,0.0,0.0,0.0,0.0,0.0,0.0,0.0,0.0,0.0,1.0,0.0,1.0
-1.0591111023932716,-0.5942176079214079,-0.6865070483872154,-0.9268663537856409,-1.0409839648722992,-0.35418948698466474,-0.6513847719133283,-0.26347418217772206,-0.3358111558318982,-0.7228350010055292,-2.05092590766536,0.3220359437430076,0.0,0.0,0.0,0.0,0.0,0.0,0.0,0.0,0.0,1.0,1.0,0.0,0.0,0.0,0.0,0.0,0.0,0.0,1.0,0.0,0.0,0.0,0.0,0.0,0.0,0.0,1.0,0.0,1.0
-0.31175547332894427,-0.754870578920615,-0.6810676753498585,-1.1427088918630322,-0.24929080319214122,0.9164454439020248,-0.6513847719133283,-0.08860193736949937,-0.3358111558318982,-0.5598530957309907,-1.2347123367015873,2.1340028906346102,0.0,0.0,0.0,0.0,0.0,0.0,0.0,0.0,0.0,1.0,0.0,0.0,0.0,1.0,0.0,0.0,0.0,0.0,0.0,0.0,0.0,0.0,0.0,0.0,1.0,1.0,0.0,1.0,0.0
0.2654930909110399,1.6067280947677305,-0.20512253458112026,0.622358592414699,0.6459782963151492,0.9164454439020248,-0.6513847719133283,0.7857592866716141,-0.3358111558318982,-0.6370709528645049,-1.8619503518264569,0.07494954189415268,0.0,0.0,1.0,0.0,0.0,0.0,0.0,1.0,0.0,0.0,1.0,0.0,0.0,0.0,1.0,0.0,0.0,0.0,0.0,0.0,0.0,0.0,0.0,0.0,0.0,0.0,0.0,1.0,0.0
0.37982734759625414,-0.2729116659229935,-0.43357620215011444,1.0964052881921462,0.11430389522185506,-0.35418948698466474,0.4888949163375746,-0.4383464269859448,-0.3358111558318982,-0.13698929118261843,0.14038638876447287,-0.6663096636524121,1.0,0.0,0.0,1.0,0.0,0.0,0.0,0.0,0.0,1.0,0.0,0.0,0.0,1.0,0.0,0.0,0.0,0.0,0.0,0.0,0.0,0.0,0.0,0.0,0.0,0.0,1.0,1.0,0.0
0.3575182243406026,-1.2368294919182365,1.2290588229353445,0.20681127611617023,0.6879404229125254,2.187080374788714,-0.6513847719133283,-0.7880909166023902,-0.3358111558318982,-0.31477596168733885,-0.16921186229075133,-0.5015853957531755,0.0,0.0,1.0,0.0,0.0,0.0,0.0,0.0,0.0,1.0,0.0,0.0,0.0,0.0,0.0,0.0,0.0,1.0,0.0,0.0,0.0,0.0,0.0,0.0,1.0,1.0,0.0,1.0,0.0
-0.9475654861150138,-1.3707069677509092,0.20101731887486984,-0.7856609550434225,-0.9115140425883836,-0.35418948698466474,-0.6513847719133283,-1.1378354062188356,-0.3358111558318982,-0.4626078010849274,0.6429809521658106,-0.5015853957531755,0.0,1.0,0.0,0.0,0.0,0.0,0.0,1.0,0.0,0.0,1.0,0.0,1.0,0.0,0.0,0.0,0.0,0.0,0.0,0.0,0.0,0.0,0.0,0.0,1.0,1.0,0.0,0.0,1.0
0.02288137550582915,-0.4871156272552697,-0.3474527957252952,-1.2798798506411873,0.0917622569670663,-0.35418948698466474,0.4888949163375746,0.4360147970551687,-0.3358111558318982,-0.08066212317857376,-0.8607819815309921,-0.33686112785393885,0.0,0.0,0.0,0.0,0.0,0.0,0.0,1.0,0.0,0.0,1.0,0.0,1.0,0.0,0.0,0.0,0.0,0.0,0.0,0.0,0.0,0.0,0.0,0.0,0.0,0.0,1.0,1.0,0.0
0.5806094568971182,-0.21936067558992442,0.7204774439424643,0.1241052568528708,0.9363223035798233,-0.35418948698466474,-0.6513847719133283,0.08627030743872333,-0.3358111558318982,0.4876595788208565,0.13636563225726211,-0.17213685995470224,0.0,0.0,1.0,0.0,0.0,0.0,0.0,0.0,0.0,1.0,0.0,1.0,0.0,1.0,0.0,0.0,0.0,0.0,0.0,0.0,0.0,0.0,0.0,0.0,0.0,0.0,1.0,1.0,0.0
1.6960656196796964,1.3871690344021474,-0.09542851166108714,-0.41650969833162277,2.0987001832276206,-0.35418948698466474,-0.6513847719133283,-0.26347418217772206,-0.3358111558318982,0.864986860576687,1.7165229395910684,-0.0074125920554656355,0.0,1.0,0.0,0.0,0.0,0.0,0.0,0.0,0.0,1.0,0.0,1.0,0.0,1.0,0.0,0.0,0.0,0.0,0.0,0.0,0.0,0.0,0.0,0.0,0.0,0.0,0.0,0.0,0.0
1.6960656196796964,0.18227175190809353,-0.5450833494159332,0.08779529717630039,0.9740458315309998,-0.35418948698466474,-0.6513847719133283,1.8349927555209502,1.4162470485084402,-0.07647535283651066,-1.1583179630645841,0.980933015339954,1.0,0.0,1.0,0.0,0.0,0.0,0.0,0.0,0.0,1.0,0.0,1.0,0.0,1.0,0.0,0.0,0.0,0.0,0.0,0.0,0.0,0.0,0.0,0.0,0.0,0.0,1.0,0.0,0.0
0.5806094568971182,-0.0378228183608203,-0.7336482813776428,0.28548285541540636,0.12674996215569584,-0.35418948698466474,-0.6513847719133283,-0.7880909166023902,-0.3358111558318982,-0.23060892903761687,0.9284546641777703,-1.2428446012997403,1.0,0.0,1.0,0.0,0.0,0.0,0.0,1.0,0.0,0.0,1.0,0.0,0.0,1.0,0.0,0.0,0.0,0.0,0.0,0.0,0.0,0.0,0.0,0.0,0.0,0.0,1.0,1.0,0.0
-1.2152749651828325,0.04839427607542089,0.039649252099945444,-0.9833485132825285,-1.2131096026229693,2.187080374788714,-0.6513847719133283,-0.08860193736949937,-0.3358111558318982,-0.4471555971420553,0.4660676658485398,0.7338466134910991,0.0,1.0,0.0,0.0,0.0,0.0,0.0,1.0,0.0,0.0,0.0,0.0,1.0,0.0,0.0,0.0,0.0,0.0,0.0,0.0,0.0,0.0,0.0,0.0,1.0,0.0,1.0,0.0,1.0
1.0267919220101493,1.922678937732838,0.14843671284708557,-0.7190926956363767,0.2564896134443697,-0.35418948698466474,-0.6513847719133283,0.7857592866716141,-0.3358111558318982,1.0504996330528433,-0.2697307749710189,0.07494954189415268,1.0,1.0,0.0,0.0,0.0,0.0,0.0,1.0,0.0,0.0,0.0,0.0,0.0,1.0,0.0,0.0,0.0,0.0,0.0,0.0,0.0,0.0,0.0,0.0,0.0,0.0,0.0,1.0,0.0
-1.3602842663445678,-0.0319322094241827,0.8510223968390326,0.22294903597242377,-1.3420785996123341,0.9164454439020248,0.4888949163375746,1.1355037762880595,-0.3358111558318982,-0.21606313929251106,0.27307135350242595,0.5691223455918625,0.0,0.0,1.0,0.0,0.0,0.0,0.0,1.0,0.0,0.0,0.0,0.0,1.0,0.0,0.0,0.0,0.0,0.0,0.0,0.0,0.0,0.0,0.0,0.0,1.0,0.0,1.0,0.0,1.0
1.1383375382884073,1.3871690344021474,-0.8233979364940335,-1.287948730569314,0.2072448037185231,-0.35418948698466474,0.4888949163375746,1.1355037762880595,1.4162470485084402,0.01636735856325956,-1.351314275410698,0.15731167584377098,1.0,0.0,0.0,0.0,0.0,0.0,0.0,1.0,0.0,0.0,0.0,0.0,0.0,1.0,0.0,0.0,0.0,0.0,0.0,0.0,0.0,0.0,0.0,0.0,0.0,0.0,0.0,0.0,0.0
0.46906384061886036,-0.35323815142259707,-1.0545712905817064,-1.3242586902458844,0.5582778370537826,-0.35418948698466474,-0.6513847719133283,0.9606315314798368,-0.3358111558318982,0.05534316906720772,-0.9934669462689452,0.40439807769262587,0.0,0.0,0.0,0.0,0.0,0.0,0.0,0.0,1.0,0.0,1.0,0.0,0.0,1.0,0.0,0.0,0.0,0.0,0.0,0.0,0.0,0.0,0.0,0.0,1.0,0.0,1.0,1.0,0.0
-0.08866424077242865,-0.5942176079214079,0.7449546226105708,1.3989882854969002,-0.25634229003081893,0.9164454439020248,0.4888949163375746,-0.7880909166023902,-0.3358111558318982,-0.5002887341634952,0.6751470042234962,-0.913396065501267,1.0,0.0,0.0,0.0,1.0,0.0,0.0,0.0,0.0,1.0,1.0,0.0,0.0,1.0,0.0,0.0,0.0,0.0,0.0,0.0,0.0,0.0,0.0,0.0,0.0,0.0,1.0,1.0,0.0
-0.06914375792373355,-0.8380245567098046,0.7812171095262844,2.524597035470585,-0.06379431334845975,-0.35418948698466474,0.4888949163375746,3.5837152036031767,-0.3358111558318982,-0.1169186910892232,1.5436304097810083,1.7221922208865188,1.0,0.0,0.0,0.0,0.0,1.0,0.0,0.0,0.0,1.0,0.0,0.0,0.0,0.0,0.0,0.0,0.0,0.0,0.0,1.0,0.0,0.0,0.0,0.0,0.0,1.0,0.0,1.0,0.0
2.2537937010709856,-1.831245484615303,13.204745126849692,3.577585866091128,2.743737831749272,-0.35418948698466474,-0.6513847719133283,-0.9629631614106129,-0.3358111558318982,-0.5580834299163043,1.286301993319523,-1.489931003148595,1.0,0.0,0.0,0.0,0.0,0.0,1.0,1.0,0.0,0.0,0.0,0.0,0.0,1.0,0.0,0.0,0.0,0.0,0.0,0.0,0.0,0.0,0.0,0.0,0.0,1.0,0.0,0.0,0.0
0.02288137550582915,-0.35323815142259707,-1.3437646237345209,0.40248161437324453,-0.3087082496688669,0.9164454439020248,0.4888949163375746,-1.1378354062188356,-0.3358111558318982,-0.3905262910720886,0.08409579766352308,-1.160482467350122,1.0,0.0,1.0,0.0,0.0,0.0,0.0,0.0,0.0,1.0,0.0,0.0,1.0,0.0,0.0,0.0,0.0,0.0,0.0,0.0,0.0,0.0,0.0,0.0,1.0,0.0,1.0,1.0,0.0
-1.0925747872767488,0.07516977124195542,0.8229189694793548,0.10191583705052229,-1.030888393551351,-0.35418948698466474,0.4888949163375746,3.2339707139867317,1.4162470485084402,1.2394222494158347,0.7917489429326068,2.051640756684992,0.0,0.0,1.0,0.0,0.0,0.0,0.0,1.0,0.0,0.0,0.0,0.0,1.0,0.0,0.0,0.0,0.0,0.0,0.0,0.0,0.0,0.0,0.0,0.0,0.0,0.0,1.0,0.0,1.0
0.5806094568971182,0.7177816552387841,-0.06188571126405216,-1.2980348304794724,0.6809274687888136,-0.35418948698466474,0.4888949163375746,-0.08860193736949937,-0.3358111558318982,0.23433839183561642,-0.9773839202401025,0.3220359437430076,0.0,0.0,0.0,0.0,0.0,0.0,0.0,1.0,0.0,0.0,0.0,1.0,1.0,0.0,0.0,0.0,0.0,0.0,0.0,0.0,0.0,0.0,0.0,0.0,0.0,0.0,0.0,1.0,0.0
-0.7579379384419755,0.7255197733419126,-1.1615456269830609,-0.18856384036204168,-0.6596256848592299,-0.35418948698466474,2.7694542928393804,-0.26347418217772206,1.4162470485084402,-0.11437209881930854,1.0651603854229343,0.3220359437430076,0.0,1.0,0.0,0.0,0.0,0.0,0.0,1.0,0.0,0.0,0.0,1.0,0.0,0.0,1.0,0.0,0.0,0.0,0.0,0.0,0.0,0.0,0.0,0.0,1.0,0.0,0.0,0.0,1.0
0.02288137550582915,-0.8485848120034859,1.0105773392681714,2.478200975883856,0.6232054617705678,-0.35418948698466474,-0.6513847719133283,1.485248265904505,-0.3358111558318982,-0.08217281350818414,-0.8245951729660957,0.6514844795414808,0.0,0.0,0.0,0.0,1.0,0.0,0.0,0.0,0.0,1.0,0.0,0.0,0.0,1.0,0.0,0.0,0.0,0.0,0.0,0.0,0.0,0.0,0.0,0.0,0.0,1.0,0.0,1.0,0.0
-1.0925747872767488,-0.6209931030879423,1.046839826183885,-1.4069647095091837,-1.0984362428857868,-0.35418948698466474,0.4888949163375746,0.6108870418633914,-0.3358111558318982,0.08098174208973842,-0.2697307749710189,0.15731167584377098,0.0,0.0,0.0,0.0,0.0,0.0,0.0,1.0,0.0,0.0,0.0,1.0,0.0,1.0,0.0,0.0,0.0,0.0,0.0,0.0,0.0,0.0,0.0,0.0,1.0,0.0,1.0,0.0,1.0
0.02288137550582915,0.8248836359049223,0.46664003553247047,-0.9833485132825285,0.13075736451210282,11.08152489099554,-0.6513847719133283,2.8842262243702863,-0.3358111558318982,-0.23587476390083023,1.3345510714060516,2.545813560382702,0.0,1.0,0.0,0.0,0.0,0.0,0.0,1.0,0.0,0.0,1.0,0.0,1.0,0.0,0.0,0.0,0.0,0.0,0.0,0.0,0.0,0.0,0.0,0.0,0.0,0.0,0.0,1.0,0.0
0.6921550731753761,0.001671037009818135,0.5255665767705049,0.32179281509197677,1.105943314857739,-0.35418948698466474,1.6291746045884776,-0.6132186717941674,-0.3358111558318982,-0.36937662645754304,-0.4747893568387645,-0.7486717976020304,0.0,0.0,1.0,0.0,0.0,0.0,0.0,0.0,0.0,1.0,1.0,0.0,1.0,0.0,0.0,0.0,0.0,0.0,0.0,0.0,0.0,0.0,0.0,0.0,0.0,0.0,1.0,1.0,0.0
0.02288137550582915,-0.08548319975725176,-0.4027530882717581,0.9955442890905617,0.404031379047082,-0.35418948698466474,-0.6513847719133283,-0.26347418217772206,-0.3358111558318982,0.08564330082110763,0.9364961771921918,0.07494954189415268,0.0,0.0,0.0,1.0,0.0,0.0,0.0,1.0,0.0,0.0,0.0,1.0,0.0,0.0,1.0,0.0,0.0,0.0,0.0,0.0,0.0,0.0,0.0,0.0,1.0,0.0,1.0,1.0,0.0
0.49695024468842486,1.5478220054013545,0.00791957604869609,2.570993095057314,0.5267966089270092,0.9164454439020248,1.6291746045884776,0.4360147970551687,-0.3358111558318982,-0.13685980344008042,0.13234487575005136,0.8985708813903357,1.0,0.0,0.0,0.0,0.0,0.0,1.0,1.0,0.0,0.0,1.0,0.0,0.0,0.0,1.0,0.0,0.0,0.0,0.0,0.0,0.0,0.0,0.0,0.0,1.0,0.0,0.0,1.0,0.0
-0.9531427669289266,-1.0627887733357622,0.47751878160718453,0.2834656354333747,-0.8567975873374432,-0.35418948698466474,-0.6513847719133283,0.26114255224694605,-0.3358111558318982,-0.49653358962989225,1.9256022779660251,-0.08977472600508395,0.0,0.0,1.0,0.0,0.0,0.0,0.0,0.0,0.0,1.0,1.0,0.0,0.0,1.0,0.0,0.0,0.0,0.0,0.0,0.0,0.0,0.0,0.0,0.0,0.0,1.0,0.0,0.0,1.0
0.37425006678234124,-0.754870578920615,0.3995544347384008,0.5114114934029558,0.759380076458472,-0.35418948698466474,-0.6513847719133283,0.26114255224694605,-0.3358111558318982,-0.2650095059718878,0.5987526305864932,-0.17213685995470224,0.0,0.0,0.0,1.0,0.0,0.0,0.0,0.0,0.0,1.0,1.0,0.0,0.0,1.0,0.0,0.0,0.0,0.0,0.0,0.0,0.0,0.0,0.0,0.0,0.0,1.0,0.0,1.0,0.0
0.02288137550582915,2.324311365230856,-0.9149607159562099,-1.0398306727794158,0.12328201780880532,-0.35418948698466474,0.4888949163375746,-0.26347418217772206,-0.3358111558318982,-0.05010301593959778,0.8922678556128744,-0.5015853957531755,0.0,0.0,0.0,0.0,0.0,0.0,0.0,0.0,0.0,1.0,1.0,0.0,1.0,0.0,0.0,0.0,0.0,0.0,0.0,0.0,0.0,0.0,0.0,0.0,0.0,0.0,0.0,1.0,0.0
-0.31175547332894427,-1.156503006418633,-0.05463321388090964,-0.9268663537856409,-0.22647943593259434,-0.35418948698466474,0.4888949163375746,-0.7880909166023902,-0.3358111558318982,-0.3026041138887636,-0.07271370611769425,-0.5839475297027937,0.0,0.0,0.0,0.0,0.0,0.0,0.0,0.0,1.0,0.0,1.0,0.0,1.0,0.0,0.0,0.0,0.0,0.0,0.0,0.0,0.0,0.0,0.0,0.0,1.0,1.0,0.0,1.0,0.0
1.0267919220101493,2.324311365230856,-0.9956447493436722,-0.5173706974332074,1.3200696119207507,2.187080374788714,-0.6513847719133283,-1.3127076510270583,-0.3358111558318982,0.7696407194878481,0.9445376902066134,-0.5015853957531755,0.0,1.0,0.0,0.0,0.0,0.0,0.0,1.0,0.0,0.0,0.0,1.0,0.0,1.0,0.0,0.0,0.0,0.0,0.0,0.0,0.0,0.0,0.0,0.0,1.0,0.0,0.0,1.0,0.0
1.0825647301492782,-0.2729116659229935,0.9335195545722806,-0.4326474581878763,0.3631096357537729,-0.35418948698466474,0.4888949163375746,0.4360147970551687,-0.3358111558318982,-0.4001947091815951,-1.5322483182351794,0.40439807769262587,1.0,1.0,0.0,0.0,0.0,0.0,0.0,1.0,0.0,0.0,0.0,0.0,1.0,0.0,0.0,0.0,0.0,0.0,0.0,0.0,0.0,0.0,0.0,0.0,0.0,0.0,1.0,1.0,0.0
-0.8694835547202333,1.2532915585694748,-0.5206061707478267,-0.15427110066750294,-0.7856276627962551,-0.35418948698466474,-0.6513847719133283,0.7857592866716141,-0.3358111558318982,0.8585124734497852,-0.5793290260262428,0.5691223455918625,0.0,0.0,1.0,0.0,0.0,0.0,0.0,1.0,0.0,0.0,0.0,0.0,0.0,0.0,0.0,0.0,0.0,1.0,0.0,0.0,0.0,0.0,0.0,0.0,1.0,0.0,0.0,0.0,1.0
1.0267919220101493,-0.08548319975725176,-0.3130034331553674,0.4549293339060685,0.5298792261242451,-0.35418948698466474,0.4888949163375746,-0.08860193736949937,-0.3358111558318982,0.19182324970229533,1.0892849244661984,1.1456572832391907,1.0,0.0,1.0,0.0,0.0,0.0,0.0,1.0,0.0,0.0,0.0,1.0,0.0,1.0,0.0,0.0,0.0,0.0,0.0,0.0,0.0,0.0,0.0,0.0,1.0,0.0,1.0,1.0,0.0
-0.7579379384419755,-1.2903804822513056,-0.7853223252325344,-0.5173706974332074,-0.6834774354228441,0.9164454439020248,-0.6513847719133283,-0.9629631614106129,-0.3358111558318982,-0.3982092304626786,-0.9050103031103098,-0.6663096636524121,0.0,1.0,0.0,0.0,0.0,0.0,0.0,0.0,0.0,1.0,1.0,0.0,1.0,0.0,0.0,0.0,0.0,0.0,0.0,0.0,0.0,0.0,0.0,0.0,0.0,1.0,0.0,0.0,1.0
1.0267919220101493,-0.5674421127548733,0.36963788303293743,1.197266287293731,0.7131793512148962,-0.35418948698466474,0.4888949163375746,0.26114255224694605,-0.3358111558318982,0.3179443109343402,0.019763693548151794,-0.0074125920554656355,1.0,0.0,0.0,1.0,0.0,0.0,0.0,0.0,0.0,1.0,1.0,0.0,1.0,0.0,0.0,0.0,0.0,0.0,0.0,0.0,0.0,0.0,0.0,0.0,0.0,0.0,1.0,1.0,0.0
1.4283561406118777,0.04839427607542089,1.2480966285660942,-0.4871123977027319,0.6079850393592144,2.187080374788714,-0.6513847719133283,0.9606315314798368,-0.3358111558318982,0.44587820056191757,0.19667697986542265,1.6398300869369005,1.0,1.0,0.0,0.0,0.0,0.0,0.0,1.0,0.0,0.0,0.0,0.0,1.0,0.0,0.0,0.0,0.0,0.0,0.0,0.0,0.0,0.0,0.0,0.0,0.0,0.0,1.0,0.0,0.0
-0.31175547332894427,2.4581888410635284,-0.1788322315672278,-0.08770284126045706,-0.13573489218895698,-0.35418948698466474,1.6291746045884776,3.933459693219622,-0.3358111558318982,1.2888865670653635,0.4379223702980648,4.193056239375068,0.0,0.0,1.0,0.0,0.0,0.0,0.0,1.0,0.0,0.0,1.0,0.0,1.0,0.0,0.0,0.0,0.0,0.0,0.0,0.0,0.0,0.0,0.0,0.0,0.0,0.0,0.0,1.0,0.0
-0.6463923221637177,2.4581888410635284,-0.875978542521818,-1.4009130495630886,-0.6285297838821109,-0.35418948698466474,-0.6513847719133283,0.26114255224694605,-0.3358111558318982,-0.38694379686186964,-1.6207049613938147,-0.8310339315516487,0.0,0.0,0.0,0.0,0.0,0.0,0.0,1.0,0.0,0.0,1.0,0.0,0.0,1.0,0.0,0.0,0.0,0.0,0.0,0.0,0.0,0.0,0.0,0.0,1.0,0.0,0.0,0.0,1.0
1.0267919220101493,2.4581888410635284,-1.5323295556962302,-1.0418478927614476,0.1850114271834579,-0.35418948698466474,-0.6513847719133283,-0.9629631614106129,-0.3358111558318982,-0.18917285142544604,-1.335231249381855,0.5691223455918625,1.0,0.0,0.0,0.0,0.0,0.0,0.0,0.0,1.0,0.0,0.0,1.0,0.0,0.0,1.0,0.0,0.0,0.0,0.0,0.0,0.0,0.0,0.0,0.0,0.0,0.0,0.0,1.0,0.0
1.2638263566014474,0.3161492277407662,0.4566678516306493,-0.9833485132825285,0.36457387892246007,-0.35418948698466474,-0.6513847719133283,0.9606315314798368,-0.3358111558318982,-0.42604909510835587,-1.1140896414852663,1.5574679529872821,1.0,1.0,0.0,0.0,0.0,0.0,0.0,1.0,0.0,0.0,0.0,1.0,0.0,1.0,0.0,0.0,0.0,0.0,0.0,0.0,0.0,0.0,0.0,0.0,1.0,0.0,1.0,0.0,0.0
1.1383375382884073,2.083331908732045,-1.0391597336425282,-0.7291787955465352,0.33505781925892464,-0.35418948698466474,0.4888949163375746,4.632948672452513,1.4162470485084402,-0.3514641554064484,-1.7895767346966645,2.298727158533847,1.0,1.0,0.0,0.0,0.0,0.0,0.0,1.0,0.0,0.0,0.0,0.0,0.0,0.0,0.0,0.0,0.0,0.0,0.0,0.0,0.0,1.0,0.0,0.0,1.0,0.0,0.0,0.0,0.0
-1.3714388279723935,-1.0761765209190293,0.6135031075411098,-0.31564869923003813,-1.3676643223493936,-0.35418948698466474,-0.6513847719133283,-0.4383464269859448,-0.3358111558318982,-0.4582052178386342,1.028973576858038,0.2396738097933893,0.0,1.0,0.0,0.0,0.0,0.0,0.0,1.0,0.0,0.0,0.0,1.0,0.0,1.0,0.0,0.0,0.0,0.0,0.0,0.0,0.0,0.0,0.0,0.0,0.0,1.0,0.0,0.0,1.0
-0.9782405305915347,-0.9958500354194257,0.8637142672595324,-0.731196015528567,-0.9423402145607446,-0.35418948698466474,-0.6513847719133283,-0.4383464269859448,-0.3358111558318982,-0.09011472838385022,-0.41849876573781475,-0.5015853957531755,0.0,1.0,0.0,0.0,0.0,0.0,0.0,1.0,0.0,0.0,0.0,0.0,0.0,1.0,0.0,0.0,0.0,0.0,0.0,0.0,0.0,0.0,0.0,0.0,0.0,1.0,0.0,0.0,1.0
1.0267919220101493,0.5839041794061115,0.6280081023073951,-0.6666449761035527,1.2878947949245991,-0.35418948698466474,1.6291746045884776,0.4360147970551687,3.1683052528487785,1.3578603712572894,0.5464827959927536,0.8985708813903357,0.0,1.0,0.0,0.0,0.0,0.0,0.0,1.0,0.0,0.0,1.0,0.0,0.0,1.0,0.0,0.0,0.0,0.0,0.0,0.0,0.0,0.0,0.0,0.0,1.0,0.0,1.0,1.0,0.0
0.02288137550582915,2.4581888410635284,-0.3737430987391873,-1.0418478927614476,0.12301228880404719,-0.35418948698466474,0.4888949163375746,2.7093539795620636,1.4162470485084402,-0.2008267482538691,-1.30708595383138,1.7221922208865188,0.0,0.0,0.0,0.0,0.0,0.0,0.0,1.0,0.0,0.0,0.0,0.0,0.0,0.0,1.0,0.0,0.0,0.0,0.0,0.0,0.0,0.0,0.0,0.0,1.0,0.0,0.0,1.0,0.0
1.6960656196796964,0.20904724707462807,0.28260791443522515,0.39037829448105427,1.0642123845501552,-0.35418948698466474,1.6291746045884776,0.6108870418633914,-0.3358111558318982,0.961239415863292,-0.13704581023306556,0.4867602116422442,1.0,0.0,1.0,0.0,0.0,0.0,0.0,1.0,0.0,0.0,0.0,1.0,1.0,0.0,0.0,0.0,0.0,0.0,0.0,0.0,0.0,0.0,0.0,0.0,1.0,0.0,1.0,0.0,0.0
-1.0925747872767488,-0.6209931030879423,1.242657255528737,0.1241052568528708,-1.0298865429622492,0.9164454439020248,0.4888949163375746,-0.08860193736949937,-0.3358111558318982,-0.3217251372035466,-0.917072572631942,0.3220359437430076,0.0,0.0,1.0,0.0,0.0,0.0,0.0,1.0,0.0,0.0,1.0,0.0,0.0,0.0,1.0,0.0,0.0,0.0,0.0,0.0,0.0,0.0,0.0,0.0,1.0,0.0,1.0,0.0,1.0
0.5806094568971182,-0.6209931030879423,-0.49612899207972017,1.1266635879226221,0.2986058709016078,-0.35418948698466474,0.4888949163375746,-0.7880909166023902,-0.3358111558318982,0.26891161909327144,1.5556926793026402,-0.4192232618035572,1.0,0.0,0.0,0.0,1.0,0.0,0.0,0.0,0.0,1.0,0.0,1.0,1.0,0.0,0.0,0.0,0.0,0.0,0.0,0.0,0.0,0.0,0.0,0.0,0.0,0.0,1.0,1.0,0.0
-0.31175547332894427,-1.0226255305859604,-0.6792545510040728,-0.31564869923003813,-0.16070409148656914,-0.35418948698466474,-0.6513847719133283,-0.7880909166023902,-0.3358111558318982,-0.22551574449778752,0.7756659169037637,-0.17213685995470224,0.0,1.0,0.0,0.0,0.0,0.0,0.0,1.0,0.0,0.0,1.0,0.0,0.0,1.0,0.0,0.0,0.0,0.0,0.0,0.0,0.0,0.0,0.0,0.0,1.0,1.0,0.0,1.0,0.0
-0.5348467058854599,2.0565564135655108,0.6860280813725367,-0.6000767166965068,-0.44049013485070954,-0.35418948698466474,-0.6513847719133283,-0.08860193736949937,-0.3358111558318982,1.0306880084445242,1.764772017677597,0.3220359437430076,0.0,1.0,0.0,0.0,0.0,0.0,0.0,1.0,0.0,0.0,0.0,0.0,0.0,1.0,0.0,0.0,0.0,0.0,0.0,0.0,0.0,0.0,0.0,0.0,1.0,0.0,0.0,1.0,0.0
0.5806094568971182,0.18227175190809353,1.0006051553663502,-0.41650969833162277,0.8373702915485446,-0.35418948698466474,-0.6513847719133283,0.4360147970551687,-0.3358111558318982,-0.1256806950009635,0.5625658220215967,-0.17213685995470224,0.0,1.0,0.0,0.0,0.0,0.0,0.0,0.0,0.0,1.0,1.0,0.0,0.0,1.0,0.0,0.0,0.0,0.0,0.0,0.0,0.0,0.0,0.0,0.0,0.0,0.0,1.0,1.0,0.0
-0.7579379384419755,2.4581888410635284,-0.24591783236129774,1.580538083879753,-0.5256474349243565,0.9164454439020248,-0.6513847719133283,1.3103760210962823,-0.3358111558318982,0.30495237409969084,0.08007504115631234,2.051640756684992,0.0,0.0,0.0,1.0,0.0,0.0,0.0,0.0,0.0,1.0,0.0,1.0,0.0,0.0,0.0,0.0,0.0,0.0,0.0,0.0,0.0,0.0,1.0,0.0,0.0,0.0,0.0,0.0,1.0
0.5806094568971182,0.036505956221479556,0.5201272037331477,0.7776845310311392,0.22627996491145594,-0.35418948698466474,0.4888949163375746,3.2339707139867317,-0.3358111558318982,0.8032643699668908,-1.0135707288049987,1.7221922208865188,1.0,0.0,1.0,0.0,0.0,0.0,0.0,1.0,0.0,0.0,0.0,0.0,0.0,0.0,0.0,0.0,0.0,0.0,0.0,0.0,0.0,1.0,0.0,0.0,1.0,0.0,1.0,1.0,0.0
0.3575182243406026,-0.19258518042338987,1.6134411842419067,-1.0418478927614476,0.48468035146977095,-0.35418948698466474,-0.6513847719133283,0.4360147970551687,-0.3358111558318982,1.1235738824251404,0.9565999597282454,-0.0074125920554656355,0.0,0.0,0.0,0.0,0.0,0.0,0.0,1.0,0.0,0.0,0.0,0.0,1.0,0.0,0.0,0.0,0.0,0.0,0.0,0.0,0.0,0.0,0.0,0.0,1.0,0.0,1.0,1.0,0.0
2.594704990821411,0.9855366069041295,-0.8850441642507463,-0.25311487978705555,1.727745736255223,-0.35418948698466474,-0.6513847719133283,-1.1378354062188356,1.4162470485084402,-0.2242208670724072,-0.22952320989891187,-0.913396065501267,1.0,1.0,0.0,0.0,0.0,0.0,0.0,0.0,0.0,1.0,0.0,0.0,0.0,1.0,0.0,0.0,0.0,0.0,0.0,0.0,0.0,0.0,0.0,0.0,1.0,0.0,0.0,0.0,0.0
2.2537937010709856,0.7392020513720118,-1.4326077166780187,-0.01508292190731589,1.3819146194402996,-0.35418948698466474,-0.6513847719133283,-1.487579895835281,-0.3358111558318982,-0.38215275038796237,-0.47076860033155404,-0.913396065501267,1.0,1.0,0.0,0.0,0.0,0.0,0.0,1.0,0.0,0.0,1.0,0.0,0.0,1.0,0.0,0.0,0.0,0.0,0.0,0.0,0.0,0.0,0.0,0.0,1.0,0.0,0.0,0.0,0.0
0.5806094568971182,-0.5674421127548733,-0.03650197042305268,-0.5496462171457145,0.813364410125069,-0.35418948698466474,0.4888949163375746,2.3596094899456186,-0.3358111558318982,0.14706365336498164,-0.3018968270287044,0.3220359437430076,0.0,1.0,0.0,0.0,0.0,0.0,0.0,1.0,0.0,0.0,0.0,0.0,0.0,1.0,0.0,0.0,0.0,0.0,0.0,0.0,0.0,0.0,0.0,0.0,0.0,0.0,1.0,1.0,0.0
-0.9838178114054476,-0.28563002612709737,0.5364453228452191,0.9108210498452309,-0.8578765033564758,-0.35418948698466474,0.4888949163375746,0.9606315314798368,-0.3358111558318982,0.35372609045568354,0.9123716381489279,2.957624230130793,0.0,0.0,0.0,1.0,0.0,0.0,0.0,0.0,0.0,1.0,0.0,0.0,0.0,1.0,0.0,0.0,0.0,0.0,0.0,0.0,0.0,0.0,0.0,0.0,0.0,0.0,1.0,0.0,1.0
-0.579464952396763,-0.8887480547532877,1.4493534309483034,1.0883364082640197,-0.33957295435619317,-0.35418948698466474,-0.6513847719133283,0.08627030743872333,-0.3358111558318982,0.2526824886951712,1.5556926793026402,-0.4192232618035572,0.0,0.0,0.0,1.0,0.0,0.0,0.0,1.0,0.0,0.0,0.0,0.0,1.0,0.0,0.0,0.0,0.0,0.0,0.0,0.0,0.0,0.0,0.0,0.0,0.0,1.0,0.0,0.0,1.0
0.943132709801456,-0.7147073361708132,1.753958321040296,-0.6666449761035527,1.1949924191428964,-0.35418948698466474,-0.6513847719133283,4.283204182836068,-0.3358111558318982,0.6114498606872167,-1.198525528136691,3.204710631979648,0.0,1.0,0.0,0.0,0.0,0.0,0.0,0.0,1.0,0.0,0.0,0.0,0.0,1.0,0.0,0.0,0.0,0.0,0.0,0.0,0.0,0.0,0.0,0.0,1.0,1.0,0.0,1.0,0.0
0.02288137550582915,-0.08548319975725176,-1.0790484692498128,-0.15427110066750294,0.24250223791191097,-0.35418948698466474,-0.6513847719133283,-0.6132186717941674,-0.3358111558318982,-0.038967070081326875,0.20873924938705493,-0.9957581994508853,0.0,0.0,1.0,0.0,0.0,0.0,0.0,0.0,0.0,1.0,1.0,0.0,0.0,1.0,0.0,0.0,0.0,0.0,0.0,0.0,0.0,0.0,0.0,0.0,0.0,0.0,1.0,1.0,0.0
1.1383375382884073,-0.0319322094241827,0.7304496278442855,0.19672517620601163,0.5576998463293009,-0.35418948698466474,0.4888949163375746,-0.6132186717941674,-0.3358111558318982,0.24681237770011366,1.5275473837521651,-0.08977472600508395,1.0,0.0,1.0,0.0,0.0,0.0,0.0,1.0,0.0,0.0,0.0,1.0,0.0,1.0,0.0,0.0,0.0,0.0,0.0,0.0,0.0,0.0,0.0,0.0,1.0,0.0,1.0,0.0,0.0
-0.4233010896072021,-0.6584787963210907,-0.6828807996956441,-0.2147877001284535,-0.2776508814067133,-0.35418948698466474,-0.6513847719133283,-0.26347418217772206,1.4162470485084402,-0.7228350010055292,-2.05092590766536,-0.5839475297027937,0.0,1.0,0.0,0.0,0.0,0.0,0.0,1.0,0.0,0.0,0.0,1.0,0.0,1.0,0.0,0.0,0.0,0.0,0.0,0.0,0.0,0.0,0.0,0.0,0.0,1.0,0.0,1.0,0.0
0.02288137550582915,-0.9422990450863568,0.5509503176115044,-0.4326474581878763,0.20454751367094157,0.9164454439020248,-0.6513847719133283,-1.1378354062188356,-0.3358111558318982,-0.33804059276333887,0.6831885172379177,-0.9957581994508853,0.0,1.0,0.0,0.0,0.0,0.0,0.0,0.0,0.0,1.0,0.0,0.0,0.0,1.0,0.0,0.0,0.0,0.0,0.0,0.0,0.0,0.0,0.0,0.0,1.0,1.0,0.0,1.0,0.0
2.2537937010709856,2.0565564135655108,-0.45986650516400673,0.5921002926842235,3.055506028534736,-0.35418948698466474,-0.6513847719133283,-0.9629631614106129,-0.3358111558318982,0.443720071519617,0.48617144838459336,-0.8310339315516487,0.0,0.0,0.0,1.0,0.0,0.0,0.0,0.0,0.0,1.0,0.0,1.0,0.0,1.0,0.0,0.0,0.0,0.0,0.0,0.0,0.0,0.0,0.0,0.0,0.0,0.0,0.0,0.0,0.0
-1.0925747872767488,-1.2314743928849297,0.9045095650397099,0.20681127611617023,-1.026033271465704,-0.35418948698466474,-0.6513847719133283,-1.487579895835281,-0.3358111558318982,-0.41154646794409605,0.6831885172379177,-1.489931003148595,0.0,0.0,1.0,0.0,0.0,0.0,0.0,0.0,0.0,1.0,0.0,1.0,1.0,0.0,0.0,0.0,0.0,0.0,0.0,0.0,0.0,0.0,0.0,0.0,0.0,1.0,0.0,0.0,1.0
0.2236634848066932,1.2532915585694748,-0.1978700371979774,1.047992008623386,-0.03262134694140992,0.9164454439020248,-0.6513847719133283,-0.7880909166023902,-0.3358111558318982,-0.3434359153690903,1.6682738615045398,-0.8310339315516487,1.0,0.0,0.0,0.0,1.0,0.0,0.0,1.0,0.0,0.0,0.0,1.0,0.0,1.0,0.0,0.0,0.0,0.0,0.0,0.0,0.0,0.0,0.0,0.0,1.0,0.0,0.0,1.0,0.0
-0.5348467058854599,-0.5674421127548733,0.43581692165411406,0.515445933367019,-0.33799311304260976,-0.35418948698466474,0.4888949163375746,-0.9629631614106129,-0.3358111558318982,-0.499425482546575,0.6188564131225467,-1.2428446012997403,0.0,0.0,1.0,0.0,0.0,0.0,0.0,0.0,0.0,1.0,0.0,0.0,0.0,1.0,0.0,0.0,0.0,0.0,0.0,0.0,0.0,0.0,0.0,0.0,1.0,0.0,1.0,1.0,0.0
-0.5348467058854599,-1.0344067484592354,1.2127407038232736,1.8750522012563802,-0.6133478941857232,-0.35418948698466474,-0.6513847719133283,-0.08860193736949937,1.4162470485084402,-0.3529316831552128,0.4821506918773826,-0.5839475297027937,1.0,0.0,0.0,0.0,1.0,0.0,0.0,1.0,0.0,0.0,1.0,0.0,1.0,0.0,0.0,0.0,0.0,0.0,0.0,0.0,0.0,0.0,0.0,0.0,0.0,1.0,0.0,1.0,0.0
0.4132910324797315,-0.35323815142259707,-0.21600128065583404,-0.01306570192528424,-0.0636787152035635,-0.35418948698466474,-0.6513847719133283,-0.7880909166023902,-0.3358111558318982,0.14352432173560872,1.459194523129583,-0.4192232618035572,1.0,0.0,1.0,0.0,0.0,0.0,0.0,1.0,0.0,0.0,0.0,0.0,1.0,0.0,0.0,0.0,0.0,0.0,0.0,0.0,0.0,0.0,0.0,0.0,0.0,0.0,1.0,1.0,0.0
-0.7579379384419755,-0.9690745402528912,-1.166985000020418,-0.08770284126045706,-0.6522659363008289,-0.35418948698466474,-0.6513847719133283,0.4360147970551687,-0.3358111558318982,-0.49316690832390336,0.06801277163468034,-0.5839475297027937,0.0,0.0,1.0,0.0,0.0,0.0,0.0,1.0,0.0,0.0,1.0,0.0,0.0,0.0,0.0,0.0,0.0,0.0,0.0,1.0,0.0,0.0,0.0,0.0,0.0,1.0,0.0,0.0,1.0
1.2833468394501424,-0.5138911224218042,0.28623416312679645,0.4004643943912125,0.7277447174718366,-0.35418948698466474,-0.6513847719133283,-1.1378354062188356,-0.3358111558318982,-0.5307183536599331,0.16049017130052637,-0.0074125920554656355,1.0,0.0,1.0,0.0,0.0,0.0,0.0,0.0,0.0,1.0,1.0,0.0,0.0,1.0,0.0,0.0,0.0,0.0,0.0,0.0,0.0,0.0,0.0,0.0,1.0,0.0,1.0,0.0,0.0
-0.6463923221637177,-0.21936067558992442,0.051434560347552206,-0.7836437350613908,-0.5797088340208844,0.9164454439020248,0.4888949163375746,0.7857592866716141,-0.3358111558318982,-0.13673031569754238,0.5505035524999646,0.8162087474407175,0.0,1.0,0.0,0.0,0.0,0.0,0.0,1.0,0.0,0.0,0.0,1.0,0.0,1.0,0.0,0.0,0.0,0.0,0.0,0.0,0.0,0.0,0.0,0.0,1.0,0.0,1.0,0.0,1.0
0.02288137550582915,1.3336180440690784,-1.1579193782914896,0.85030445038428,0.38318518025077264,-0.35418948698466474,-0.6513847719133283,-0.26347418217772206,-0.3358111558318982,-0.1472188228431231,0.8641225600623993,-0.5015853957531755,0.0,0.0,1.0,0.0,0.0,0.0,0.0,1.0,0.0,0.0,0.0,0.0,0.0,0.0,0.0,0.0,0.0,0.0,0.0,1.0,0.0,0.0,0.0,0.0,0.0,0.0,0.0,1.0,0.0
-0.5348467058854599,-0.8887480547532877,-0.058259462572480894,0.9693204293241499,-0.7097182143143164,-0.35418948698466474,0.4888949163375746,0.08627030743872333,-0.3358111558318982,-0.3513778302447564,-1.2186293106727446,-0.6663096636524121,1.0,0.0,0.0,1.0,0.0,0.0,0.0,0.0,0.0,1.0,1.0,0.0,1.0,0.0,0.0,0.0,0.0,0.0,0.0,0.0,0.0,0.0,0.0,0.0,1.0,1.0,0.0,1.0,0.0
1.325176445554489,-0.0627240288656974,0.4557612894577567,2.726319033673754,1.426959363234912,-0.35418948698466474,-0.6513847719133283,0.08627030743872333,1.4162470485084402,-0.20497035601508617,1.020932063843617,-0.17213685995470224,1.0,0.0,0.0,0.0,0.0,1.0,0.0,1.0,0.0,0.0,0.0,0.0,0.0,0.0,1.0,0.0,0.0,0.0,0.0,0.0,0.0,0.0,0.0,0.0,1.0,0.0,1.0,0.0,0.0
-0.5348467058854599,-1.156503006418633,0.6234752914429309,-0.3196831391941014,-0.4151741411184082,-0.35418948698466474,-0.6513847719133283,-0.9629631614106129,-0.3358111558318982,-0.12429949241389113,0.7636036473821317,-1.0781203334005036,0.0,1.0,0.0,0.0,0.0,0.0,0.0,1.0,0.0,0.0,0.0,1.0,0.0,1.0,0.0,0.0,0.0,0.0,0.0,0.0,0.0,0.0,0.0,0.0,1.0,1.0,0.0,1.0,0.0
-1.0925747872767488,-0.8566174605534462,1.045933264010992,0.9915098491264984,-0.9890418650988713,-0.35418948698466474,-0.6513847719133283,-0.4383464269859448,1.4162470485084402,-0.21856656898157972,-0.7401592863146709,-0.08977472600508395,0.0,0.0,0.0,1.0,0.0,0.0,0.0,0.0,0.0,1.0,1.0,0.0,0.0,0.0,1.0,0.0,0.0,0.0,0.0,0.0,0.0,0.0,0.0,0.0,1.0,1.0,0.0,0.0,1.0
0.3575182243406026,0.9855366069041295,-0.3828087204681158,-1.287948730569314,0.4458779074995619,-0.35418948698466474,-0.6513847719133283,-0.08860193736949937,-0.3358111558318982,0.6442102595493393,-0.4747893568387645,0.15731167584377098,0.0,0.0,0.0,0.0,0.0,0.0,0.0,1.0,0.0,0.0,0.0,0.0,0.0,1.0,0.0,0.0,0.0,0.0,0.0,0.0,0.0,0.0,0.0,0.0,0.0,0.0,0.0,1.0,0.0
-0.9531427669289266,-1.156503006418633,-0.1815519180859064,-0.01306570192528424,-1.1374313504308233,-0.35418948698466474,-0.6513847719133283,-0.7880909166023902,-0.3358111558318982,-0.568356124157655,0.8279357514975028,-1.0781203334005036,1.0,0.0,1.0,0.0,0.0,0.0,0.0,1.0,0.0,0.0,1.0,0.0,0.0,1.0,0.0,0.0,0.0,0.0,0.0,0.0,0.0,0.0,0.0,0.0,0.0,1.0,0.0,0.0,1.0
-1.3714388279723935,-1.3840947153341765,1.1411222921647397,-1.0216756929411306,-1.3834627354852287,-0.35418948698466474,-0.6513847719133283,-0.9629631614106129,-0.3358111558318982,-0.6460487696804752,-1.4839992401486508,-1.2428446012997403,0.0,0.0,0.0,0.0,0.0,0.0,0.0,0.0,0.0,1.0,0.0,1.0,0.0,1.0,0.0,0.0,0.0,0.0,0.0,0.0,0.0,0.0,0.0,0.0,0.0,1.0,0.0,0.0,1.0
-0.31175547332894427,1.1461895779033366,-0.7644713952559993,-1.2798798506411873,-0.2636635058742546,0.9164454439020248,-0.6513847719133283,-0.7880909166023902,-0.3358111558318982,-0.5406025846736697,-1.6207049613938147,-0.7486717976020304,0.0,0.0,0.0,0.0,0.0,0.0,0.0,0.0,0.0,1.0,1.0,0.0,0.0,1.0,0.0,0.0,0.0,0.0,0.0,0.0,0.0,0.0,0.0,0.0,1.0,0.0,0.0,1.0,0.0
0.5806094568971182,-0.6239384075562612,1.01329702578685,0.2834656354333747,0.12632610229107583,-0.35418948698466474,-0.6513847719133283,2.3596094899456186,-0.3358111558318982,-0.08092109866364981,0.44194312680527553,1.3927436850880455,1.0,0.0,1.0,0.0,0.0,0.0,0.0,1.0,0.0,0.0,1.0,0.0,0.0,1.0,0.0,0.0,0.0,0.0,0.0,0.0,0.0,0.0,0.0,0.0,0.0,1.0,0.0,1.0,0.0
-1.0925747872767488,0.4500267035734388,-0.8768851046947108,0.7050646116779984,-1.002682446196641,-0.35418948698466474,0.4888949163375746,-0.6132186717941674,-0.3358111558318982,-0.0689650637693047,0.08007504115631234,-0.8310339315516487,0.0,0.0,0.0,1.0,0.0,0.0,0.0,0.0,1.0,0.0,1.0,0.0,0.0,0.0,0.0,0.0,0.0,0.0,0.0,0.0,0.0,1.0,0.0,0.0,1.0,0.0,1.0,0.0,1.0
-1.0591111023932716,-0.7816460740871496,-0.8551276125452827,-0.6020939366785385,-1.0256094116010843,-0.35418948698466474,-0.6513847719133283,-0.7880909166023902,1.4162470485084402,-0.5143165729384489,-0.5793290260262428,0.2396738097933893,0.0,1.0,0.0,0.0,0.0,0.0,0.0,1.0,0.0,0.0,0.0,0.0,0.0,1.0,0.0,0.0,0.0,0.0,0.0,0.0,0.0,0.0,0.0,0.0,0.0,1.0,0.0,0.0,1.0
-0.6463923221637177,-0.42820953788889377,-0.1652337989738354,-0.07358230138623516,-0.5219482942876731,-0.35418948698466474,2.7694542928393804,-0.6132186717941674,-0.3358111558318982,-0.44055172227261563,1.4471322536079512,-1.2428446012997403,0.0,0.0,1.0,0.0,0.0,0.0,0.0,0.0,0.0,1.0,0.0,0.0,0.0,1.0,0.0,0.0,0.0,0.0,0.0,0.0,0.0,0.0,0.0,0.0,0.0,0.0,1.0,0.0,1.0
1.1941103464275362,-0.5674421127548733,0.3279360230798669,-0.8562636544145317,1.430658503871595,0.9164454439020248,-0.6513847719133283,0.26114255224694605,-0.3358111558318982,0.4428136573218508,-0.5712875130118216,-0.0074125920554656355,0.0,0.0,0.0,0.0,0.0,0.0,0.0,1.0,0.0,0.0,0.0,1.0,0.0,1.0,0.0,0.0,0.0,0.0,0.0,0.0,0.0,0.0,0.0,0.0,0.0,0.0,1.0,0.0,0.0
-1.0925747872767488,-1.6763760205720675,-0.5468964737617188,-0.9813312933004968,-1.079824941557474,-0.35418948698466474,-0.6513847719133283,-1.487579895835281,-0.3358111558318982,-0.5720249435295659,0.07605428464910158,-1.3252067352493586,0.0,0.0,0.0,0.0,0.0,0.0,0.0,0.0,1.0,0.0,0.0,0.0,1.0,0.0,0.0,0.0,0.0,0.0,0.0,0.0,0.0,0.0,0.0,0.0,0.0,1.0,0.0,0.0,1.0
1.6960656196796964,2.4581888410635284,-0.9040819698814959,-1.150777771791159,1.9026071967684401,-0.35418948698466474,0.4888949163375746,3.7585874484113995,-0.3358111558318982,1.2480116030041908,-0.8165536599516744,2.710537828281938,0.0,0.0,0.0,0.0,0.0,0.0,0.0,1.0,0.0,0.0,1.0,0.0,1.0,0.0,0.0,0.0,0.0,0.0,0.0,0.0,0.0,0.0,0.0,0.0,1.0,0.0,0.0,0.0,0.0
-0.24482810356198959,0.3161492277407662,0.6252884157887165,-1.4170508094193424,-0.2075984055995232,-0.35418948698466474,-0.6513847719133283,0.6108870418633914,-0.3358111558318982,0.42494434885160215,0.8319565080047138,1.7221922208865188,0.0,0.0,0.0,0.0,0.0,0.0,0.0,1.0,0.0,0.0,0.0,0.0,1.0,0.0,0.0,0.0,0.0,0.0,0.0,0.0,0.0,0.0,0.0,0.0,1.0,0.0,1.0,1.0,0.0
2.2537937010709856,0.7713326455718532,0.9833804740813866,0.025261477733317817,2.8705489967005713,-0.35418948698466474,-0.6513847719133283,3.059098469178509,-0.3358111558318982,1.245076547506662,-0.2496269924349654,2.298727158533847,0.0,0.0,1.0,0.0,0.0,0.0,0.0,1.0,0.0,0.0,1.0,0.0,0.0,1.0,0.0,0.0,0.0,0.0,0.0,0.0,0.0,0.0,0.0,0.0,1.0,0.0,0.0,0.0,0.0
-0.20020985705068647,-1.0761765209190293,-0.4716518134116135,0.7776845310311392,0.09842841665608941,-0.35418948698466474,-0.6513847719133283,-1.487579895835281,-0.3358111558318982,-0.4257901196232798,0.14440714527168363,-0.9957581994508853,0.0,0.0,1.0,0.0,0.0,0.0,0.0,0.0,0.0,1.0,0.0,0.0,1.0,0.0,0.0,0.0,0.0,0.0,0.0,0.0,0.0,0.0,0.0,0.0,1.0,1.0,0.0,1.0,0.0
-0.08866424077242865,0.28937373257423166,-0.31119030880958176,0.10796749699661724,0.14775029181186664,0.9164454439020248,-0.6513847719133283,0.08627030743872333,6.672421661529454,-0.3143011732980327,0.35750724015385077,-0.8310339315516487,0.0,0.0,1.0,0.0,0.0,0.0,0.0,0.0,0.0,1.0,1.0,0.0,0.0,1.0,0.0,0.0,0.0,0.0,0.0,0.0,0.0,0.0,0.0,0.0,1.0,0.0,1.0,1.0,0.0
1.1383375382884073,-0.35323815142259707,-0.8632866721013183,0.18865629627788502,0.5556961451510976,-0.35418948698466474,-0.6513847719133283,2.009865000329173,-0.3358111558318982,0.22717340341517855,-1.391521840482805,1.228019417188809,1.0,0.0,1.0,0.0,0.0,0.0,0.0,1.0,0.0,0.0,0.0,0.0,0.0,1.0,0.0,0.0,0.0,0.0,0.0,0.0,0.0,0.0,0.0,0.0,0.0,0.0,1.0,0.0,0.0
0.5806094568971182,0.5169654414897752,-0.6457117506070378,-0.2147877001284535,0.8740534361956545,-0.35418948698466474,-0.6513847719133283,-0.6132186717941674,-0.3358111558318982,0.2768535339689375,0.5223582569494896,-0.6663096636524121,0.0,0.0,1.0,0.0,0.0,0.0,0.0,0.0,0.0,1.0,0.0,1.0,0.0,1.0,0.0,0.0,0.0,0.0,0.0,0.0,0.0,0.0,0.0,0.0,0.0,0.0,1.0,1.0,0.0
-0.5348467058854599,0.5035776939065079,-0.3556118552813307,-1.025710132905194,-0.47832926094678246,-0.35418948698466474,0.4888949163375746,-0.6132186717941674,-0.3358111558318982,-0.1958630514565778,0.2208015189086869,-0.0074125920554656355,0.0,0.0,0.0,0.0,0.0,0.0,0.0,1.0,0.0,0.0,1.0,0.0,1.0,0.0,0.0,0.0,0.0,0.0,0.0,0.0,0.0,0.0,0.0,0.0,0.0,0.0,1.0,1.0,0.0
-0.8471744314645817,0.36970021807383524,-0.716423600092679,-0.2147877001284535,-0.7639337442707059,-0.35418948698466474,-0.6513847719133283,0.26114255224694605,1.4162470485084402,-0.18187837526247017,-0.8929480335886777,0.5691223455918625,0.0,1.0,0.0,0.0,0.0,0.0,0.0,0.0,1.0,0.0,1.0,0.0,0.0,1.0,0.0,0.0,0.0,0.0,0.0,0.0,0.0,0.0,0.0,0.0,1.0,0.0,1.0,0.0,1.0
-0.9810291709984912,0.3429247229073007,-0.17339285852987088,-0.08770284126045706,-0.910512191999282,-0.35418948698466474,-0.6513847719133283,-0.9629631614106129,-0.3358111558318982,0.22700075309179452,1.9175607649516035,-1.2428446012997403,0.0,0.0,1.0,0.0,0.0,0.0,0.0,0.0,0.0,1.0,0.0,1.0,0.0,1.0,0.0,0.0,0.0,0.0,0.0,0.0,0.0,0.0,0.0,0.0,1.0,0.0,1.0,0.0,1.0
-0.5348467058854599,-0.0319322094241827,0.14118421546394272,-1.3746891897966766,-0.5088471711994198,-0.35418948698466474,-0.6513847719133283,0.6108870418633914,-0.3358111558318982,0.08944160793555662,-0.2053986708556476,-0.17213685995470224,0.0,0.0,0.0,0.0,0.0,0.0,0.0,1.0,0.0,0.0,1.0,0.0,0.0,1.0,0.0,0.0,0.0,0.0,0.0,0.0,0.0,0.0,0.0,0.0,0.0,0.0,1.0,1.0,0.0
0.02288137550582915,0.02161878090888636,-0.15254192855333565,0.7938222908873924,-0.24913667233227957,-0.35418948698466474,-0.6513847719133283,-0.6132186717941674,-0.3358111558318982,0.07912575111335993,0.9847452552787204,1.3927436850880455,1.0,0.0,0.0,1.0,0.0,0.0,0.0,0.0,0.0,1.0,1.0,0.0,0.0,1.0,0.0,0.0,0.0,0.0,0.0,0.0,0.0,0.0,0.0,0.0,1.0,0.0,1.0,1.0,0.0
-0.7579379384419755,-0.43356463692220065,1.1483747895478826,-1.150777771791159,-0.7285221792174564,-0.35418948698466474,-0.6513847719133283,0.26114255224694605,-0.3358111558318982,-0.3622116380371052,-1.5041030226847043,-0.5015853957531755,0.0,0.0,0.0,0.0,0.0,0.0,0.0,0.0,0.0,1.0,0.0,0.0,0.0,1.0,0.0,0.0,0.0,0.0,0.0,0.0,0.0,0.0,0.0,0.0,0.0,0.0,1.0,0.0,1.0
0.02288137550582915,-0.06607899841006426,-0.31481655750115317,0.22294903597242377,0.29467553397513185,0.9164454439020248,-0.6513847719133283,1.3103760210962823,-0.3358111558318982,-0.21261013282483016,-0.11694202769701204,0.7338466134910991,0.0,0.0,1.0,0.0,0.0,0.0,0.0,1.0,0.0,0.0,1.0,0.0,0.0,1.0,0.0,0.0,0.0,0.0,0.0,0.0,0.0,0.0,0.0,0.0,1.0,0.0,1.0,1.0,0.0
1.6960656196796964,0.3964757132403698,-0.5378308520327905,1.306196166323443,1.3472351759713936,-0.35418948698466474,-0.6513847719133283,-0.7880909166023902,-0.3358111558318982,-0.37839760585435944,-0.494893139374818,0.40439807769262587,1.0,0.0,0.0,1.0,0.0,0.0,0.0,1.0,0.0,0.0,1.0,0.0,0.0,1.0,0.0,0.0,0.0,0.0,0.0,0.0,0.0,0.0,0.0,0.0,0.0,0.0,1.0,0.0,0.0
-1.0925747872767488,-0.43356463692220065,1.079476064408027,1.6935024028735275,-0.954940412354447,-0.35418948698466474,-0.6513847719133283,0.4360147970551687,-0.3358111558318982,-0.3243580546351533,-0.7964498774156209,-0.8310339315516487,0.0,0.0,0.0,1.0,0.0,0.0,0.0,0.0,0.0,1.0,1.0,0.0,0.0,1.0,0.0,0.0,0.0,0.0,0.0,0.0,0.0,0.0,0.0,0.0,1.0,0.0,1.0,0.0,1.0
0.13442699178408696,0.7177816552387841,0.5400715715367903,-1.5602734281435924,0.17137084608568814,-0.35418948698466474,-0.6513847719133283,0.6108870418633914,-0.3358111558318982,0.7496564445561449,-0.2053986708556476,0.4867602116422442,0.0,0.0,0.0,0.0,0.0,0.0,0.0,1.0,0.0,0.0,0.0,0.0,1.0,0.0,0.0,0.0,0.0,0.0,0.0,0.0,0.0,0.0,0.0,0.0,0.0,0.0,0.0,1.0,0.0
-1.0925747872767488,0.07516977124195542,0.18016638889833458,-0.41650969833162277,-1.0546245459700692,0.9164454439020248,1.6291746045884776,1.1355037762880595,1.4162470485084402,-0.5863980829512877,-0.9050103031103098,1.1456572832391907,0.0,1.0,0.0,0.0,0.0,0.0,0.0,0.0,0.0,1.0,0.0,1.0,0.0,1.0,0.0,0.0,0.0,0.0,0.0,0.0,0.0,0.0,0.0,0.0,1.0,0.0,1.0,0.0,1.0
-0.7579379384419755,0.18227175190809353,0.2735422927062967,-0.6303350164269823,-0.6916078382805544,-0.35418948698466474,-0.6513847719133283,0.9606315314798368,-0.3358111558318982,0.31410284123904525,-0.7079932342569855,0.4867602116422442,0.0,1.0,0.0,0.0,0.0,0.0,0.0,1.0,0.0,0.0,0.0,0.0,0.0,1.0,0.0,0.0,0.0,0.0,0.0,0.0,0.0,0.0,0.0,0.0,1.0,0.0,1.0,0.0,1.0
0.3575182243406026,1.119414082736802,0.4729859707427203,-1.150777771791159,0.4674562278802142,-0.35418948698466474,-0.6513847719133283,0.26114255224694605,-0.3358111558318982,0.1579837863190225,-0.2697307749710189,-0.08977472600508395,0.0,0.0,0.0,0.0,0.0,0.0,0.0,1.0,0.0,0.0,0.0,0.0,0.0,1.0,0.0,0.0,0.0,0.0,0.0,0.0,0.0,0.0,0.0,0.0,1.0,0.0,0.0,1.0,0.0
-0.579464952396763,-1.263604987084771,1.9162329499881134,1.4796770847781684,-0.30315953871384194,-0.35418948698466474,-0.6513847719133283,-1.1378354062188356,-0.3358111558318982,-0.3446013050519326,1.8652909303578644,-0.913396065501267,0.0,0.0,0.0,1.0,0.0,0.0,0.0,0.0,0.0,1.0,0.0,1.0,0.0,1.0,0.0,0.0,0.0,0.0,0.0,0.0,0.0,0.0,0.0,0.0,0.0,1.0,0.0,0.0,1.0
1.8076112359579541,2.0565564135655108,-0.8288373095313906,0.9511654494858647,2.619431293270727,0.9164454439020248,5.050013669341187,-1.6624521406435036,-0.3358111558318982,-0.7228350010055292,0.023784450055362553,-0.4192232618035572,0.0,0.0,0.0,1.0,0.0,0.0,0.0,1.0,0.0,0.0,0.0,1.0,0.0,1.0,0.0,0.0,0.0,0.0,0.0,0.0,0.0,0.0,0.0,0.0,0.0,0.0,0.0,0.0,0.0
-0.31175547332894427,-0.8218093168369514,0.07863142553433732,0.5981519526303185,-0.5603268783932626,-0.35418948698466474,-0.6513847719133283,-0.4383464269859448,-0.3358111558318982,-0.5886425371552803,0.44998463981969705,-1.0781203334005036,1.0,0.0,1.0,0.0,0.0,0.0,0.0,0.0,0.0,1.0,1.0,0.0,0.0,1.0,0.0,0.0,0.0,0.0,0.0,0.0,0.0,0.0,0.0,0.0,1.0,1.0,0.0,1.0,0.0
0.5025275255023377,-0.754870578920615,1.770276440152367,2.205876278309577,0.45370004863754837,-0.35418948698466474,3.9097339810902834,-0.4383464269859448,1.4162470485084402,-0.44551541906990694,0.341424214125008,-0.5839475297027937,1.0,0.0,0.0,0.0,0.0,1.0,0.0,0.0,0.0,1.0,1.0,0.0,0.0,1.0,0.0,0.0,0.0,0.0,0.0,0.0,0.0,0.0,0.0,0.0,0.0,1.0,0.0,1.0,0.0
0.24597260806234478,-0.47147873807801355,-0.015651040446517436,-0.06349620147607656,-0.20351393781318536,-0.35418948698466474,-0.6513847719133283,0.6108870418633914,-0.3358111558318982,0.13299265200918198,0.1564694147933156,0.15731167584377098,1.0,0.0,1.0,0.0,0.0,0.0,0.0,1.0,0.0,0.0,0.0,0.0,0.0,1.0,0.0,0.0,0.0,0.0,0.0,0.0,0.0,0.0,0.0,0.0,0.0,0.0,1.0,1.0,0.0
-0.7133196919306724,-0.8057440197370306,-0.49159618121525595,-0.7836437350613908,-0.6534219177497922,-0.35418948698466474,0.4888949163375746,-0.26347418217772206,1.4162470485084402,-0.5106909161473839,-0.5552044869829785,0.40439807769262587,0.0,1.0,0.0,0.0,0.0,0.0,0.0,1.0,0.0,0.0,0.0,0.0,0.0,1.0,0.0,0.0,0.0,0.0,0.0,0.0,0.0,0.0,0.0,0.0,1.0,1.0,0.0,0.0,1.0
-1.4272116361115224,-0.7310939392127324,-1.0944600261889912,3.3556916680676427,-1.3594183213467872,-0.35418948698466474,-0.6513847719133283,-1.487579895835281,-0.3358111558318982,-0.6984913054083789,0.4700884223557506,-1.6546552710478317,0.0,0.0,0.0,0.0,0.0,1.0,0.0,0.0,0.0,1.0,0.0,0.0,0.0,1.0,0.0,0.0,0.0,0.0,0.0,0.0,0.0,0.0,0.0,0.0,1.0,1.0,0.0,0.0,1.0
0.9152463057318916,0.3161492277407662,-1.357363056327913,-1.5602734281435924,0.9836404775573971,-0.35418948698466474,-0.6513847719133283,-0.08860193736949937,-0.3358111558318982,-0.307654135847747,-0.7200555037786174,-0.5839475297027937,0.0,0.0,0.0,0.0,0.0,0.0,0.0,1.0,0.0,0.0,1.0,0.0,0.0,1.0,0.0,0.0,0.0,0.0,0.0,0.0,0.0,0.0,0.0,0.0,0.0,0.0,1.0,1.0,0.0
-1.0925747872767488,0.18227175190809353,-1.4616177062105895,-0.13409890084718573,-1.0417546191716085,-0.35418948698466474,0.4888949163375746,-0.7880909166023902,1.4162470485084402,-0.5279127859049424,0.369569509675483,-0.7486717976020304,0.0,0.0,1.0,0.0,0.0,0.0,0.0,0.0,1.0,0.0,1.0,0.0,1.0,0.0,0.0,0.0,0.0,0.0,0.0,0.0,0.0,0.0,0.0,0.0,1.0,0.0,1.0,0.0,1.0
-0.40099196635155054,-0.08548319975725176,0.4330972351354358,-0.2147877001284535,-0.7254780947351859,-0.35418948698466474,0.4888949163375746,1.3103760210962823,-0.3358111558318982,-0.35133466766391036,1.165679298103202,1.0632951492895724,1.0,1.0,0.0,0.0,0.0,0.0,0.0,1.0,0.0,0.0,1.0,0.0,0.0,1.0,0.0,0.0,0.0,0.0,0.0,0.0,0.0,0.0,0.0,0.0,1.0,0.0,1.0,1.0,0.0
0.5806094568971182,-0.8887480547532877,-0.5097274246731126,0.622358592414699,0.19456754049488983,-0.35418948698466474,-0.6513847719133283,-0.7880909166023902,-0.3358111558318982,-0.16124666161807677,0.2328637884303189,-0.7486717976020304,1.0,0.0,1.0,0.0,0.0,0.0,0.0,0.0,0.0,1.0,0.0,1.0,0.0,0.0,0.0,0.0,0.0,0.0,0.0,1.0,0.0,0.0,0.0,0.0,1.0,1.0,0.0,1.0,0.0
-0.4456102128628536,-0.48979317677192313,-0.28761969231436807,-0.3196831391941014,-0.31356337175451365,-0.35418948698466474,3.9097339810902834,2.8842262243702863,3.1683052528487785,-0.4515581803883485,-1.0296537548338416,0.980933015339954,0.0,1.0,0.0,0.0,0.0,0.0,0.0,0.0,1.0,0.0,0.0,1.0,1.0,0.0,0.0,0.0,0.0,0.0,0.0,0.0,0.0,0.0,0.0,0.0,1.0,0.0,1.0,1.0,0.0
0.435600155735383,0.18227175190809353,-0.4988486785983986,2.67387131414093,0.4853739403391493,-0.35418948698466474,0.4888949163375746,-0.4383464269859448,1.4162470485084402,-0.048635488190833395,0.3092581620673225,-0.5839475297027937,1.0,0.0,0.0,0.0,1.0,0.0,0.0,0.0,0.0,1.0,1.0,0.0,1.0,0.0,0.0,0.0,0.0,0.0,0.0,0.0,0.0,0.0,0.0,0.0,1.0,0.0,1.0,1.0,0.0
-0.5348467058854599,-0.35323815142259707,-0.9593822624279588,-1.3242586902458844,-0.5044544416933584,-0.35418948698466474,0.4888949163375746,0.26114255224694605,-0.3358111558318982,-0.6542928226220633,-1.7895767346966645,-0.4192232618035572,0.0,0.0,0.0,0.0,0.0,0.0,0.0,0.0,0.0,1.0,0.0,0.0,0.0,1.0,0.0,0.0,0.0,0.0,0.0,0.0,0.0,0.0,0.0,0.0,1.0,0.0,1.0,1.0,0.0
-1.0144928558819686,-0.35323815142259707,1.5155324695694807,-1.0418478927614476,-0.9981355858307176,-0.35418948698466474,-0.6513847719133283,0.9606315314798368,-0.3358111558318982,-0.3061002829372906,-1.391521840482805,0.8985708813903357,0.0,0.0,0.0,0.0,0.0,0.0,0.0,1.0,0.0,0.0,0.0,0.0,1.0,0.0,0.0,0.0,0.0,0.0,0.0,0.0,0.0,0.0,0.0,0.0,1.0,0.0,1.0,0.0,1.0
-1.3156660198332646,-0.3264626562560625,-0.6040098906539675,1.441349905119566,-1.2544937384958639,-0.35418948698466474,2.7694542928393804,-1.3127076510270583,-0.3358111558318982,-0.5460410698602671,0.1162618497212086,-0.913396065501267,0.0,0.0,0.0,1.0,0.0,0.0,0.0,0.0,0.0,1.0,0.0,0.0,1.0,0.0,0.0,0.0,0.0,0.0,0.0,0.0,0.0,0.0,0.0,0.0,1.0,0.0,1.0,0.0,1.0
-0.7579379384419755,-1.2606061316261192,1.2535360016034514,0.515445933367019,-0.607452388796009,-0.35418948698466474,-0.6513847719133283,-0.7880909166023902,1.4162470485084402,-0.1915899559528227,0.6228771696297571,-0.9957581994508853,0.0,0.0,1.0,0.0,0.0,0.0,0.0,0.0,0.0,1.0,0.0,1.0,0.0,1.0,0.0,0.0,0.0,0.0,0.0,0.0,0.0,0.0,0.0,0.0,1.0,1.0,0.0,0.0,1.0
0.3575182243406026,-0.0319322094241827,0.01245238691316033,-0.4588713179542885,-0.1848255710549417,0.9164454439020248,-0.6513847719133283,0.26114255224694605,-0.3358111558318982,0.2016643181351859,0.00368066751930904,0.8162087474407175,1.0,1.0,0.0,0.0,0.0,0.0,0.0,1.0,0.0,0.0,0.0,0.0,0.0,1.0,0.0,0.0,0.0,0.0,0.0,0.0,0.0,0.0,0.0,0.0,1.0,0.0,1.0,1.0,0.0
0.5806094568971182,0.8248836359049223,1.3088362941499143,-1.0398306727794158,0.7261263434432873,-0.35418948698466474,-0.6513847719133283,-0.4383464269859448,-0.3358111558318982,0.704422059829525,1.0490773593940914,-0.913396065501267,0.0,0.0,0.0,0.0,0.0,0.0,0.0,0.0,0.0,1.0,0.0,1.0,0.0,1.0,0.0,0.0,0.0,0.0,0.0,0.0,0.0,0.0,0.0,0.0,1.0,0.0,0.0,1.0,0.0
0.5806094568971182,-0.05870770459071723,-1.66650075728437,3.1600213298105677,0.7478202619688367,-0.35418948698466474,-0.6513847719133283,0.9606315314798368,-0.3358111558318982,-0.7167059145253957,-1.8297842997687714,-0.0074125920554656355,1.0,0.0,0.0,0.0,0.0,1.0,0.0,1.0,0.0,0.0,1.0,0.0,0.0,0.0,0.0,1.0,0.0,0.0,0.0,0.0,0.0,0.0,0.0,0.0,1.0,0.0,1.0,1.0,0.0
-0.5348467058854599,-1.0601112238191086,0.46120066249511354,1.580538083879753,-0.23572728752430253,-0.35418948698466474,0.4888949163375746,-0.9629631614106129,-0.3358111558318982,-0.6278773231443044,0.16049017130052637,-0.17213685995470224,0.0,0.0,0.0,1.0,0.0,0.0,0.0,1.0,0.0,0.0,0.0,0.0,0.0,0.0,0.0,0.0,0.0,0.0,0.0,1.0,0.0,0.0,0.0,0.0,1.0,1.0,0.0,1.0,0.0
1.0267919220101493,1.8691279473997688,0.00791957604869609,-0.05341010156591831,0.40896356656265964,2.187080374788714,-0.6513847719133283,0.6108870418633914,-0.3358111558318982,0.43961962633924595,1.230011402218573,1.3103815511384274,1.0,0.0,1.0,0.0,0.0,0.0,0.0,1.0,0.0,0.0,1.0,0.0,0.0,1.0,0.0,0.0,0.0,0.0,0.0,0.0,0.0,0.0,0.0,0.0,1.0,0.0,0.0,1.0,0.0
0.5945526589319005,-0.754870578920615,0.9017898785210313,0.6344619123068889,0.20878611231714128,0.9164454439020248,-0.6513847719133283,-0.7880909166023902,-0.3358111558318982,0.01982036503094046,1.3586756104493156,0.5691223455918625,1.0,0.0,1.0,0.0,0.0,0.0,0.0,0.0,1.0,0.0,0.0,1.0,1.0,0.0,0.0,0.0,0.0,0.0,0.0,0.0,0.0,0.0,0.0,0.0,0.0,1.0,0.0,1.0,0.0
-1.2041204035550068,-0.8351970644202186,-1.25401496861813,-0.335820899050355,-1.1778136357146163,-0.35418948698466474,-0.6513847719133283,0.6108870418633914,-0.3358111558318982,-0.584153628747295,-1.7976182477110858,1.228019417188809,0.0,1.0,0.0,0.0,0.0,0.0,0.0,0.0,1.0,0.0,0.0,0.0,0.0,1.0,0.0,0.0,0.0,0.0,0.0,0.0,0.0,0.0,0.0,0.0,1.0,1.0,0.0,0.0,1.0
1.249883154566665,0.4500267035734388,-0.7835092008867488,-0.9409868936598628,1.4722353033193172,-0.35418948698466474,-0.6513847719133283,-0.08860193736949937,-0.3358111558318982,0.37224283763862237,0.07605428464910158,-0.4192232618035572,0.0,0.0,0.0,0.0,0.0,0.0,0.0,0.0,0.0,1.0,1.0,0.0,0.0,1.0,0.0,0.0,0.0,0.0,0.0,0.0,0.0,0.0,0.0,0.0,0.0,0.0,1.0,0.0,0.0
-0.7579379384419755,-0.3318177552893694,0.4466956677288282,-0.7836437350613908,-0.7025511293307425,-0.35418948698466474,-0.6513847719133283,-0.26347418217772206,-0.3358111558318982,-0.5029216515951019,-1.4598747011053865,-0.9957581994508853,0.0,1.0,0.0,0.0,0.0,0.0,0.0,0.0,0.0,1.0,0.0,1.0,1.0,0.0,0.0,0.0,0.0,0.0,0.0,0.0,0.0,0.0,0.0,0.0,1.0,0.0,1.0,0.0,1.0
-0.8806381163480591,-1.381417165817523,1.1828241521178102,2.659750774266708,-0.6106506041381417,-0.35418948698466474,2.7694542928393804,-0.9629631614106129,-0.3358111558318982,-0.5810890855072283,-0.6597441561704569,-0.6663096636524121,0.0,0.0,0.0,0.0,1.0,0.0,0.0,0.0,1.0,0.0,0.0,1.0,0.0,1.0,0.0,0.0,0.0,0.0,0.0,0.0,0.0,0.0,0.0,0.0,0.0,1.0,0.0,0.0,1.0
0.5806094568971182,2.4581888410635284,-0.40184652609886523,-1.287948730569314,0.6826614409622586,-0.35418948698466474,0.4888949163375746,0.9606315314798368,-0.3358111558318982,0.36205646855896373,-0.8648027380382027,0.6514844795414808,0.0,0.0,0.0,0.0,0.0,0.0,0.0,1.0,0.0,0.0,0.0,0.0,1.0,0.0,0.0,0.0,0.0,0.0,0.0,0.0,0.0,0.0,0.0,0.0,0.0,0.0,0.0,1.0,0.0
0.24597260806234478,0.04839427607542089,-0.18517816677747767,-1.1527949917731906,-0.37764327674205883,-0.35418948698466474,-0.6513847719133283,0.4360147970551687,-0.3358111558318982,0.05689702197766413,-1.0015084592833665,0.07494954189415268,1.0,0.0,0.0,0.0,0.0,0.0,0.0,1.0,0.0,0.0,0.0,0.0,1.0,0.0,0.0,0.0,0.0,0.0,0.0,0.0,0.0,0.0,0.0,0.0,0.0,0.0,1.0,1.0,0.0
0.7730256449771129,-0.4871156272552697,0.5727078097609323,1.0964052881921462,0.4628323020843603,-0.35418948698466474,0.4888949163375746,-0.08860193736949937,-0.3358111558318982,-0.3296238894983667,0.7434998648460782,-0.33686112785393885,1.0,0.0,0.0,1.0,0.0,0.0,0.0,1.0,0.0,0.0,0.0,1.0,0.0,1.0,0.0,0.0,0.0,0.0,0.0,0.0,0.0,0.0,0.0,0.0,1.0,0.0,1.0,1.0,0.0
0.13442699178408696,-0.754870578920615,-0.31119030880958176,-0.632352236409014,-0.37775887488695525,-0.35418948698466474,0.4888949163375746,1.6601205107127277,1.4162470485084402,-0.5999942959177812,-1.335231249381855,1.1456572832391907,1.0,1.0,0.0,0.0,0.0,0.0,0.0,1.0,0.0,0.0,0.0,1.0,0.0,0.0,1.0,0.0,0.0,0.0,0.0,0.0,0.0,0.0,0.0,0.0,1.0,1.0,0.0,1.0,0.0
1.788090753109259,0.8784346262379913,-1.0980862748805624,2.004154280106408,1.6624327843887834,-0.35418948698466474,-0.6513847719133283,-0.9629631614106129,-0.3358111558318982,-0.40723020985949493,-1.0980066154564236,-0.17213685995470224,1.0,0.0,0.0,0.0,0.0,1.0,0.0,0.0,0.0,1.0,0.0,1.0,0.0,1.0,0.0,0.0,0.0,0.0,0.0,0.0,0.0,0.0,0.0,0.0,1.0,0.0,0.0,0.0,0.0
0.13442699178408696,0.036345303250480354,-1.123470015721562,-0.2147877001284535,0.36218485059460204,-0.35418948698466474,-0.6513847719133283,0.4360147970551687,-0.3358111558318982,0.19885875038019515,-0.9532593811968382,0.07494954189415268,0.0,1.0,0.0,0.0,0.0,0.0,0.0,1.0,0.0,0.0,0.0,1.0,0.0,1.0,0.0,0.0,0.0,0.0,0.0,0.0,0.0,0.0,0.0,0.0,0.0,0.0,1.0,1.0,0.0
-0.5348467058854599,-0.7280950837540805,-0.5940377067521464,0.9955442890905617,-0.7070209242667348,0.9164454439020248,0.4888949163375746,-0.7880909166023902,-0.3358111558318982,-0.4872536347479998,-1.471936970627019,-1.0781203334005036,1.0,0.0,0.0,1.0,0.0,0.0,0.0,0.0,1.0,0.0,0.0,1.0,1.0,0.0,0.0,0.0,0.0,0.0,0.0,0.0,0.0,0.0,0.0,0.0,1.0,1.0,0.0,1.0,0.0
-0.9810291709984912,-0.045319957007449965,-0.6656561184106803,-0.9813312933004968,-0.9587551511360267,-0.35418948698466474,-0.6513847719133283,-0.9629631614106129,-0.3358111558318982,-0.4837143031186269,-0.06065143659606226,0.8985708813903357,0.0,0.0,0.0,0.0,0.0,0.0,0.0,1.0,0.0,0.0,1.0,0.0,0.0,1.0,0.0,0.0,0.0,0.0,0.0,0.0,0.0,0.0,0.0,0.0,0.0,0.0,1.0,0.0,1.0
-1.3156660198332646,0.18227175190809353,0.540978133709683,-0.6666449761035527,-1.3136414559678313,-0.35418948698466474,0.4888949163375746,1.8349927555209502,1.4162470485084402,0.3314541987391417,-0.004360845495112479,1.0632951492895724,0.0,1.0,0.0,0.0,0.0,0.0,0.0,0.0,0.0,1.0,1.0,0.0,0.0,0.0,0.0,0.0,0.0,0.0,0.0,1.0,0.0,0.0,0.0,0.0,0.0,0.0,1.0,0.0,1.0
1.8633840440970832,0.5839041794061115,-0.4997552407712914,1.3041789463414108,1.4981678204910653,-0.35418948698466474,0.4888949163375746,-0.08860193736949937,-0.3358111558318982,0.01973403986924844,0.8802055860912423,-0.5015853957531755,1.0,0.0,0.0,1.0,0.0,0.0,0.0,1.0,0.0,0.0,0.0,1.0,0.0,1.0,0.0,0.0,0.0,0.0,0.0,0.0,0.0,0.0,0.0,0.0,1.0,0.0,1.0,0.0,0.0
0.5945526589319005,-0.5406666175883388,0.44125629469147126,1.7983978419391755,1.2751019335560692,-0.35418948698466474,-0.6513847719133283,-0.26347418217772206,-0.3358111558318982,1.2165029189866026,1.5677549488242724,-0.913396065501267,0.0,0.0,0.0,0.0,1.0,0.0,0.0,1.0,0.0,0.0,0.0,1.0,0.0,1.0,0.0,0.0,0.0,0.0,0.0,0.0,0.0,0.0,0.0,0.0,0.0,0.0,1.0,1.0,0.0
2.3653393173492434,2.4581888410635284,-0.9285591485496024,-0.632352236409014,1.2566062303726526,-0.35418948698466474,1.6291746045884776,-0.9629631614106129,-0.3358111558318982,0.2699043584527297,-0.04054765406000874,0.6514844795414808,1.0,1.0,0.0,0.0,0.0,0.0,0.0,1.0,0.0,0.0,1.0,0.0,0.0,1.0,0.0,0.0,0.0,0.0,0.0,0.0,0.0,0.0,0.0,0.0,0.0,0.0,0.0,0.0,0.0
0.7590824429423307,-0.35323815142259707,1.4067450088223403,1.3989882854969002,1.4074618094623936,-0.35418948698466474,0.4888949163375746,3.7585874484113995,1.4162470485084402,1.0192930871011772,0.39771480522595776,2.051640756684992,0.0,0.0,0.0,0.0,1.0,0.0,0.0,0.0,0.0,1.0,0.0,1.0,0.0,1.0,0.0,0.0,0.0,0.0,0.0,0.0,0.0,0.0,0.0,0.0,1.0,0.0,1.0,1.0,0.0
-0.31175547332894427,-0.4691720291694165,0.6624574648773228,0.12612247683490244,-0.11211433791513549,-0.35418948698466474,0.4888949163375746,-0.7880909166023902,1.4162470485084402,-0.4558312758921036,0.9807244987715099,-0.7486717976020304,0.0,0.0,1.0,0.0,0.0,0.0,0.0,1.0,0.0,0.0,0.0,1.0,0.0,1.0,0.0,0.0,0.0,0.0,0.0,0.0,0.0,0.0,0.0,0.0,0.0,0.0,1.0,1.0,0.0
-1.1595021570437036,-0.9958500354194257,-0.7590320222186422,-1.255673210856807,-1.163094138597814,-0.35418948698466474,0.4888949163375746,1.1355037762880595,-0.3358111558318982,-0.5679244983491949,-1.809680517232718,0.15731167584377098,0.0,0.0,0.0,0.0,0.0,0.0,0.0,0.0,0.0,1.0,0.0,0.0,0.0,0.0,0.0,0.0,0.0,0.0,0.0,1.0,0.0,0.0,0.0,0.0,1.0,1.0,0.0,0.0,1.0
1.1383375382884073,-0.4603401320887352,-0.26223595147336876,1.047992008623386,0.7740610408603087,-0.35418948698466474,-0.6513847719133283,3.2339707139867317,-0.3358111558318982,-0.3259119075456097,-1.1181103979924771,1.228019417188809,1.0,0.0,0.0,1.0,0.0,0.0,0.0,0.0,1.0,0.0,1.0,0.0,0.0,0.0,0.0,1.0,0.0,0.0,0.0,0.0,0.0,0.0,0.0,0.0,0.0,0.0,1.0,0.0,0.0
1.4729743871231806,-0.21936067558992442,-0.19333722633351316,-0.9833485132825285,0.5116917846605521,-0.35418948698466474,-0.6513847719133283,0.7857592866716141,-0.3358111558318982,-0.003401103464213597,-1.2025462846439017,0.7338466134910991,1.0,1.0,0.0,0.0,0.0,0.0,0.0,1.0,0.0,0.0,0.0,0.0,0.0,1.0,0.0,0.0,0.0,0.0,0.0,0.0,0.0,0.0,0.0,0.0,1.0,0.0,1.0,0.0,0.0
0.5806094568971182,-0.35323815142259707,-1.0319072362593855,0.9915098491264984,0.270438456261863,0.9164454439020248,-0.6513847719133283,-0.6132186717941674,-0.3358111558318982,-0.4300632151270349,-1.335231249381855,-0.33686112785393885,1.0,0.0,0.0,1.0,0.0,0.0,0.0,0.0,0.0,1.0,0.0,0.0,0.0,1.0,0.0,0.0,0.0,0.0,0.0,0.0,0.0,0.0,0.0,0.0,0.0,0.0,1.0,1.0,0.0
0.02288137550582915,-0.8351970644202186,0.618035918405574,0.8160117106897417,-0.24570726070035426,-0.35418948698466474,-0.6513847719133283,-0.08860193736949937,-0.3358111558318982,0.13951020171692968,0.31327891857453294,-0.08977472600508395,1.0,0.0,1.0,0.0,0.0,0.0,0.0,0.0,0.0,1.0,0.0,1.0,0.0,1.0,0.0,0.0,0.0,0.0,0.0,0.0,0.0,0.0,0.0,0.0,0.0,1.0,0.0,1.0,0.0
-0.8471744314645817,-0.0319322094241827,0.7920958556009982,-0.035255121727632746,-0.7520656680613471,0.9164454439020248,-0.6513847719133283,0.26114255224694605,-0.3358111558318982,0.21469941755068128,-0.14910807975469784,0.2396738097933893,0.0,0.0,1.0,0.0,0.0,0.0,0.0,0.0,0.0,1.0,0.0,0.0,0.0,1.0,0.0,0.0,0.0,0.0,0.0,0.0,0.0,0.0,0.0,0.0,1.0,0.0,1.0,0.0,1.0
2.2537937010709856,2.4581888410635284,-0.7599385843915349,0.20681127611617023,2.929311387022884,-0.35418948698466474,-0.6513847719133283,-0.26347418217772206,-0.3358111558318982,-0.19806434307972437,-0.17725337530517257,-0.4192232618035572,0.0,0.0,1.0,0.0,0.0,0.0,0.0,1.0,0.0,0.0,1.0,0.0,0.0,0.0,1.0,0.0,0.0,0.0,0.0,0.0,0.0,0.0,0.0,0.0,0.0,0.0,0.0,0.0,0.0
0.02288137550582915,-0.5138911224218042,-0.2740212597209755,0.18865629627788502,0.28989747731941584,-0.35418948698466474,1.6291746045884776,-0.7880909166023902,-0.3358111558318982,-0.22007725931119013,0.4258601007764328,0.15731167584377098,0.0,0.0,1.0,0.0,0.0,0.0,0.0,0.0,1.0,0.0,0.0,0.0,0.0,1.0,0.0,0.0,0.0,0.0,0.0,0.0,0.0,0.0,0.0,0.0,1.0,0.0,1.0,1.0,0.0
-0.8137107465811044,-1.0226255305859604,-0.43357620215011444,0.17453575640366312,-0.6987363905491629,-0.35418948698466474,-0.6513847719133283,-0.08860193736949937,-0.3358111558318982,-0.1578799803120879,0.7354583518316568,-0.913396065501267,0.0,0.0,1.0,0.0,0.0,0.0,0.0,1.0,0.0,0.0,0.0,0.0,0.0,1.0,0.0,0.0,0.0,0.0,0.0,0.0,0.0,0.0,0.0,0.0,0.0,1.0,0.0,0.0,1.0
-0.4233010896072021,-0.712592072052657,0.9054161272126026,1.197266287293731,-0.5859896665602529,-0.35418948698466474,0.4888949163375746,-0.6132186717941674,-0.3358111558318982,0.32459134838462594,1.2018661066680985,-0.8310339315516487,1.0,0.0,0.0,1.0,0.0,0.0,0.0,0.0,0.0,1.0,1.0,0.0,0.0,0.0,0.0,0.0,1.0,0.0,0.0,0.0,0.0,0.0,0.0,0.0,1.0,1.0,0.0,1.0,0.0
-0.5348467058854599,-0.21936067558992442,0.43944317034568564,-0.5173706974332074,-0.43305332086237747,-0.35418948698466474,0.4888949163375746,-0.26347418217772206,-0.3358111558318982,-0.1655197571218319,0.433901613790854,-0.5015853957531755,0.0,1.0,0.0,0.0,0.0,0.0,0.0,1.0,0.0,0.0,0.0,0.0,1.0,0.0,0.0,0.0,0.0,0.0,0.0,0.0,0.0,0.0,0.0,0.0,0.0,0.0,1.0,1.0,0.0
1.1383375382884073,0.9052101214045258,-0.025623224348338892,-0.11392670102686887,1.5369317317463094,-0.35418948698466474,1.6291746045884776,1.8349927555209502,-0.3358111558318982,0.5188661247725226,-0.06065143659606226,1.8045543548361371,0.0,1.0,0.0,0.0,0.0,0.0,0.0,1.0,0.0,0.0,1.0,0.0,0.0,1.0,0.0,0.0,0.0,0.0,0.0,0.0,0.0,0.0,0.0,0.0,0.0,0.0,0.0,0.0,0.0
1.1383375382884073,-0.002372062760328579,-0.9294657107224952,-1.3746891897966766,1.2558355760733435,-0.35418948698466474,-0.6513847719133283,-1.3127076510270583,-0.3358111558318982,0.4382384237521736,0.27307135350242595,-1.2428446012997403,0.0,0.0,0.0,0.0,0.0,0.0,0.0,1.0,0.0,0.0,0.0,1.0,1.0,0.0,0.0,0.0,0.0,0.0,0.0,0.0,0.0,0.0,0.0,0.0,1.0,0.0,1.0,0.0,0.0
0.06749962201713228,-1.0627887733357622,-1.5033195661636596,0.7938222908873924,-0.2108351536566212,-0.35418948698466474,-0.6513847719133283,-0.9629631614106129,1.4162470485084402,-0.5919228932995771,-1.7694729521606107,-0.6663096636524121,1.0,0.0,0.0,1.0,0.0,0.0,0.0,0.0,1.0,0.0,0.0,0.0,0.0,1.0,0.0,0.0,0.0,0.0,0.0,0.0,0.0,0.0,0.0,0.0,1.0,1.0,0.0,1.0,0.0
0.13442699178408696,1.7888014619001653,-0.40909902348200794,-0.3257347991401967,-0.33124988792365584,-0.35418948698466474,-0.6513847719133283,0.08627030743872333,-0.3358111558318982,0.9248965227909506,-0.05260992358164074,0.980933015339954,1.0,1.0,0.0,0.0,0.0,0.0,0.0,1.0,0.0,0.0,0.0,0.0,1.0,0.0,0.0,0.0,0.0,0.0,0.0,0.0,0.0,0.0,0.0,0.0,1.0,0.0,0.0,1.0,0.0
-0.31175547332894427,-0.9422990450863568,-0.8777916668676036,-0.5314912373074293,-0.18413198218556356,0.9164454439020248,-0.6513847719133283,-0.7880909166023902,-0.3358111558318982,-0.6387111309366533,-0.6999517212425639,-0.08977472600508395,0.0,1.0,0.0,0.0,0.0,0.0,0.0,1.0,0.0,0.0,0.0,0.0,0.0,1.0,0.0,0.0,0.0,0.0,0.0,0.0,0.0,0.0,0.0,0.0,0.0,1.0,0.0,1.0,0.0
0.02288137550582915,-0.1390341900903208,0.11126766375847932,-0.7856609550434225,0.15703667611854044,-0.35418948698466474,-0.6513847719133283,0.26114255224694605,1.4162470485084402,-0.5594214699225306,-1.0135707288049987,0.15731167584377098,0.0,1.0,0.0,0.0,0.0,0.0,0.0,0.0,1.0,0.0,0.0,1.0,1.0,0.0,0.0,0.0,0.0,0.0,0.0,0.0,0.0,0.0,0.0,0.0,1.0,0.0,1.0,1.0,0.0
0.5806094568971182,-0.9958500354194257,0.9298933058807094,2.67387131414093,0.6362680521438556,-0.35418948698466474,-0.6513847719133283,-0.26347418217772206,1.4162470485084402,-0.4393431700089273,-1.037695267848263,-0.7486717976020304,1.0,0.0,0.0,0.0,1.0,0.0,0.0,0.0,1.0,0.0,0.0,1.0,0.0,1.0,0.0,0.0,0.0,0.0,0.0,0.0,0.0,0.0,0.0,0.0,0.0,1.0,0.0,1.0,0.0
-0.7607265788489319,-1.1297275112520984,0.4575744138035423,-0.618231696534792,-0.6938427357485505,-0.35418948698466474,-0.6513847719133283,-0.9629631614106129,-0.3358111558318982,-0.3611757360968009,-0.18127413181238333,-0.25449899390432057,0.0,1.0,0.0,0.0,0.0,0.0,0.0,1.0,0.0,0.0,0.0,1.0,1.0,0.0,0.0,0.0,0.0,0.0,0.0,0.0,0.0,0.0,0.0,0.0,1.0,1.0,0.0,0.0,1.0
-0.31175547332894427,-0.8218093168369514,0.5962784262561461,-0.30354537933784786,-0.1593939791777439,-0.35418948698466474,-0.6513847719133283,0.26114255224694605,-0.3358111558318982,0.18759331677938623,-0.24158547942054387,-0.7486717976020304,0.0,1.0,0.0,0.0,0.0,0.0,0.0,0.0,0.0,1.0,1.0,0.0,1.0,0.0,0.0,0.0,0.0,0.0,0.0,0.0,0.0,0.0,0.0,0.0,1.0,1.0,0.0,1.0,0.0
-0.31175547332894427,-0.0319322094241827,0.9072292515583885,0.011140937859095913,-0.12483013385373418,-0.35418948698466474,1.6291746045884776,0.9606315314798368,-0.3358111558318982,-0.4909656167007568,-1.2306915801943767,2.7928999622315565,0.0,1.0,0.0,0.0,0.0,0.0,0.0,1.0,0.0,0.0,0.0,1.0,0.0,0.0,1.0,0.0,0.0,0.0,0.0,0.0,0.0,0.0,0.0,0.0,0.0,0.0,1.0,1.0,0.0
-0.14443704891155756,-0.5138911224218042,-0.7091711027095363,-1.4009130495630886,-0.6769268738787174,-0.35418948698466474,-0.6513847719133283,-0.7880909166023902,-0.3358111558318982,-0.14173717507567968,-0.36622893114407573,-1.2428446012997403,1.0,0.0,0.0,0.0,0.0,0.0,0.0,1.0,0.0,0.0,0.0,0.0,0.0,1.0,0.0,0.0,0.0,0.0,0.0,0.0,0.0,0.0,0.0,0.0,1.0,0.0,1.0,1.0,0.0
0.49137296387451196,-0.08548319975725176,0.29348666050993893,3.1539696698644732,0.6491379789423164,-0.35418948698466474,1.6291746045884776,0.08627030743872333,1.4162470485084402,0.0916428995587032,1.5275473837521651,-0.4192232618035572,1.0,0.0,0.0,0.0,0.0,1.0,0.0,1.0,0.0,0.0,1.0,0.0,0.0,1.0,0.0,0.0,0.0,0.0,0.0,0.0,0.0,0.0,0.0,0.0,1.0,0.0,1.0,1.0,0.0
-0.8471744314645817,-0.0319322094241827,0.44306941903725694,-0.5173706974332074,-0.7836624943330169,-0.35418948698466474,-0.6513847719133283,-0.26347418217772206,3.1683052528487785,-0.10487633103318607,-0.402415739708972,-0.08977472600508395,0.0,1.0,0.0,0.0,0.0,0.0,0.0,0.0,0.0,1.0,0.0,0.0,1.0,0.0,0.0,0.0,0.0,0.0,0.0,0.0,0.0,0.0,0.0,0.0,0.0,0.0,1.0,0.0,1.0
-0.31175547332894427,0.7713326455718532,0.540978133709683,-0.15427110066750294,-0.6499154406879363,-0.35418948698466474,-0.6513847719133283,0.6108870418633914,-0.3358111558318982,-0.40416566661942815,-0.3461251486080222,0.8985708813903357,1.0,0.0,1.0,0.0,0.0,0.0,0.0,1.0,0.0,0.0,1.0,0.0,0.0,0.0,0.0,0.0,1.0,0.0,0.0,0.0,0.0,0.0,0.0,0.0,1.0,0.0,0.0,1.0,0.0
0.13442699178408696,2.217209384564718,-0.8505948016808185,-1.168932751629444,0.22570197418697424,-0.35418948698466474,0.4888949163375746,0.08627030743872333,-0.3358111558318982,-0.04988720303536772,-0.1732326187979618,-0.08977472600508395,0.0,0.0,0.0,0.0,0.0,0.0,0.0,1.0,0.0,0.0,0.0,0.0,1.0,0.0,0.0,0.0,0.0,0.0,0.0,0.0,0.0,0.0,0.0,0.0,1.0,0.0,0.0,1.0,0.0
2.2537937010709856,0.7847203931551204,-0.5768130254671824,-0.618231696534792,2.6657861493741644,-0.35418948698466474,-0.6513847719133283,-0.26347418217772206,-0.3358111558318982,1.4795788492430413,0.3896732922115365,-0.7486717976020304,0.0,1.0,0.0,0.0,0.0,0.0,0.0,0.0,0.0,1.0,0.0,1.0,1.0,0.0,0.0,0.0,0.0,0.0,0.0,0.0,0.0,0.0,0.0,0.0,0.0,0.0,0.0,0.0,0.0
-1.0256474175097943,-0.7773619948605041,0.1837926375899062,-0.618231696534792,-0.9891189305288023,-0.35418948698466474,-0.6513847719133283,-0.4383464269859448,-0.3358111558318982,-0.5298551020430129,-0.5391214609541358,-1.0781203334005036,0.0,1.0,0.0,0.0,0.0,0.0,0.0,0.0,0.0,1.0,0.0,0.0,0.0,1.0,0.0,0.0,0.0,0.0,0.0,0.0,0.0,0.0,0.0,0.0,0.0,1.0,0.0,0.0,1.0
-0.7579379384419755,-0.9958500354194257,-0.8714457316573537,0.12208803687083915,-0.6367757848847174,-0.35418948698466474,-0.6513847719133283,-0.6132186717941674,-0.3358111558318982,-0.38724593492779175,0.4901922048918041,1.5574679529872821,0.0,0.0,1.0,0.0,0.0,0.0,0.0,1.0,0.0,0.0,0.0,0.0,0.0,1.0,0.0,0.0,0.0,0.0,0.0,0.0,0.0,0.0,0.0,0.0,1.0,1.0,0.0,0.0,1.0
0.5806094568971182,0.9319856165710604,0.8836586350631747,-1.5602734281435924,0.6355359305595119,0.9164454439020248,-0.6513847719133283,-0.4383464269859448,-0.3358111558318982,2.6548959256799276,0.40173556173316854,-0.33686112785393885,0.0,0.0,0.0,0.0,0.0,0.0,0.0,1.0,0.0,0.0,1.0,0.0,0.0,1.0,0.0,0.0,0.0,0.0,0.0,0.0,0.0,0.0,0.0,0.0,1.0,0.0,0.0,1.0,0.0
0.02288137550582915,-0.21936067558992442,1.1202713621882046,1.3989882854969002,-0.15426912808733897,-0.35418948698466474,1.6291746045884776,-0.08860193736949937,3.1683052528487785,-0.7212811480950728,-2.0428843946509385,2.875262096181175,1.0,0.0,0.0,1.0,0.0,0.0,0.0,1.0,0.0,0.0,0.0,1.0,0.0,1.0,0.0,0.0,0.0,0.0,0.0,0.0,0.0,0.0,0.0,0.0,0.0,0.0,1.0,1.0,0.0
1.9191568522362121,-0.4067891417556661,-0.5976639554437176,-0.6303350164269823,0.9303497327601781,-0.35418948698466474,-0.6513847719133283,-0.08860193736949937,-0.3358111558318982,0.39516216806785437,-0.5672667565046108,-0.17213685995470224,1.0,1.0,0.0,0.0,0.0,0.0,0.0,1.0,0.0,0.0,0.0,1.0,0.0,1.0,0.0,0.0,0.0,0.0,0.0,0.0,0.0,0.0,0.0,0.0,1.0,0.0,1.0,0.0,0.0
-1.03680197913762,-1.1832785015851675,-0.17701910722144215,0.8139944907077097,-0.9287381661779404,0.9164454439020248,0.4888949163375746,0.26114255224694605,-0.3358111558318982,-0.44094018550022973,0.06801277163468034,-0.33686112785393885,0.0,0.0,0.0,1.0,0.0,0.0,0.0,1.0,0.0,0.0,0.0,1.0,0.0,1.0,0.0,0.0,0.0,0.0,0.0,0.0,0.0,0.0,0.0,0.0,0.0,1.0,0.0,0.0,1.0
-0.5906195140245888,1.2532915585694748,0.24997167621108318,0.515445933367019,-0.4053482988022181,-0.35418948698466474,-0.6513847719133283,2.8842262243702863,-0.3358111558318982,1.233077350031471,-0.39035347018733996,1.3927436850880455,0.0,0.0,0.0,1.0,0.0,0.0,0.0,1.0,0.0,0.0,0.0,0.0,0.0,0.0,0.0,0.0,0.0,0.0,0.0,1.0,0.0,0.0,0.0,0.0,0.0,0.0,0.0,0.0,1.0
-1.2877796157637,-1.665237414582789,0.8745930133342461,2.5891480748955993,-1.1814357109213687,-0.35418948698466474,2.7694542928393804,0.26114255224694605,-0.3358111558318982,-0.5250640555691056,0.019763693548151794,-0.33686112785393885,0.0,0.0,0.0,0.0,0.0,0.0,1.0,0.0,0.0,1.0,0.0,0.0,0.0,0.0,0.0,0.0,0.0,0.0,1.0,0.0,0.0,0.0,0.0,0.0,0.0,1.0,0.0,0.0,1.0
1.0267919220101493,0.3161492277407662,-0.30575093577222473,0.1241052568528708,0.4507715623001741,-0.35418948698466474,-0.6513847719133283,-1.1378354062188356,-0.3358111558318982,-0.21701271607112332,1.4149662015502658,-0.913396065501267,1.0,0.0,1.0,0.0,0.0,0.0,0.0,0.0,0.0,1.0,0.0,0.0,0.0,1.0,0.0,0.0,0.0,0.0,0.0,0.0,0.0,0.0,0.0,0.0,0.0,0.0,1.0,1.0,0.0
-1.3156660198332646,-0.08548319975725176,0.24725198969240456,-0.5314912373074293,-1.3099808480461135,-0.35418948698466474,-0.6513847719133283,-0.6132186717941674,-0.3358111558318982,-0.5900237397423527,-1.1663594760790055,-0.08977472600508395,0.0,1.0,0.0,0.0,0.0,0.0,0.0,0.0,1.0,0.0,0.0,1.0,0.0,0.0,0.0,0.0,0.0,0.0,0.0,0.0,0.0,0.0,1.0,0.0,0.0,0.0,1.0,0.0,1.0
0.5806094568971182,-0.35323815142259707,0.3170572770051528,1.1670079875632557,0.30708306819400677,-0.35418948698466474,1.6291746045884776,-0.4383464269859448,-0.3358111558318982,-0.2927198828750271,0.42183934426922204,-1.0781203334005036,1.0,0.0,0.0,0.0,1.0,0.0,0.0,0.0,0.0,1.0,1.0,0.0,0.0,1.0,0.0,0.0,0.0,0.0,0.0,0.0,0.0,0.0,0.0,0.0,1.0,0.0,1.0,1.0,0.0
-0.20020985705068647,-0.0319322094241827,0.1937648214917273,-0.7856609550434225,-0.08860938178621024,-0.35418948698466474,-0.6513847719133283,1.8349927555209502,-0.3358111558318982,-0.03957134621317103,0.7274168388172352,1.3103815511384274,0.0,1.0,0.0,0.0,0.0,0.0,0.0,0.0,1.0,0.0,0.0,0.0,0.0,1.0,0.0,0.0,0.0,0.0,0.0,0.0,0.0,0.0,0.0,0.0,1.0,0.0,1.0,1.0,0.0
1.6960656196796964,1.0658630924037331,-0.26586220016494,0.011140937859095913,2.2158011040076264,-0.35418948698466474,-0.6513847719133283,-0.4383464269859448,-0.3358111558318982,0.27737148493908964,1.6320870529396432,-0.08977472600508395,0.0,1.0,0.0,0.0,0.0,0.0,0.0,1.0,0.0,0.0,0.0,1.0,0.0,1.0,0.0,0.0,0.0,0.0,0.0,0.0,0.0,0.0,0.0,0.0,1.0,0.0,0.0,0.0,0.0
-1.519236769541085,-0.5138911224218042,0.2100829406037983,0.05551977746379328,-1.5320063516770426,-0.35418948698466474,2.7694542928393804,-0.08860193736949937,-0.3358111558318982,-0.5634355899412097,-1.2025462846439017,-0.8310339315516487,0.0,0.0,1.0,0.0,0.0,0.0,0.0,1.0,0.0,0.0,0.0,0.0,0.0,0.0,0.0,0.0,1.0,0.0,0.0,0.0,0.0,0.0,0.0,0.0,0.0,0.0,1.0,0.0,1.0
-0.31175547332894427,-0.21936067558992442,0.26900948184183243,0.28951729537946963,-0.5975880137648538,-0.35418948698466474,-0.6513847719133283,-0.7880909166023902,1.4162470485084402,-0.5636082402645938,0.42183934426922204,0.980933015339954,1.0,0.0,1.0,0.0,0.0,0.0,0.0,1.0,0.0,0.0,0.0,0.0,0.0,1.0,0.0,0.0,0.0,0.0,0.0,0.0,0.0,0.0,0.0,0.0,1.0,0.0,1.0,1.0,0.0
-0.7579379384419755,-1.0226255305859604,0.4557612894577567,-0.5214051373972707,-0.6837856971425676,-0.35418948698466474,0.4888949163375746,-0.4383464269859448,-0.3358111558318982,-0.3941087852823075,-0.6758271821992996,-0.913396065501267,0.0,1.0,0.0,0.0,0.0,0.0,0.0,0.0,0.0,1.0,0.0,0.0,0.0,1.0,0.0,0.0,0.0,0.0,0.0,0.0,0.0,0.0,0.0,0.0,0.0,1.0,0.0,0.0,1.0
-0.20020985705068647,-0.6745440934210114,0.6044374858121816,-1.1225366920427151,-0.1272962276115232,-0.35418948698466474,-0.6513847719133283,-0.6132186717941674,-0.3358111558318982,-0.14954960220880772,-0.45870633080992174,-0.5015853957531755,0.0,0.0,0.0,0.0,0.0,0.0,0.0,0.0,0.0,1.0,0.0,0.0,1.0,0.0,0.0,0.0,0.0,0.0,0.0,0.0,0.0,0.0,0.0,0.0,1.0,1.0,0.0,1.0,0.0
-0.5348467058854599,-0.21936067558992442,-1.0935534640160982,0.18663907629585336,-0.3687036868700742,4.728350236562093,-0.6513847719133283,0.6108870418633914,-0.3358111558318982,-0.430451678354649,-0.5190176784180823,0.3220359437430076,0.0,0.0,1.0,0.0,0.0,0.0,0.0,1.0,0.0,0.0,0.0,1.0,0.0,1.0,0.0,0.0,0.0,0.0,0.0,0.0,0.0,0.0,0.0,0.0,0.0,0.0,1.0,1.0,0.0
-0.14443704891155756,-0.3347630597576882,1.0432135774923137,0.18865629627788502,0.0923787804065134,-0.35418948698466474,-0.6513847719133283,-0.6132186717941674,-0.3358111558318982,0.3802279150951345,1.885394712893918,-0.8310339315516487,0.0,0.0,1.0,0.0,0.0,0.0,0.0,0.0,0.0,1.0,1.0,0.0,0.0,1.0,0.0,0.0,0.0,0.0,0.0,0.0,0.0,0.0,0.0,0.0,1.0,0.0,1.0,1.0,0.0
0.5806094568971182,0.1287207615750245,-0.24410470801551212,-1.1527949917731906,0.7062819952360802,-0.35418948698466474,0.4888949163375746,1.1355037762880595,1.4162470485084402,-0.06154109986379076,-1.3231689798602229,0.8162087474407175,0.0,0.0,0.0,0.0,0.0,0.0,0.0,1.0,0.0,0.0,0.0,0.0,0.0,1.0,0.0,0.0,0.0,0.0,0.0,0.0,0.0,0.0,0.0,0.0,0.0,0.0,1.0,1.0,0.0
0.02288137550582915,-0.11225869492378629,0.5554831284759683,-1.5602734281435924,0.05534884132471507,-0.35418948698466474,-0.6513847719133283,0.6108870418633914,-0.3358111558318982,-0.2962592145044,-0.2938553140142829,1.228019417188809,0.0,0.0,0.0,0.0,0.0,0.0,0.0,0.0,1.0,0.0,0.0,0.0,0.0,1.0,0.0,0.0,0.0,0.0,0.0,0.0,0.0,0.0,0.0,0.0,1.0,0.0,1.0,1.0,0.0
-0.6463923221637177,-0.19258518042338987,-0.4535205699537569,-0.7190926956363767,-0.574545450215514,-0.35418948698466474,-0.6513847719133283,-0.6132186717941674,1.4162470485084402,-0.3657078070856321,-0.5190176784180823,-0.7486717976020304,0.0,1.0,0.0,0.0,0.0,0.0,0.0,1.0,0.0,0.0,0.0,1.0,0.0,1.0,0.0,0.0,0.0,0.0,0.0,0.0,0.0,0.0,0.0,0.0,0.0,0.0,1.0,0.0,1.0
-0.9252563628593622,0.24921048982442986,-1.3673352402297345,-1.5602734281435924,-0.9310115963609019,-0.35418948698466474,-0.6513847719133283,-0.4383464269859448,-0.3358111558318982,-0.46398900367199974,-1.3030651973241694,-0.4192232618035572,0.0,0.0,0.0,0.0,0.0,0.0,0.0,0.0,0.0,1.0,0.0,1.0,0.0,1.0,0.0,0.0,0.0,0.0,0.0,0.0,0.0,0.0,0.0,0.0,0.0,0.0,1.0,0.0,1.0
-0.5348467058854599,-1.4242579580839783,0.1475301506741926,-1.4009130495630886,-0.9383713449193031,-0.35418948698466474,0.4888949163375746,0.7857592866716141,-0.3358111558318982,-0.3417525747160959,-1.7051408480452395,0.15731167584377098,1.0,0.0,0.0,0.0,0.0,0.0,0.0,0.0,1.0,0.0,0.0,0.0,1.0,0.0,0.0,0.0,0.0,0.0,0.0,0.0,0.0,0.0,0.0,0.0,0.0,1.0,0.0,1.0,0.0
-0.579464952396763,0.3161492277407662,1.045933264010992,2.1836868585072287,-0.2363052782487842,-0.35418948698466474,0.4888949163375746,2.184737245137396,-0.3358111558318982,-0.5325311820554656,-0.8286159294733065,0.6514844795414808,0.0,0.0,0.0,0.0,1.0,0.0,0.0,0.0,0.0,1.0,1.0,0.0,0.0,1.0,0.0,0.0,0.0,0.0,0.0,0.0,0.0,0.0,0.0,0.0,1.0,0.0,1.0,0.0,1.0
-1.3156660198332646,-1.0922418180189502,0.09132329595483706,-0.9813312933004968,-1.3220030551153341,-0.35418948698466474,-0.6513847719133283,-0.6132186717941674,-0.3358111558318982,-0.3018271874335354,1.684356887533383,-1.0781203334005036,0.0,0.0,0.0,0.0,0.0,0.0,0.0,0.0,0.0,1.0,0.0,0.0,0.0,1.0,0.0,0.0,0.0,0.0,0.0,0.0,0.0,0.0,0.0,0.0,0.0,1.0,0.0,0.0,1.0
0.5806094568971182,-0.0319322094241827,-0.4734649377573993,1.0096648289647836,1.1031689593802263,5.998985167448784,-0.6513847719133283,-0.08860193736949937,-0.3358111558318982,-0.4792685572914877,-0.7763460948795673,-0.6663096636524121,0.0,0.0,0.0,1.0,0.0,0.0,0.0,1.0,0.0,0.0,0.0,1.0,0.0,1.0,0.0,0.0,0.0,0.0,0.0,0.0,0.0,0.0,0.0,0.0,0.0,0.0,1.0,1.0,0.0
-1.0925747872767488,1.012312102070664,-0.9639150732924229,0.20681127611617023,-1.026033271465704,-0.35418948698466474,0.4888949163375746,-0.26347418217772206,-0.3358111558318982,-0.2303931161333868,0.12430336273563011,-0.17213685995470224,0.0,0.0,1.0,0.0,0.0,0.0,0.0,0.0,1.0,0.0,0.0,0.0,0.0,1.0,0.0,0.0,0.0,0.0,0.0,0.0,0.0,0.0,0.0,0.0,1.0,0.0,0.0,0.0,1.0
0.5806094568971182,-0.299687161089528,0.4240316134065073,-0.43466467816990795,0.8340950107764816,-0.35418948698466474,-0.6513847719133283,-0.26347418217772206,-0.3358111558318982,-0.06007357211502638,0.055950502113048056,-0.7486717976020304,0.0,1.0,0.0,0.0,0.0,0.0,0.0,0.0,0.0,1.0,1.0,0.0,0.0,0.0,0.0,0.0,0.0,0.0,0.0,1.0,0.0,0.0,0.0,0.0,1.0,0.0,1.0,1.0,0.0
-0.32291003495677006,0.8784346262379913,-0.8025470065174983,1.3989882854969002,-0.47066125066865766,0.9164454439020248,-0.6513847719133283,0.4360147970551687,3.1683052528487785,-0.5688740751278071,-0.8446989555021492,0.980933015339954,1.0,0.0,0.0,1.0,0.0,0.0,0.0,1.0,0.0,0.0,0.0,1.0,0.0,1.0,0.0,0.0,0.0,0.0,0.0,0.0,0.0,0.0,0.0,0.0,0.0,0.0,0.0,1.0,0.0
-0.31175547332894427,0.9587611117375949,-0.7399942165878928,-1.5602734281435924,-0.29279423838813556,-0.35418948698466474,-0.6513847719133283,0.08627030743872333,-0.3358111558318982,0.09263563891816146,-1.1945047716294803,-0.25449899390432057,0.0,0.0,0.0,0.0,0.0,0.0,0.0,1.0,0.0,0.0,0.0,0.0,0.0,1.0,0.0,0.0,0.0,0.0,0.0,0.0,0.0,0.0,0.0,0.0,0.0,0.0,0.0,1.0,0.0
1.5845200034014384,2.4581888410635284,-0.6312067558407525,0.4488776739599732,0.9895745156620764,-0.35418948698466474,-0.6513847719133283,0.4360147970551687,-0.3358111558318982,3.2255052444641965,1.1174302200166735,1.3927436850880455,1.0,0.0,0.0,1.0,0.0,0.0,0.0,0.0,1.0,0.0,1.0,0.0,0.0,1.0,0.0,0.0,0.0,0.0,0.0,0.0,0.0,0.0,0.0,0.0,0.0,0.0,0.0,0.0,0.0
1.1383375382884073,1.8423524522332344,0.9598098575861728,1.045974788641354,1.8089726994023942,-0.35418948698466474,0.4888949163375746,1.3103760210962823,-0.3358111558318982,0.3672791408413311,0.6550432216874427,-0.08977472600508395,0.0,0.0,0.0,1.0,0.0,0.0,0.0,1.0,0.0,0.0,0.0,1.0,0.0,1.0,0.0,0.0,0.0,0.0,0.0,0.0,0.0,0.0,0.0,0.0,0.0,0.0,0.0,0.0,0.0
-0.1779007337950349,-0.6504461477711303,1.183730714290703,-0.41650969833162277,-0.02032941086743103,0.9164454439020248,-0.6513847719133283,0.6108870418633914,1.4162470485084402,-0.01889646998793164,1.6481700789684863,-0.08977472600508395,0.0,1.0,0.0,0.0,0.0,0.0,0.0,1.0,0.0,0.0,0.0,1.0,0.0,1.0,0.0,0.0,0.0,0.0,0.0,0.0,0.0,0.0,0.0,0.0,0.0,1.0,0.0,1.0,0.0
-1.5387572523897801,-0.24613617075645894,-0.5305783546496478,-0.3701136387448937,-1.5587095231481,-0.35418948698466474,-0.6513847719133283,-0.7880909166023902,-0.3358111558318982,-0.7156700125850914,-1.9865938035499886,-0.5015853957531755,0.0,1.0,0.0,0.0,0.0,0.0,0.0,0.0,0.0,1.0,1.0,0.0,0.0,0.0,0.0,0.0,0.0,0.0,0.0,0.0,0.0,1.0,0.0,0.0,1.0,0.0,1.0,0.0,1.0
-0.9810291709984912,-1.0226255305859604,-0.03831509476883831,0.5114114934029558,-0.8771428608392013,-0.35418948698466474,-0.6513847719133283,-0.4383464269859448,-0.3358111558318982,-0.2973814416063963,-0.26571001846380815,-0.9957581994508853,0.0,0.0,0.0,1.0,0.0,0.0,0.0,0.0,1.0,0.0,0.0,0.0,0.0,1.0,0.0,0.0,0.0,0.0,0.0,0.0,0.0,0.0,0.0,0.0,1.0,1.0,0.0,0.0,1.0
-0.08866424077242865,-0.4067891417556661,-1.5078523770281238,-0.07358230138623516,0.12432240111287243,-0.35418948698466474,-0.6513847719133283,-0.9629631614106129,-0.3358111558318982,-0.6058212443319927,0.8158734819758707,-1.0781203334005036,0.0,0.0,1.0,0.0,0.0,0.0,0.0,0.0,0.0,1.0,0.0,1.0,1.0,0.0,0.0,0.0,0.0,0.0,0.0,0.0,0.0,0.0,0.0,0.0,0.0,0.0,1.0,1.0,0.0
-0.6463923221637177,-0.3800136465891316,-0.1815519180859064,0.39037829448105427,-0.48326144846236035,-0.35418948698466474,1.6291746045884776,-0.7880909166023902,-0.3358111558318982,-0.5003750593251872,1.4632152796367943,-1.3252067352493586,0.0,0.0,1.0,0.0,0.0,0.0,0.0,1.0,0.0,0.0,1.0,0.0,0.0,1.0,0.0,0.0,0.0,0.0,0.0,0.0,0.0,0.0,0.0,0.0,0.0,0.0,1.0,0.0,1.0
-0.7579379384419755,-1.0761765209190293,-0.9602888246008516,0.515445933367019,-0.607452388796009,-0.35418948698466474,0.4888949163375746,-0.9629631614106129,-0.3358111558318982,-0.4279050860847343,-0.5149969219108715,-1.407568869198977,0.0,0.0,0.0,1.0,0.0,0.0,0.0,0.0,0.0,1.0,0.0,1.0,0.0,1.0,0.0,0.0,0.0,0.0,0.0,0.0,0.0,0.0,0.0,0.0,1.0,1.0,0.0,0.0,1.0
-0.12212792565590601,-1.0547561247858017,0.7612727417226418,-0.04130678167372805,0.08960442492900103,-0.35418948698466474,-0.6513847719133283,-0.4383464269859448,-0.3358111558318982,-0.18416599204730874,1.0450566028868808,-0.913396065501267,0.0,1.0,0.0,0.0,0.0,0.0,0.0,0.0,0.0,1.0,0.0,0.0,1.0,0.0,0.0,0.0,0.0,0.0,0.0,0.0,0.0,0.0,0.0,0.0,1.0,1.0,0.0,1.0,0.0
-1.2041204035550068,-0.5674421127548733,-1.513291750065481,0.6586685520912694,-1.3078230160080482,-0.35418948698466474,-0.6513847719133283,-0.9629631614106129,-0.3358111558318982,-0.5711616919126457,0.9565999597282454,-0.9957581994508853,1.0,0.0,0.0,1.0,0.0,0.0,0.0,0.0,0.0,1.0,1.0,0.0,0.0,0.0,0.0,0.0,0.0,0.0,0.0,0.0,0.0,0.0,0.0,0.0,0.0,0.0,1.0,0.0,1.0
-0.6380264009428483,-0.8887480547532877,0.09494954464640833,0.32179281509197677,-0.47906138253112607,3.457715305675404,-0.6513847719133283,-1.3127076510270583,-0.3358111558318982,-0.6556308626282897,0.5585450655143862,-1.2428446012997403,0.0,0.0,1.0,0.0,0.0,0.0,0.0,0.0,0.0,1.0,0.0,0.0,0.0,1.0,0.0,0.0,0.0,0.0,0.0,0.0,0.0,0.0,0.0,0.0,0.0,1.0,0.0,0.0,1.0
2.2537937010709856,0.6910061600722496,0.6116899831953242,1.3989882854969002,3.326082753022134,-0.35418948698466474,1.6291746045884776,0.6108870418633914,3.1683052528487785,-0.06067784824687054,0.12028260622841935,0.6514844795414808,0.0,0.0,0.0,0.0,1.0,0.0,0.0,0.0,1.0,0.0,0.0,1.0,0.0,0.0,1.0,0.0,0.0,0.0,0.0,0.0,0.0,0.0,0.0,0.0,1.0,0.0,1.0,0.0,0.0
-1.2598932116941357,0.7177816552387841,-0.9566625759092803,-0.7836437350613908,-1.255341458225104,-0.35418948698466474,1.6291746045884776,0.9606315314798368,1.4162470485084402,-0.5615795989648312,-1.439770918569333,2.1340028906346102,0.0,1.0,0.0,0.0,0.0,0.0,0.0,1.0,0.0,0.0,0.0,1.0,0.0,0.0,1.0,0.0,0.0,0.0,0.0,0.0,0.0,0.0,0.0,0.0,0.0,0.0,0.0,0.0,1.0
0.5806094568971182,-1.263604987084771,3.904323795142101,-0.40238915845740086,0.8399519834512301,-0.35418948698466474,-0.6513847719133283,-0.4383464269859448,-0.3358111558318982,-0.32677515916252997,0.7434998648460782,-0.913396065501267,0.0,1.0,0.0,0.0,0.0,0.0,0.0,1.0,0.0,0.0,0.0,0.0,0.0,1.0,0.0,0.0,0.0,0.0,0.0,0.0,0.0,0.0,0.0,0.0,0.0,1.0,0.0,1.0,0.0
-0.9252563628593622,2.4581888410635284,-1.271239649903094,-0.30757981930191153,-0.8589939520904739,-0.35418948698466474,0.4888949163375746,-1.1378354062188356,-0.3358111558318982,-0.5637377280071317,2.1829306944275095,-0.4192232618035572,0.0,1.0,0.0,0.0,0.0,0.0,0.0,1.0,0.0,0.0,1.0,0.0,0.0,1.0,0.0,0.0,0.0,0.0,0.0,0.0,0.0,0.0,0.0,0.0,0.0,0.0,0.0,0.0,1.0
0.5806094568971182,-0.21936067558992442,-0.842435742124783,-0.5496462171457145,0.813364410125069,-0.35418948698466474,0.4888949163375746,-0.26347418217772206,-0.3358111558318982,-0.053253884341356604,-0.2697307749710189,-0.6663096636524121,0.0,1.0,0.0,0.0,0.0,0.0,0.0,1.0,0.0,0.0,1.0,0.0,0.0,1.0,0.0,0.0,0.0,0.0,0.0,0.0,0.0,0.0,0.0,0.0,0.0,0.0,1.0,1.0,0.0
0.5806094568971182,-0.6745440934210114,0.6470459079381448,1.2376106869343653,0.3219181634557055,0.9164454439020248,1.6291746045884776,0.26114255224694605,-0.3358111558318982,-0.39423827302484554,-0.3863327136801292,0.07494954189415268,1.0,0.0,0.0,0.0,1.0,0.0,0.0,0.0,1.0,0.0,1.0,0.0,1.0,0.0,0.0,0.0,0.0,0.0,0.0,0.0,0.0,0.0,0.0,0.0,1.0,1.0,0.0,1.0,0.0
-1.0925747872767488,0.3161492277407662,-0.5994770797895033,1.0964052881921462,-0.9839940794383972,3.457715305675404,-0.6513847719133283,-0.08860193736949937,-0.3358111558318982,0.13398539136864024,1.7848758002136504,0.07494954189415268,0.0,0.0,0.0,1.0,0.0,0.0,0.0,0.0,1.0,0.0,1.0,0.0,1.0,0.0,0.0,0.0,0.0,0.0,0.0,0.0,0.0,0.0,0.0,0.0,1.0,0.0,1.0,0.0,1.0
-0.31175547332894427,2.0565564135655108,-1.0609172257919561,-0.6303350164269823,-0.704400699649084,-0.35418948698466474,-0.6513847719133283,-0.6132186717941674,1.4162470485084402,-0.34572353215392887,-0.1732326187979618,-0.9957581994508853,1.0,1.0,0.0,0.0,0.0,0.0,0.0,1.0,0.0,0.0,0.0,0.0,0.0,0.0,1.0,0.0,0.0,0.0,0.0,0.0,0.0,0.0,0.0,0.0,0.0,0.0,0.0,1.0,0.0
-0.9810291709984912,-0.8887480547532877,-1.0581975392732779,-0.15427110066750294,-0.9141727999209998,-0.35418948698466474,2.7694542928393804,-1.1378354062188356,3.1683052528487785,-0.5749168364462487,0.8802055860912423,-1.0781203334005036,0.0,0.0,1.0,0.0,0.0,0.0,0.0,1.0,0.0,0.0,1.0,0.0,0.0,1.0,0.0,0.0,0.0,0.0,0.0,0.0,0.0,0.0,0.0,0.0,0.0,1.0,0.0,0.0,1.0
0.46906384061886036,0.557128684239577,0.16747451847783518,-0.31564869923003813,0.728630969916042,0.9164454439020248,-0.6513847719133283,-0.08860193736949937,-0.3358111558318982,-0.16664198422382817,-0.46674784382434326,-0.6663096636524121,0.0,1.0,0.0,0.0,0.0,0.0,0.0,0.0,0.0,1.0,1.0,0.0,0.0,1.0,0.0,0.0,0.0,0.0,0.0,0.0,0.0,0.0,0.0,0.0,0.0,0.0,1.0,1.0,0.0
0.6698459499197245,-0.8351970644202186,0.032396754716802596,0.28548285541540636,0.19922999900570934,-0.35418948698466474,-0.6513847719133283,-1.3127076510270583,-0.3358111558318982,-0.6979733544382267,-1.672974795987554,-1.160482467350122,1.0,0.0,1.0,0.0,0.0,0.0,0.0,1.0,0.0,0.0,0.0,0.0,1.0,0.0,0.0,0.0,0.0,0.0,0.0,0.0,0.0,0.0,0.0,0.0,1.0,1.0,0.0,1.0,0.0
2.2537937010709856,0.664230664905715,0.2354666814447978,0.08779529717630039,1.417249119063618,-0.35418948698466474,-0.6513847719133283,0.6108870418633914,-0.3358111558318982,0.17011247153675166,0.3735902661826935,0.8162087474407175,1.0,0.0,1.0,0.0,0.0,0.0,0.0,1.0,0.0,0.0,0.0,1.0,0.0,1.0,0.0,0.0,0.0,0.0,0.0,0.0,0.0,0.0,0.0,0.0,0.0,0.0,1.0,0.0,0.0
-0.780247061697627,0.3161492277407662,-0.3528921687626522,0.9915098491264984,-0.5991293223634717,-0.35418948698466474,2.7694542928393804,0.9606315314798368,-0.3358111558318982,-0.369160813553313,-0.5632459999974001,0.07494954189415268,0.0,0.0,0.0,1.0,0.0,0.0,0.0,1.0,0.0,0.0,0.0,0.0,0.0,1.0,0.0,0.0,0.0,0.0,0.0,0.0,0.0,0.0,0.0,0.0,0.0,0.0,1.0,0.0,1.0
-1.0925747872767488,-0.08548319975725176,-0.7010120431535009,-0.38625139860114727,-1.053237368231313,-0.35418948698466474,-0.6513847719133283,-0.4383464269859448,-0.3358111558318982,-0.5626155009051355,0.17657319732936913,-0.5839475297027937,0.0,1.0,0.0,0.0,0.0,0.0,0.0,0.0,0.0,1.0,0.0,1.0,1.0,0.0,0.0,0.0,0.0,0.0,0.0,0.0,0.0,0.0,0.0,0.0,0.0,0.0,1.0,0.0,1.0
0.02288137550582915,0.6236390142332487,-0.39368746654282977,-0.7836437350613908,0.15730640512329858,-0.35418948698466474,-0.6513847719133283,-0.4383464269859448,3.1683052528487785,-0.2377307548772087,1.5637341923170618,0.8162087474407175,0.0,1.0,0.0,0.0,0.0,0.0,0.0,1.0,0.0,0.0,0.0,0.0,0.0,0.0,1.0,0.0,0.0,0.0,0.0,0.0,0.0,0.0,0.0,0.0,1.0,0.0,1.0,1.0,0.0
0.5806094568971182,-0.21936067558992442,0.8446764616287827,0.28548285541540636,0.12674996215569584,-0.35418948698466474,-0.6513847719133283,0.9606315314798368,-0.3358111558318982,0.3611068917803515,0.00368066751930904,0.4867602116422442,1.0,0.0,1.0,0.0,0.0,0.0,0.0,1.0,0.0,0.0,0.0,0.0,1.0,0.0,0.0,0.0,0.0,0.0,0.0,0.0,0.0,0.0,0.0,0.0,1.0,0.0,1.0,1.0,0.0
1.4729743871231806,2.4581888410635284,-0.03831509476883831,1.8004150619212074,1.293366440449693,-0.35418948698466474,1.6291746045884776,0.08627030743872333,-0.3358111558318982,1.7377342452830347,1.8170418522713359,0.980933015339954,1.0,0.0,0.0,0.0,1.0,0.0,0.0,1.0,0.0,0.0,0.0,1.0,0.0,1.0,0.0,0.0,0.0,0.0,0.0,0.0,0.0,0.0,0.0,0.0,0.0,0.0,0.0,0.0,0.0
0.13442699178408696,-0.08548319975725176,0.07953798770722997,0.9108210498452309,-0.13407798544544258,-0.35418948698466474,-0.6513847719133283,-0.4383464269859448,-0.3358111558318982,0.2280798176129448,1.181762324132045,0.40439807769262587,1.0,0.0,0.0,1.0,0.0,0.0,0.0,1.0,0.0,0.0,0.0,1.0,0.0,0.0,0.0,0.0,0.0,0.0,0.0,1.0,0.0,0.0,0.0,0.0,0.0,0.0,1.0,1.0,0.0
-0.4316670108280714,-1.102952016085564,0.8519289590119253,0.622358592414699,-0.20235795636422177,-0.35418948698466474,0.4888949163375746,-0.7880909166023902,-0.3358111558318982,-0.40382036597266,0.8440187775263458,-1.3252067352493586,0.0,0.0,1.0,0.0,0.0,0.0,0.0,0.0,1.0,0.0,0.0,0.0,0.0,1.0,0.0,0.0,0.0,0.0,0.0,0.0,0.0,0.0,0.0,0.0,0.0,1.0,0.0,1.0,0.0
0.02288137550582915,-0.299687161089528,-0.332041238786117,1.9537237805556156,-0.06452643493280331,-0.35418948698466474,-0.6513847719133283,-0.4383464269859448,-0.3358111558318982,0.0720902504354601,-0.08477597563932653,0.15731167584377098,1.0,0.0,0.0,0.0,1.0,0.0,0.0,1.0,0.0,0.0,0.0,0.0,0.0,1.0,0.0,0.0,0.0,0.0,0.0,0.0,0.0,0.0,0.0,0.0,0.0,0.0,1.0,1.0,0.0
-0.31175547332894427,-0.8351970644202186,0.23184043275322622,3.5674997661809695,-0.16817943818986664,-0.35418948698466474,0.4888949163375746,-0.08860193736949937,-0.3358111558318982,-0.22447984255748327,0.8319565080047138,-1.0781203334005036,1.0,0.0,0.0,0.0,0.0,1.0,0.0,0.0,0.0,1.0,1.0,0.0,1.0,0.0,0.0,0.0,0.0,0.0,0.0,0.0,0.0,0.0,0.0,0.0,1.0,1.0,0.0,1.0,0.0
0.3268431798640817,-0.5138911224218042,1.2091144551317023,0.9693204293241499,0.04386609226501058,0.9164454439020248,2.7694542928393804,1.8349927555209502,-0.3358111558318982,-0.49247630703036716,-1.3231689798602229,0.6514844795414808,1.0,0.0,0.0,1.0,0.0,0.0,0.0,0.0,0.0,1.0,0.0,0.0,0.0,1.0,0.0,0.0,0.0,0.0,0.0,0.0,0.0,0.0,0.0,0.0,1.0,0.0,1.0,1.0,0.0
-0.8471744314645817,-0.35323815142259707,-0.5332980411683262,1.401005505478932,-0.6542311047640669,-0.35418948698466474,-0.6513847719133283,0.6108870418633914,-0.3358111558318982,-0.5153524748787531,-0.3260213660719687,-0.33686112785393885,0.0,0.0,0.0,1.0,0.0,0.0,0.0,0.0,1.0,0.0,1.0,0.0,0.0,1.0,0.0,0.0,0.0,0.0,0.0,0.0,0.0,0.0,0.0,0.0,1.0,0.0,1.0,0.0,1.0
-0.6463923221637177,-0.9690745402528912,1.0087642149223857,-1.0821922924020813,-0.6034835191545677,-0.35418948698466474,-0.6513847719133283,0.7857592866716141,-0.3358111558318982,0.535526880979083,-0.3300421225791794,0.6514844795414808,0.0,0.0,0.0,0.0,0.0,0.0,0.0,1.0,0.0,0.0,1.0,0.0,0.0,1.0,0.0,0.0,0.0,0.0,0.0,0.0,0.0,0.0,0.0,0.0,1.0,1.0,0.0,0.0,1.0
0.02288137550582915,-0.08548319975725176,-0.24954408105286902,2.3067372774111616,-0.006033773615248535,-0.35418948698466474,1.6291746045884776,0.6108870418633914,-0.3358111558318982,-0.5788446313032357,-1.4880199966558616,1.7221922208865188,1.0,0.0,0.0,0.0,1.0,0.0,0.0,0.0,0.0,1.0,0.0,0.0,1.0,0.0,0.0,0.0,0.0,0.0,0.0,0.0,0.0,0.0,0.0,0.0,0.0,0.0,1.0,1.0,0.0
-1.0925747872767488,0.04839427607542089,-0.8705391694844609,-0.8381086745762465,-1.07350557630314,-0.35418948698466474,1.6291746045884776,-0.7880909166023902,-0.3358111558318982,-0.6693134007564753,-1.8539088388120357,-1.160482467350122,0.0,0.0,0.0,0.0,0.0,0.0,0.0,0.0,0.0,1.0,0.0,0.0,0.0,1.0,0.0,0.0,0.0,0.0,0.0,0.0,0.0,0.0,0.0,0.0,0.0,0.0,1.0,0.0,1.0
0.02288137550582915,0.4500267035734388,-0.04647415432487413,0.08779529717630039,0.2758715690719915,-0.35418948698466474,1.6291746045884776,0.26114255224694605,-0.3358111558318982,-0.07707962896835481,-0.36622893114407573,-0.5839475297027937,0.0,0.0,1.0,0.0,0.0,0.0,0.0,1.0,0.0,0.0,1.0,0.0,0.0,1.0,0.0,0.0,0.0,0.0,0.0,0.0,0.0,0.0,0.0,0.0,1.0,0.0,1.0,1.0,0.0
2.2537937010709856,2.4581888410635284,-0.2549834540902259,0.18865629627788502,1.4520826933923863,-0.35418948698466474,-0.6513847719133283,0.4360147970551687,-0.3358111558318982,0.43374951534418843,0.8601018035551888,0.8162087474407175,1.0,0.0,1.0,0.0,0.0,0.0,0.0,1.0,0.0,0.0,1.0,0.0,0.0,1.0,0.0,0.0,0.0,0.0,0.0,0.0,0.0,0.0,0.0,0.0,0.0,0.0,0.0,0.0,0.0
0.3575182243406026,-0.19258518042338987,-1.2204721682210953,1.5018665045805168,0.1716791078054119,-0.35418948698466474,2.7694542928393804,-0.4383464269859448,3.1683052528487785,-0.4131866460162445,-1.266878388759273,-1.0781203334005036,1.0,0.0,0.0,0.0,1.0,0.0,0.0,0.0,0.0,1.0,1.0,0.0,0.0,1.0,0.0,0.0,0.0,0.0,0.0,0.0,0.0,0.0,0.0,0.0,1.0,0.0,1.0,1.0,0.0
-1.3379751430889162,2.4581888410635284,0.4267512999251859,0.5981519526303185,-1.30585784754481,-0.35418948698466474,0.4888949163375746,1.8349927555209502,-0.3358111558318982,-0.46217617527646726,-0.7160347472714067,2.7928999622315565,0.0,0.0,1.0,0.0,0.0,0.0,0.0,1.0,0.0,0.0,0.0,1.0,0.0,1.0,0.0,0.0,0.0,0.0,0.0,0.0,0.0,0.0,0.0,0.0,0.0,0.0,0.0,0.0,1.0
-0.936410924487188,-0.754870578920615,-1.0219350523575643,-1.4069647095091837,-0.9341327462731035,-0.35418948698466474,-0.6513847719133283,-1.3127076510270583,-0.3358111558318982,-0.5788446313032357,-0.6677856691848784,-0.9957581994508853,0.0,0.0,0.0,0.0,0.0,0.0,0.0,0.0,0.0,1.0,1.0,0.0,0.0,0.0,0.0,0.0,0.0,1.0,0.0,0.0,0.0,0.0,0.0,0.0,1.0,1.0,0.0,0.0,1.0
-1.0925747872767488,-0.0855903017379179,-0.9639150732924229,-0.5758700769121267,-1.0617916309536428,-0.35418948698466474,2.7694542928393804,-1.3127076510270583,-0.3358111558318982,-0.6134178585608907,-0.012402358509533713,-0.7486717976020304,0.0,1.0,0.0,0.0,0.0,0.0,0.0,1.0,0.0,0.0,0.0,0.0,0.0,0.0,0.0,0.0,0.0,0.0,0.0,0.0,0.0,0.0,0.0,1.0,1.0,0.0,1.0,0.0,1.0
1.4729743871231806,1.922678937732838,0.5065287711397553,-0.31564869923003813,1.8720507538008375,0.9164454439020248,0.4888949163375746,1.3103760210962823,-0.3358111558318982,0.9835544701606799,1.205886863175309,2.1340028906346102,0.0,1.0,0.0,0.0,0.0,0.0,0.0,0.0,0.0,1.0,1.0,0.0,0.0,1.0,0.0,0.0,0.0,0.0,0.0,0.0,0.0,0.0,0.0,0.0,0.0,0.0,0.0,0.0,0.0
0.5806094568971182,0.2625982374076971,1.219993201206416,0.28548285541540636,0.9662622231079787,-0.35418948698466474,0.4888949163375746,-0.26347418217772206,-0.3358111558318982,0.08534116275518555,0.2851336230240582,0.8162087474407175,0.0,0.0,1.0,0.0,0.0,0.0,0.0,1.0,0.0,0.0,0.0,0.0,0.0,1.0,0.0,0.0,0.0,0.0,0.0,0.0,0.0,0.0,0.0,0.0,0.0,0.0,1.0,1.0,0.0
-1.3714388279723935,-0.8887480547532877,-1.1207503292028833,-0.618231696534792,-1.3744846128982786,-0.35418948698466474,-0.6513847719133283,-1.487579895835281,-0.3358111558318982,-0.7228350010055292,-2.05092590766536,-1.160482467350122,0.0,1.0,0.0,0.0,0.0,0.0,0.0,0.0,0.0,1.0,0.0,0.0,0.0,0.0,0.0,0.0,1.0,0.0,0.0,0.0,0.0,0.0,0.0,0.0,1.0,1.0,0.0,0.0,1.0
0.02288137550582915,0.09069955843854545,-0.8116126282464265,-1.168932751629444,0.1062890905090413,0.9164454439020248,-0.6513847719133283,-0.7880909166023902,-0.3358111558318982,-0.17846853137563526,-0.24158547942054387,0.07494954189415268,0.0,0.0,0.0,0.0,0.0,0.0,0.0,1.0,0.0,0.0,0.0,0.0,1.0,0.0,0.0,0.0,0.0,0.0,0.0,0.0,0.0,0.0,0.0,0.0,0.0,0.0,1.0,1.0,0.0
0.02288137550582915,0.2358227422411626,0.5038090846210767,-1.1790188515396025,-0.5350494173759266,-0.35418948698466474,-0.6513847719133283,-0.08860193736949937,-0.3358111558318982,-0.029730277780280465,-1.009549972297788,-0.4192232618035572,1.0,0.0,0.0,0.0,0.0,0.0,0.0,1.0,0.0,0.0,1.0,0.0,0.0,1.0,0.0,0.0,0.0,0.0,0.0,0.0,0.0,0.0,0.0,0.0,0.0,0.0,1.0,1.0,0.0
0.28222493335277854,-0.762369859606858,0.19648450801040593,2.1473768988306583,0.22362120757883983,-0.35418948698466474,2.7694542928393804,-0.6132186717941674,-0.3358111558318982,-0.2816270995976022,1.684356887533383,-0.7486717976020304,1.0,0.0,0.0,0.0,0.0,1.0,0.0,0.0,0.0,1.0,0.0,1.0,0.0,0.0,0.0,0.0,0.0,0.0,0.0,1.0,0.0,0.0,0.0,0.0,0.0,1.0,0.0,1.0,0.0
0.3575182243406026,-0.299687161089528,0.7630858660684278,-0.5314912373074293,-0.19723310527381685,-0.35418948698466474,-0.6513847719133283,-0.4383464269859448,-0.3358111558318982,0.6206866529882632,-0.26571001846380815,-0.17213685995470224,1.0,1.0,0.0,0.0,0.0,0.0,0.0,0.0,1.0,0.0,0.0,0.0,1.0,0.0,0.0,0.0,0.0,0.0,0.0,0.0,0.0,0.0,0.0,0.0,0.0,0.0,1.0,1.0,0.0
0.24597260806234478,-0.808421569253684,-0.028342910867017176,-0.01306570192528424,0.5215561596917078,-0.35418948698466474,-0.6513847719133283,1.1355037762880595,-0.3358111558318982,0.19428351681051798,-0.032506141045587224,3.0399863640804115,0.0,1.0,0.0,0.0,0.0,0.0,0.0,0.0,0.0,1.0,0.0,1.0,0.0,1.0,0.0,0.0,0.0,0.0,0.0,0.0,0.0,0.0,0.0,0.0,1.0,1.0,0.0,1.0,0.0
0.02288137550582915,-0.5674421127548733,0.8900045702734245,-0.920814693839546,0.13904189822967472,0.9164454439020248,0.4888949163375746,-0.6132186717941674,-0.3358111558318982,-0.10047374778689291,0.7636036473821317,-0.5015853957531755,0.0,1.0,0.0,0.0,0.0,0.0,0.0,0.0,0.0,1.0,0.0,0.0,1.0,0.0,0.0,0.0,0.0,0.0,0.0,0.0,0.0,0.0,0.0,0.0,1.0,0.0,1.0,1.0,0.0
-0.5348467058854599,-0.4871156272552697,-0.501568365117077,0.39037829448105427,-0.7687888663563529,-0.35418948698466474,-0.6513847719133283,-0.26347418217772206,-0.3358111558318982,-0.3821095878071164,-0.7441800428218817,-0.913396065501267,1.0,0.0,1.0,0.0,0.0,0.0,0.0,0.0,0.0,1.0,0.0,0.0,0.0,1.0,0.0,0.0,0.0,0.0,0.0,0.0,0.0,0.0,0.0,0.0,0.0,0.0,1.0,1.0,0.0
-0.9810291709984912,0.42325120840690433,-0.3256953035758671,-0.13409890084718573,-0.9130553511870018,4.728350236562093,0.4888949163375746,0.26114255224694605,1.4162470485084402,-0.5082738116200073,-1.0417160243554737,0.3220359437430076,0.0,0.0,1.0,0.0,0.0,0.0,0.0,0.0,0.0,1.0,1.0,0.0,0.0,0.0,0.0,1.0,0.0,0.0,0.0,0.0,0.0,0.0,0.0,0.0,1.0,0.0,1.0,0.0,1.0
0.6921550731753761,1.6549239860674927,-1.0699828475208848,0.515445933367019,0.26577599775104327,-0.35418948698466474,2.7694542928393804,0.26114255224694605,1.4162470485084402,-0.43213501900764345,-1.0658405633987378,1.8869164887857555,1.0,0.0,0.0,1.0,0.0,0.0,0.0,1.0,0.0,0.0,0.0,1.0,0.0,1.0,0.0,0.0,0.0,0.0,0.0,0.0,0.0,0.0,0.0,0.0,0.0,0.0,0.0,1.0,0.0
-0.40099196635155054,0.664230664905715,-0.6157951989015742,-0.07358230138623516,-0.7101420741789364,-0.35418948698466474,0.4888949163375746,-0.4383464269859448,-0.3358111558318982,-0.48064975987856007,-0.9050103031103098,0.4867602116422442,1.0,0.0,1.0,0.0,0.0,0.0,0.0,1.0,0.0,0.0,0.0,0.0,0.0,0.0,1.0,0.0,0.0,0.0,0.0,0.0,0.0,0.0,0.0,0.0,1.0,0.0,1.0,1.0,0.0
0.3575182243406026,-0.2729116659229935,0.4349103594812214,-1.4170508094193424,0.42568676485766554,-0.35418948698466474,-0.6513847719133283,2.184737245137396,-0.3358111558318982,-0.39501519948007374,-1.4236878925404903,0.8162087474407175,0.0,0.0,0.0,0.0,0.0,0.0,0.0,0.0,0.0,1.0,0.0,0.0,0.0,1.0,0.0,0.0,0.0,0.0,0.0,0.0,0.0,0.0,0.0,0.0,0.0,0.0,1.0,1.0,0.0
0.02288137550582915,-0.8459072624868325,-0.6856004862143227,-0.31564869923003813,0.22042299223670744,-0.35418948698466474,0.4888949163375746,-1.3127076510270583,-0.3358111558318982,-0.15537655062301925,1.020932063843617,-1.5722931370982134,0.0,1.0,0.0,0.0,0.0,0.0,0.0,0.0,0.0,1.0,1.0,0.0,0.0,1.0,0.0,0.0,0.0,0.0,0.0,0.0,0.0,0.0,0.0,0.0,1.0,1.0,0.0,1.0,0.0
1.0267919220101493,2.4581888410635284,-1.1361618861420617,-0.2147877001284535,0.37139416947134485,-0.35418948698466474,-0.6513847719133283,-1.1378354062188356,1.4162470485084402,-0.47322579597304615,1.418986958057476,-0.6663096636524121,1.0,0.0,1.0,0.0,0.0,0.0,0.0,0.0,0.0,1.0,1.0,0.0,0.0,0.0,1.0,0.0,0.0,0.0,0.0,0.0,0.0,0.0,0.0,0.0,0.0,0.0,0.0,1.0,0.0
-0.40099196635155054,-0.00515671425764817,0.3560394504395447,0.8139944907077097,-0.6106120714231762,-0.35418948698466474,-0.6513847719133283,-0.6132186717941674,-0.3358111558318982,-0.10142332456550517,1.8612701738506534,0.4867602116422442,1.0,0.0,0.0,1.0,0.0,0.0,0.0,1.0,0.0,0.0,0.0,1.0,0.0,0.0,1.0,0.0,0.0,0.0,0.0,0.0,0.0,0.0,0.0,0.0,0.0,0.0,1.0,1.0,0.0
-0.4233010896072021,-0.6745440934210114,0.5926521775645746,-0.9833485132825285,-0.3535217971736865,-0.35418948698466474,-0.6513847719133283,0.26114255224694605,-0.3358111558318982,-0.5807869474413062,-1.685037065509186,-0.4192232618035572,0.0,1.0,0.0,0.0,0.0,0.0,0.0,1.0,0.0,0.0,0.0,0.0,0.0,0.0,1.0,0.0,0.0,0.0,0.0,0.0,0.0,0.0,0.0,0.0,0.0,1.0,0.0,1.0,0.0
-0.31733275414285717,-0.9422990450863568,1.430315625317554,0.6929612917858078,-0.5534680551294121,-0.35418948698466474,-0.6513847719133283,-0.4383464269859448,1.4162470485084402,-0.41184860601001816,0.9686622292498773,0.07494954189415268,1.0,0.0,0.0,1.0,0.0,0.0,0.0,0.0,0.0,1.0,1.0,0.0,0.0,1.0,0.0,0.0,0.0,0.0,0.0,0.0,0.0,0.0,0.0,0.0,0.0,1.0,0.0,1.0,0.0
0.5806094568971182,1.6549239860674927,-0.9784200680587082,-1.1023644922223983,0.7151445196781341,0.9164454439020248,-0.6513847719133283,-0.4383464269859448,3.1683052528487785,-0.3341991230680439,-0.728097016793039,-0.4192232618035572,0.0,0.0,0.0,0.0,0.0,0.0,0.0,1.0,0.0,0.0,1.0,0.0,0.0,0.0,1.0,0.0,0.0,0.0,0.0,0.0,0.0,0.0,0.0,0.0,0.0,0.0,0.0,1.0,0.0
-0.5348467058854599,-0.4067891417556661,0.3324688339443312,-1.0216756929411306,-0.47798246651209353,-0.35418948698466474,0.4888949163375746,0.4360147970551687,-0.3358111558318982,-0.34140727406932775,0.03986747608420531,0.40439807769262587,0.0,0.0,0.0,0.0,0.0,0.0,0.0,0.0,0.0,1.0,0.0,0.0,0.0,1.0,0.0,0.0,0.0,0.0,0.0,0.0,0.0,0.0,0.0,0.0,0.0,0.0,1.0,1.0,0.0
0.3575182243406026,-0.8351970644202186,0.09494954464640833,-0.9833485132825285,-0.27294989018092836,-0.35418948698466474,-0.6513847719133283,-1.1378354062188356,-0.3358111558318982,0.0878445924442542,0.09615806718515509,-0.7486717976020304,1.0,1.0,0.0,0.0,0.0,0.0,0.0,0.0,0.0,1.0,1.0,0.0,0.0,1.0,0.0,0.0,0.0,0.0,0.0,0.0,0.0,0.0,0.0,0.0,1.0,1.0,0.0,1.0,0.0
-1.293356896577613,0.04839427607542089,0.8510223968390326,0.18865629627788502,-1.2638957209474337,2.187080374788714,0.4888949163375746,2.184737245137396,-0.3358111558318982,2.253181785746101,0.329361944603376,2.7928999622315565,0.0,0.0,1.0,0.0,0.0,0.0,0.0,1.0,0.0,0.0,0.0,1.0,0.0,0.0,0.0,0.0,0.0,0.0,1.0,0.0,0.0,0.0,0.0,0.0,0.0,0.0,1.0,0.0,1.0
0.5806094568971182,0.04839427607542089,-0.9738872571942442,0.18663907629585336,0.10709827752331591,-0.35418948698466474,0.4888949163375746,-0.6132186717941674,-0.3358111558318982,0.31604515737711575,0.8802055860912423,-0.33686112785393885,1.0,0.0,1.0,0.0,0.0,0.0,0.0,0.0,0.0,1.0,1.0,0.0,0.0,1.0,0.0,0.0,0.0,0.0,0.0,0.0,0.0,0.0,0.0,0.0,1.0,0.0,1.0,1.0,0.0
1.4283561406118777,-0.35323815142259707,0.3587591369582233,1.2961100664132843,2.2389592657018627,0.9164454439020248,0.4888949163375746,-0.9629631614106129,1.4162470485084402,-0.5328764827022338,-0.9251140856463633,-0.7486717976020304,0.0,0.0,0.0,0.0,1.0,0.0,0.0,1.0,0.0,0.0,1.0,0.0,0.0,0.0,1.0,0.0,0.0,0.0,0.0,0.0,0.0,0.0,0.0,0.0,1.0,0.0,1.0,0.0,0.0
0.5806094568971182,-0.8351970644202186,0.4983697115837198,-0.01508292190731589,0.9106209826978675,-0.35418948698466474,0.4888949163375746,2.184737245137396,-0.3358111558318982,0.2795727765622362,-0.5552044869829785,0.6514844795414808,0.0,1.0,0.0,0.0,0.0,0.0,0.0,0.0,0.0,1.0,1.0,0.0,0.0,1.0,0.0,0.0,0.0,0.0,0.0,0.0,0.0,0.0,0.0,0.0,0.0,1.0,0.0,1.0,0.0
-1.4606753209949996,-0.8887480547532877,0.6334474753447521,-1.2798798506411873,-1.4838789906851941,0.9164454439020248,0.4888949163375746,1.6601205107127277,-0.3358111558318982,-0.6918011053772471,-1.9262824559418281,0.8162087474407175,0.0,0.0,0.0,0.0,0.0,0.0,0.0,1.0,0.0,0.0,1.0,0.0,0.0,1.0,0.0,0.0,0.0,0.0,0.0,0.0,0.0,0.0,0.0,0.0,0.0,1.0,0.0,0.0,1.0
0.6252277034084213,0.1287207615750245,-0.013837916100731805,0.10796749699661724,0.12709675659038502,-0.35418948698466474,-0.6513847719133283,0.6108870418633914,-0.3358111558318982,0.3740988286150009,0.29317513603847944,0.2396738097933893,1.0,0.0,1.0,0.0,0.0,0.0,0.0,0.0,0.0,1.0,1.0,0.0,1.0,0.0,0.0,0.0,0.0,0.0,0.0,0.0,0.0,0.0,0.0,0.0,0.0,0.0,1.0,1.0,0.0
-0.31175547332894427,-0.6611563458377442,-0.30665749794511754,-1.2859315105872824,-0.26428002931370187,-0.35418948698466474,0.4888949163375746,2.3596094899456186,-0.3358111558318982,-0.33527818758919414,-0.8768650075598349,1.6398300869369005,0.0,0.0,0.0,0.0,0.0,0.0,0.0,1.0,0.0,0.0,0.0,1.0,1.0,0.0,0.0,0.0,0.0,0.0,0.0,0.0,0.0,0.0,0.0,0.0,0.0,1.0,0.0,1.0,0.0
-0.7021651303028467,1.2532915585694748,-1.1261897022402403,-0.8199536947379613,-0.643904337153326,-0.35418948698466474,-0.6513847719133283,1.1355037762880595,-0.3358111558318982,-0.05083677981397997,-0.8406781989949385,0.3220359437430076,0.0,1.0,0.0,0.0,0.0,0.0,0.0,0.0,0.0,1.0,0.0,0.0,0.0,1.0,0.0,0.0,0.0,0.0,0.0,0.0,0.0,0.0,0.0,0.0,1.0,0.0,0.0,0.0,1.0
-0.9810291709984912,-0.6745440934210114,-0.4317630778043288,-0.40238915845740086,-0.9276977828738731,-0.35418948698466474,-0.6513847719133283,-1.1378354062188356,1.4162470485084402,-0.5848442300408313,0.5706073350360181,-1.407568869198977,0.0,1.0,0.0,0.0,0.0,0.0,0.0,1.0,0.0,0.0,1.0,0.0,0.0,1.0,0.0,0.0,0.0,0.0,0.0,0.0,0.0,0.0,0.0,0.0,1.0,1.0,0.0,0.0,1.0
1.4729743871231806,1.2532915585694748,-1.2902774555338437,-1.5602734281435924,1.5638660995071598,-0.35418948698466474,-0.6513847719133283,-0.6132186717941674,-0.3358111558318982,0.9898130443833515,-0.9210933291391525,0.40439807769262587,0.0,0.0,0.0,0.0,0.0,0.0,0.0,1.0,0.0,0.0,0.0,1.0,0.0,0.0,1.0,0.0,0.0,0.0,0.0,0.0,0.0,0.0,0.0,0.0,1.0,0.0,0.0,0.0,0.0
-0.5348467058854599,-0.21936067558992442,-0.5867852093690037,-0.1865466203800097,-0.8255860882154277,-0.35418948698466474,0.4888949163375746,0.9606315314798368,-0.3358111558318982,-0.14980857769388378,-0.14508732324748708,-0.25449899390432057,1.0,1.0,0.0,0.0,0.0,0.0,0.0,0.0,1.0,0.0,1.0,0.0,0.0,1.0,0.0,0.0,0.0,0.0,0.0,0.0,0.0,0.0,0.0,0.0,1.0,0.0,1.0,1.0,0.0
-0.579464952396763,-1.156503006418633,0.7549268065123923,0.1241052568528708,-0.42692661918287084,-0.35418948698466474,0.4888949163375746,-0.08860193736949937,-0.3358111558318982,-0.3913032175273168,-0.4506648177955005,-0.9957581994508853,0.0,0.0,1.0,0.0,0.0,0.0,0.0,0.0,0.0,1.0,1.0,0.0,0.0,1.0,0.0,0.0,0.0,0.0,0.0,0.0,0.0,0.0,0.0,0.0,0.0,1.0,0.0,0.0,1.0
-0.7579379384419755,-0.35323815142259707,0.49655658723793417,-0.01306570192528424,-0.6467557580607693,-0.35418948698466474,-0.6513847719133283,-0.08860193736949937,3.1683052528487785,-0.4295884267377288,-0.3863327136801292,0.7338466134910991,0.0,1.0,0.0,0.0,0.0,0.0,0.0,0.0,0.0,1.0,0.0,1.0,0.0,1.0,0.0,0.0,0.0,0.0,0.0,0.0,0.0,0.0,0.0,0.0,0.0,0.0,1.0,0.0,1.0
0.5806094568971182,0.07516977124195542,0.7259168169798215,1.0096648289647836,0.2742146623284771,2.187080374788714,-0.6513847719133283,0.08627030743872333,-0.3358111558318982,2.103709768276364,1.390841662507001,0.40439807769262587,1.0,0.0,0.0,1.0,0.0,0.0,0.0,1.0,0.0,0.0,0.0,1.0,1.0,0.0,0.0,0.0,0.0,0.0,0.0,0.0,0.0,0.0,0.0,0.0,1.0,0.0,1.0,1.0,0.0
2.2537937010709856,2.0565564135655108,-0.26223595147336876,-0.41650969833162277,2.729365129067159,-0.35418948698466474,-0.6513847719133283,-0.4383464269859448,-0.3358111558318982,0.677488609381614,0.4137978312548005,-0.0074125920554656355,0.0,1.0,0.0,0.0,0.0,0.0,0.0,1.0,0.0,0.0,0.0,1.0,0.0,1.0,0.0,0.0,0.0,0.0,0.0,0.0,0.0,0.0,0.0,0.0,0.0,0.0,0.0,0.0,0.0
-1.0925747872767488,-0.8351970644202186,-1.3510171211176634,-0.2147877001284535,-1.0454537598082916,-0.35418948698466474,0.4888949163375746,-1.6624521406435036,-0.3358111558318982,-0.5061156825777068,1.314447288869998,-1.6546552710478317,0.0,0.0,1.0,0.0,0.0,0.0,0.0,0.0,0.0,1.0,1.0,0.0,0.0,1.0,0.0,0.0,0.0,0.0,0.0,0.0,0.0,0.0,0.0,0.0,1.0,1.0,0.0,0.0,1.0
-0.31175547332894427,-0.08548319975725176,-0.5332980411683262,1.197266287293731,-0.4860358039398727,-0.35418948698466474,-0.6513847719133283,-0.9629631614106129,3.1683052528487785,-0.4292862886718067,1.696419157055015,-0.0074125920554656355,1.0,0.0,0.0,0.0,1.0,0.0,0.0,0.0,0.0,1.0,1.0,0.0,0.0,1.0,0.0,0.0,0.0,0.0,0.0,0.0,0.0,0.0,0.0,0.0,1.0,0.0,1.0,1.0,0.0
-1.2041204035550068,-1.5330735704407745,-1.0872075288058485,-0.41650969833162277,-1.1807421220519905,-0.35418948698466474,-0.6513847719133283,-1.1378354062188356,-0.3358111558318982,-0.6129430701715846,-0.25364774894217584,-1.0781203334005036,0.0,1.0,0.0,0.0,0.0,0.0,0.0,0.0,0.0,1.0,0.0,1.0,0.0,1.0,0.0,0.0,0.0,0.0,0.0,0.0,0.0,0.0,0.0,0.0,1.0,1.0,0.0,0.0,1.0
-0.31175547332894427,2.4581888410635284,-0.551429284626183,0.18865629627788502,-0.6096102208340743,-0.35418948698466474,0.4888949163375746,1.3103760210962823,-0.3358111558318982,-0.2296593522590046,0.07605428464910158,0.8162087474407175,1.0,0.0,1.0,0.0,0.0,0.0,0.0,1.0,0.0,0.0,0.0,0.0,0.0,1.0,0.0,0.0,0.0,0.0,0.0,0.0,0.0,0.0,0.0,0.0,0.0,0.0,0.0,1.0,0.0
-0.8137107465811044,-0.808421569253684,1.4013056357849831,-0.7836437350613908,-0.7639722769856715,-0.35418948698466474,-0.6513847719133283,-0.4383464269859448,1.4162470485084402,-0.4140498976331647,0.49421296139901455,-0.17213685995470224,0.0,1.0,0.0,0.0,0.0,0.0,0.0,0.0,0.0,1.0,1.0,0.0,0.0,1.0,0.0,0.0,0.0,0.0,0.0,0.0,0.0,0.0,0.0,0.0,1.0,1.0,0.0,0.0,1.0
0.31289997782929946,-0.08548319975725176,-0.7699107682933563,0.10796749699661724,0.6190824612692644,-0.35418948698466474,0.4888949163375746,0.4360147970551687,-0.3358111558318982,-0.2536577472093869,-0.028485384538376752,-0.6663096636524121,0.0,0.0,1.0,0.0,0.0,0.0,0.0,0.0,0.0,1.0,1.0,0.0,0.0,1.0,0.0,0.0,0.0,0.0,0.0,0.0,0.0,0.0,0.0,0.0,0.0,0.0,1.0,1.0,0.0
-0.5348467058854599,0.04839427607542089,-0.8868572885965319,0.4549293339060685,-0.343657422142531,-0.35418948698466474,0.4888949163375746,-0.4383464269859448,-0.3358111558318982,0.11270623901155669,0.3494657271394295,-1.0781203334005036,0.0,0.0,1.0,0.0,0.0,0.0,0.0,0.0,0.0,1.0,0.0,0.0,0.0,0.0,0.0,0.0,0.0,0.0,0.0,0.0,0.0,0.0,0.0,1.0,1.0,0.0,1.0,1.0,0.0
-0.8137107465811044,0.3737165423488154,0.618942480578467,-0.0655134214581082,-0.7152669252693412,-0.35418948698466474,-0.6513847719133283,1.485248265904505,1.4162470485084402,-0.19413654822273735,0.7636036473821317,-0.08977472600508395,0.0,1.0,0.0,0.0,0.0,0.0,0.0,1.0,0.0,0.0,0.0,0.0,0.0,1.0,0.0,0.0,0.0,0.0,0.0,0.0,0.0,0.0,0.0,0.0,1.0,0.0,1.0,0.0,1.0
1.1383375382884073,2.0565564135655108,-1.1098715831281694,-1.255673210856807,1.2816910278151614,-0.35418948698466474,-0.6513847719133283,-0.6132186717941674,-0.3358111558318982,-0.4964041018873542,-1.5764766398144971,-0.6663096636524121,0.0,0.0,0.0,0.0,0.0,0.0,0.0,1.0,0.0,0.0,0.0,1.0,0.0,0.0,0.0,0.0,0.0,0.0,0.0,1.0,0.0,0.0,0.0,0.0,1.0,0.0,0.0,0.0,0.0
-0.08866424077242865,1.52104651023482,-0.7309285948589644,-0.5314912373074293,-0.5278823323923526,-0.35418948698466474,-0.6513847719133283,0.08627030743872333,-0.3358111558318982,-0.6264529579763861,-1.5965804223505506,0.8985708813903357,1.0,1.0,0.0,0.0,0.0,0.0,0.0,0.0,1.0,0.0,0.0,0.0,0.0,0.0,1.0,0.0,0.0,0.0,0.0,0.0,0.0,0.0,0.0,0.0,0.0,0.0,0.0,1.0,0.0
-1.0925747872767488,-0.08548319975725176,-1.3628024293652703,-0.43466467816990795,-1.0554337329843433,-0.35418948698466474,0.4888949163375746,-0.4383464269859448,-0.3358111558318982,-0.5397393330567495,-0.5632459999974001,-0.5015853957531755,0.0,1.0,0.0,0.0,0.0,0.0,0.0,1.0,0.0,0.0,0.0,0.0,1.0,0.0,0.0,0.0,0.0,0.0,0.0,0.0,0.0,0.0,0.0,0.0,0.0,0.0,1.0,0.0,1.0
0.02288137550582915,-0.6209931030879423,-0.050100403016445395,-0.6827827359598062,0.17079285536120645,-0.35418948698466474,-0.6513847719133283,-1.3127076510270583,-0.3358111558318982,-0.08946728967116005,1.020932063843617,-0.913396065501267,0.0,1.0,0.0,0.0,0.0,0.0,0.0,0.0,0.0,1.0,0.0,0.0,1.0,0.0,0.0,0.0,0.0,0.0,0.0,0.0,0.0,0.0,0.0,0.0,1.0,0.0,1.0,1.0,0.0
-0.5348467058854599,-0.754870578920615,-0.03650197042305268,-0.3257347991401967,-0.4157135991279245,-0.35418948698466474,-0.6513847719133283,0.7857592866716141,3.1683052528487785,-0.33791110502080085,-0.4868516263603968,1.3927436850880455,0.0,1.0,0.0,0.0,0.0,0.0,0.0,0.0,0.0,1.0,0.0,0.0,0.0,1.0,0.0,0.0,0.0,0.0,0.0,0.0,0.0,0.0,0.0,0.0,0.0,1.0,0.0,1.0,0.0
1.3614287708449229,2.377862355563925,-0.41181871000068637,0.18865629627788502,0.7349888678853413,-0.35418948698466474,0.4888949163375746,-0.26347418217772206,-0.3358111558318982,0.5120464369988529,0.6349394391513892,-0.08977472600508395,1.0,0.0,1.0,0.0,0.0,0.0,0.0,0.0,1.0,0.0,1.0,0.0,1.0,0.0,0.0,0.0,0.0,0.0,0.0,0.0,0.0,0.0,0.0,0.0,1.0,0.0,0.0,0.0,0.0
-0.7133196919306724,-0.7280950837540805,0.016078635604731592,-0.05341010156591831,-0.5979348081995427,-0.35418948698466474,0.4888949163375746,1.485248265904505,-0.3358111558318982,-0.016436202879708997,-0.3782912006657077,2.1340028906346102,0.0,0.0,1.0,0.0,0.0,0.0,0.0,1.0,0.0,0.0,0.0,1.0,0.0,1.0,0.0,0.0,0.0,0.0,0.0,0.0,0.0,0.0,0.0,0.0,1.0,1.0,0.0,0.0,1.0
0.8594734975927627,0.06178202365868816,1.5227849669526232,0.18865629627788502,0.3315898749120337,-0.35418948698466474,0.4888949163375746,2.009865000329173,-0.3358111558318982,0.30076560375762773,-0.7683045818651459,1.3103815511384274,1.0,0.0,1.0,0.0,0.0,0.0,0.0,1.0,0.0,0.0,0.0,0.0,0.0,1.0,0.0,0.0,0.0,0.0,0.0,0.0,0.0,0.0,0.0,0.0,1.0,0.0,1.0,1.0,0.0
-0.8471744314645817,0.5839041794061115,0.05868705773069473,1.701571282801654,-0.6330381115330688,-0.35418948698466474,2.7694542928393804,2.009865000329173,1.4162470485084402,-0.23872349423666697,-1.1542972065573733,1.5574679529872821,0.0,0.0,0.0,1.0,0.0,0.0,0.0,0.0,0.0,1.0,1.0,0.0,0.0,1.0,0.0,0.0,0.0,0.0,0.0,0.0,0.0,0.0,0.0,0.0,1.0,0.0,1.0,0.0,1.0
-0.3814714835028554,-1.156503006418633,0.05596737121201645,0.31977559510994513,-0.17357401828502994,-0.35418948698466474,-0.6513847719133283,-1.1378354062188356,-0.3358111558318982,0.058407712307274526,1.760751261170386,-1.5722931370982134,0.0,0.0,1.0,0.0,0.0,0.0,0.0,0.0,0.0,1.0,1.0,0.0,1.0,0.0,0.0,0.0,0.0,0.0,0.0,0.0,0.0,0.0,0.0,0.0,0.0,1.0,0.0,1.0,0.0
0.2236634848066932,-0.8351970644202186,0.8301714668624974,0.9693204293241499,-0.046338993469110516,-0.35418948698466474,-0.6513847719133283,-0.4383464269859448,-0.3358111558318982,-0.3885839749340181,0.3615279966610615,-0.5839475297027937,1.0,0.0,0.0,1.0,0.0,0.0,0.0,0.0,0.0,1.0,1.0,0.0,0.0,1.0,0.0,0.0,0.0,0.0,0.0,0.0,0.0,0.0,0.0,0.0,1.0,1.0,0.0,1.0,0.0
0.02288137550582915,-0.9155235499198222,-0.8243044986669263,-1.025710132905194,0.12513158812714684,0.9164454439020248,-0.6513847719133283,-1.1378354062188356,-0.3358111558318982,-0.025370857114833327,-0.0445684105672195,-1.3252067352493586,0.0,0.0,0.0,0.0,0.0,0.0,0.0,0.0,1.0,0.0,1.0,0.0,1.0,0.0,0.0,0.0,0.0,0.0,0.0,0.0,0.0,0.0,0.0,0.0,0.0,1.0,0.0,1.0,0.0
-0.5348467058854599,0.04839427607542089,1.0676907561604203,-1.2173460311982047,-0.4951295246717192,-0.35418948698466474,-0.6513847719133283,-0.08860193736949937,-0.3358111558318982,0.3424174942740286,1.028973576858038,-0.5015853957531755,0.0,0.0,0.0,0.0,0.0,0.0,0.0,1.0,0.0,0.0,1.0,0.0,1.0,0.0,0.0,0.0,0.0,0.0,0.0,0.0,0.0,0.0,0.0,0.0,0.0,0.0,1.0,1.0,0.0
0.3575182243406026,-0.1390341900903208,1.0903548104827412,0.5114114934029558,-0.013663251178407922,-0.35418948698466474,1.6291746045884776,0.4360147970551687,-0.3358111558318982,1.2537522262567102,0.35750724015385077,-0.25449899390432057,1.0,0.0,1.0,0.0,0.0,0.0,0.0,1.0,0.0,0.0,0.0,0.0,0.0,1.0,0.0,0.0,0.0,0.0,0.0,0.0,0.0,0.0,0.0,0.0,0.0,0.0,1.0,1.0,0.0
0.5806094568971182,-1.9597678614146687,-0.07639070603033753,0.19672517620601163,0.10910197870151929,-0.35418948698466474,-0.6513847719133283,-1.1378354062188356,-0.3358111558318982,-0.4108558666505599,0.055950502113048056,-0.17213685995470224,1.0,0.0,1.0,0.0,0.0,0.0,0.0,0.0,0.0,1.0,0.0,1.0,1.0,0.0,0.0,0.0,0.0,0.0,0.0,0.0,0.0,0.0,0.0,0.0,1.0,1.0,0.0,1.0,0.0
-0.5348467058854599,-0.808421569253684,0.9362392410909592,-1.5602734281435924,-0.5248767806250476,-0.35418948698466474,-0.6513847719133283,0.7857592866716141,-0.3358111558318982,-0.1778642552437911,-0.5190176784180823,-0.4192232618035572,0.0,0.0,0.0,0.0,0.0,0.0,0.0,1.0,0.0,0.0,1.0,0.0,1.0,0.0,0.0,0.0,0.0,0.0,0.0,0.0,0.0,0.0,0.0,0.0,1.0,1.0,0.0,1.0,0.0
-0.31175547332894427,-0.5674421127548733,-0.03468884607726705,-0.618231696534792,-0.7030520546252933,-0.35418948698466474,-0.6513847719133283,-0.7880909166023902,-0.3358111558318982,-0.24381667877649632,0.9445376902066134,-0.7486717976020304,1.0,1.0,0.0,0.0,0.0,0.0,0.0,1.0,0.0,0.0,1.0,0.0,0.0,1.0,0.0,0.0,0.0,0.0,0.0,0.0,0.0,0.0,0.0,0.0,0.0,0.0,1.0,1.0,0.0
-1.5276026907619544,-1.6384619194162544,0.9081358137312812,0.515445933367019,-1.5370541373375166,-0.35418948698466474,0.4888949163375746,-0.26347418217772206,-0.3358111558318982,-0.2953096377257877,1.4431114971007408,-0.25449899390432057,0.0,0.0,0.0,1.0,0.0,0.0,0.0,0.0,1.0,0.0,1.0,0.0,1.0,0.0,0.0,0.0,0.0,0.0,0.0,0.0,0.0,0.0,0.0,0.0,1.0,1.0,0.0,0.0,1.0
1.1383375382884073,0.7177816552387841,-0.5559620954906471,-1.2233976911442999,1.2887425146538392,-0.35418948698466474,1.6291746045884776,-0.26347418217772206,-0.3358111558318982,0.23218026279331586,-1.9785522905355675,-0.5015853957531755,0.0,0.0,0.0,0.0,0.0,0.0,0.0,1.0,0.0,0.0,1.0,0.0,0.0,0.0,1.0,0.0,0.0,0.0,0.0,0.0,0.0,0.0,0.0,0.0,0.0,0.0,0.0,0.0,0.0
-0.6463923221637177,-0.8887480547532877,0.20373700539354844,-1.168932751629444,-0.6103423424184179,0.9164454439020248,-0.6513847719133283,-0.08860193736949937,-0.3358111558318982,0.051329049048528676,0.393694048718747,-0.08977472600508395,0.0,0.0,0.0,0.0,0.0,0.0,0.0,1.0,0.0,0.0,1.0,0.0,1.0,0.0,0.0,0.0,0.0,0.0,0.0,0.0,0.0,0.0,0.0,0.0,1.0,1.0,0.0,0.0,1.0
-0.7579379384419755,-0.8887480547532877,0.5455109445741472,-1.0398306727794158,-0.7207000380794698,-0.35418948698466474,-0.6513847719133283,-0.08860193736949937,-0.3358111558318982,-0.2703185034159472,0.5987526305864932,-0.913396065501267,0.0,0.0,0.0,0.0,0.0,0.0,0.0,1.0,0.0,0.0,0.0,0.0,0.0,0.0,0.0,0.0,0.0,0.0,0.0,0.0,0.0,0.0,0.0,0.0,1.0,1.0,0.0,0.0,1.0
-0.31175547332894427,-0.6477685982544769,-0.3474527957252952,-0.07358230138623516,-0.1341935835903388,-0.35418948698466474,0.4888949163375746,-0.4383464269859448,-0.3358111558318982,-0.23082474194184693,0.44194312680527553,-0.6663096636524121,0.0,0.0,1.0,0.0,0.0,0.0,0.0,0.0,0.0,1.0,0.0,0.0,1.0,0.0,0.0,0.0,0.0,0.0,0.0,0.0,0.0,0.0,0.0,0.0,1.0,1.0,0.0,1.0,0.0
1.6960656196796964,2.4581888410635284,-0.6484314371257164,-0.31564869923003813,0.8564439854564431,0.9164454439020248,1.6291746045884776,1.3103760210962823,-0.3358111558318982,-0.008710100908272983,-1.1261519110068985,1.9692786227353738,1.0,1.0,0.0,0.0,0.0,0.0,0.0,1.0,0.0,0.0,0.0,1.0,0.0,1.0,0.0,0.0,0.0,0.0,0.0,0.0,0.0,0.0,0.0,0.0,0.0,0.0,0.0,0.0,0.0
-0.7579379384419755,-1.3846302252375071,0.5255665767705049,-0.4871123977027319,-0.6813196033847788,-0.35418948698466474,0.4888949163375746,-1.1378354062188356,-0.3358111558318982,-0.4569966655749459,0.06399201512746958,-1.0781203334005036,0.0,1.0,0.0,0.0,0.0,0.0,0.0,0.0,0.0,1.0,0.0,1.0,1.0,0.0,0.0,0.0,0.0,0.0,0.0,0.0,0.0,0.0,0.0,0.0,0.0,1.0,0.0,0.0,1.0
-0.8471744314645817,1.012312102070664,0.18197951324412054,-1.5602734281435924,-0.849784633213731,-0.35418948698466474,-0.6513847719133283,1.1355037762880595,-0.3358111558318982,1.6825293043809861,-0.1852948883195941,1.9692786227353738,0.0,0.0,0.0,0.0,0.0,0.0,0.0,1.0,0.0,0.0,0.0,0.0,1.0,0.0,0.0,0.0,0.0,0.0,0.0,0.0,0.0,0.0,0.0,0.0,1.0,0.0,0.0,0.0,1.0
-1.3714388279723935,-0.1390341900903208,0.6298212266531807,0.18865629627788502,-1.356065975144793,-0.35418948698466474,-0.6513847719133283,0.26114255224694605,-0.3358111558318982,0.4803219400770346,0.051929745605837296,1.5574679529872821,0.0,0.0,1.0,0.0,0.0,0.0,0.0,0.0,0.0,1.0,0.0,0.0,0.0,0.0,0.0,0.0,0.0,0.0,0.0,1.0,0.0,0.0,0.0,0.0,0.0,0.0,1.0,0.0,1.0
1.249883154566665,1.119414082736802,0.04418206296440936,-0.2147877001284535,0.5427876856376713,-0.35418948698466474,0.4888949163375746,-0.4383464269859448,-0.3358111558318982,-0.16884327584697476,-0.9653216507184703,0.2396738097933893,1.0,1.0,0.0,0.0,0.0,0.0,0.0,1.0,0.0,0.0,0.0,0.0,0.0,1.0,0.0,0.0,0.0,0.0,0.0,0.0,0.0,0.0,0.0,0.0,1.0,0.0,0.0,0.0,0.0
-0.8694835547202333,-1.547425235850037,1.5209718426068373,-0.08972006124248871,-0.7815046622949516,-0.35418948698466474,-0.6513847719133283,-0.7880909166023902,1.4162470485084402,-0.5212225858738107,0.5585450655143862,-1.2428446012997403,0.0,0.0,1.0,0.0,0.0,0.0,0.0,0.0,1.0,0.0,0.0,1.0,1.0,0.0,0.0,0.0,0.0,0.0,0.0,0.0,0.0,0.0,0.0,0.0,0.0,1.0,0.0,0.0,1.0
1.0267919220101493,-0.08548319975725176,-0.06732508430140906,-1.0418478927614476,1.2079779440862535,-0.35418948698466474,-0.6513847719133283,0.7857592866716141,-0.3358111558318982,0.6550009047608422,-0.5592252434901893,-0.0074125920554656355,0.0,0.0,0.0,0.0,0.0,0.0,0.0,0.0,1.0,0.0,1.0,0.0,0.0,1.0,0.0,0.0,0.0,0.0,0.0,0.0,0.0,0.0,0.0,0.0,1.0,0.0,1.0,1.0,0.0
2.2537937010709856,0.008231033325619095,0.5219403280789336,1.2476967868445232,3.274718643973188,-0.35418948698466474,-0.6513847719133283,-0.6132186717941674,-0.3358111558318982,-0.3019135125952275,1.684356887533383,1.3103815511384274,0.0,0.0,0.0,0.0,1.0,0.0,0.0,0.0,0.0,1.0,0.0,1.0,0.0,1.0,0.0,0.0,0.0,0.0,0.0,0.0,0.0,0.0,0.0,0.0,1.0,0.0,1.0,0.0,0.0
0.5806094568971182,-0.35323815142259707,0.3986478725655078,-1.150777771791159,0.7066287896707693,-0.35418948698466474,-0.6513847719133283,0.9606315314798368,-0.3358111558318982,0.03402085412927816,-0.036526897552797984,0.4867602116422442,0.0,0.0,0.0,0.0,0.0,0.0,0.0,0.0,0.0,1.0,0.0,0.0,0.0,1.0,0.0,0.0,0.0,0.0,0.0,0.0,0.0,0.0,0.0,0.0,1.0,0.0,1.0,1.0,0.0
-0.9252563628593622,-0.35323815142259707,1.3033969211125571,-0.25311487978705555,-0.855757204033376,-0.35418948698466474,-0.6513847719133283,0.7857592866716141,-0.3358111558318982,-0.32699097206676003,-0.7120139907641961,-0.33686112785393885,0.0,1.0,0.0,0.0,0.0,0.0,0.0,1.0,0.0,0.0,0.0,0.0,0.0,0.0,1.0,0.0,0.0,0.0,0.0,0.0,0.0,0.0,0.0,0.0,1.0,0.0,1.0,0.0,1.0
-0.6463923221637177,1.1997405682364057,0.7322627521900714,-0.8199536947379613,-0.5826373203582585,3.457715305675404,0.4888949163375746,1.485248265904505,-0.3358111558318982,-0.48699465926292373,-1.3271897363674336,0.8985708813903357,0.0,1.0,0.0,0.0,0.0,0.0,0.0,1.0,0.0,0.0,0.0,1.0,0.0,1.0,0.0,0.0,0.0,0.0,0.0,0.0,0.0,0.0,0.0,0.0,1.0,0.0,0.0,0.0,1.0
-0.20020985705068647,-0.24613617075645894,-0.2277865889034411,0.40248161437324453,0.05242035498734082,-0.35418948698466474,-0.6513847719133283,-0.7880909166023902,-0.3358111558318982,0.25475429257577975,1.0892849244661984,-0.6663096636524121,0.0,0.0,1.0,0.0,0.0,0.0,0.0,1.0,0.0,0.0,0.0,0.0,1.0,0.0,0.0,0.0,0.0,0.0,0.0,0.0,0.0,0.0,0.0,0.0,0.0,0.0,1.0,1.0,0.0
0.02288137550582915,0.5839041794061115,0.16022202109469233,0.08779529717630039,0.2758715690719915,0.9164454439020248,-0.6513847719133283,-0.08860193736949937,-0.3358111558318982,-0.11053062912401354,-0.7843876078939888,-0.08977472600508395,0.0,0.0,1.0,0.0,0.0,0.0,0.0,1.0,0.0,0.0,1.0,0.0,0.0,1.0,0.0,0.0,0.0,0.0,0.0,0.0,0.0,0.0,0.0,0.0,0.0,0.0,1.0,1.0,0.0
1.6960656196796964,-0.08548319975725176,0.6887477678912153,0.059554217427856576,2.2292104888156037,-0.35418948698466474,0.4888949163375746,-0.4383464269859448,-0.3358111558318982,0.48567410010193995,0.6831885172379177,-0.0074125920554656355,0.0,0.0,1.0,0.0,0.0,0.0,0.0,0.0,0.0,1.0,0.0,1.0,0.0,1.0,0.0,0.0,0.0,0.0,0.0,0.0,0.0,0.0,0.0,0.0,0.0,0.0,1.0,0.0,0.0
-0.5348467058854599,-0.3264626562560625,-0.22416034021186954,-1.0963128322763032,-0.48453302805622017,-0.35418948698466474,-0.6513847719133283,1.1355037762880595,-0.3358111558318982,-0.2975109293489343,-0.6999517212425639,0.3220359437430076,0.0,0.0,0.0,0.0,0.0,0.0,0.0,0.0,1.0,0.0,1.0,0.0,0.0,0.0,1.0,0.0,0.0,0.0,0.0,0.0,0.0,0.0,0.0,0.0,1.0,0.0,1.0,1.0,0.0
0.3575182243406026,0.7177816552387841,1.1139254269779546,0.5981519526303185,0.0021351619574271124,-0.35418948698466474,0.4888949163375746,-0.08860193736949937,1.4162470485084402,-0.5955053875097961,-1.2869821712953264,-0.0074125920554656355,1.0,0.0,1.0,0.0,0.0,0.0,0.0,0.0,0.0,1.0,0.0,1.0,0.0,1.0,0.0,0.0,0.0,0.0,0.0,0.0,0.0,0.0,0.0,0.0,1.0,0.0,0.0,1.0,0.0
1.0267919220101493,-0.08548319975725176,0.832891153381176,-0.08770284126045706,0.4009487618498456,-0.35418948698466474,0.4888949163375746,0.26114255224694605,-0.3358111558318982,0.6642376970618885,0.5223582569494896,1.4751058190376638,1.0,0.0,1.0,0.0,0.0,0.0,0.0,1.0,0.0,0.0,0.0,1.0,0.0,1.0,0.0,0.0,0.0,0.0,0.0,0.0,0.0,0.0,0.0,0.0,1.0,0.0,1.0,1.0,0.0
2.2537937010709856,2.4581888410635284,-0.9267460242038168,1.6935024028735275,1.9974747410133806,-0.35418948698466474,0.4888949163375746,-0.26347418217772206,1.4162470485084402,-0.26358514080396944,1.073201898437356,-0.33686112785393885,1.0,0.0,0.0,1.0,0.0,0.0,0.0,1.0,0.0,0.0,1.0,0.0,0.0,1.0,0.0,0.0,0.0,0.0,0.0,0.0,0.0,0.0,0.0,0.0,1.0,0.0,0.0,0.0,0.0
0.6921550731753761,0.7177816552387841,-0.002052607853125042,-1.4069647095091837,0.7793785555255409,-0.35418948698466474,-0.6513847719133283,-0.08860193736949937,-0.3358111558318982,0.6786539990644563,-0.33406287908638993,0.07494954189415268,0.0,0.0,0.0,0.0,0.0,0.0,0.0,0.0,1.0,0.0,0.0,0.0,1.0,0.0,0.0,0.0,0.0,0.0,0.0,0.0,0.0,0.0,0.0,0.0,0.0,0.0,0.0,1.0,0.0
-1.0925747872767488,-0.5674421127548733,-0.612168950210003,-0.5173706974332074,-1.0591714063359923,0.9164454439020248,-0.6513847719133283,-0.08860193736949937,-0.3358111558318982,-0.18710104754483753,-0.3139590965503364,1.3927436850880455,0.0,1.0,0.0,0.0,0.0,0.0,0.0,0.0,1.0,0.0,1.0,0.0,0.0,1.0,0.0,0.0,0.0,0.0,0.0,0.0,0.0,0.0,0.0,0.0,1.0,0.0,1.0,0.0,1.0
-0.5348467058854599,2.217209384564718,-1.556806734364337,0.059554217427856576,-0.3804561649345368,-0.35418948698466474,-0.6513847719133283,-1.3127076510270583,-0.3358111558318982,-0.2545641614071531,0.16451092780773713,0.40439807769262587,0.0,0.0,1.0,0.0,0.0,0.0,0.0,0.0,0.0,1.0,0.0,1.0,0.0,0.0,1.0,0.0,0.0,0.0,0.0,0.0,0.0,0.0,0.0,0.0,0.0,0.0,0.0,1.0,0.0
-0.5348467058854599,-0.35323815142259707,1.6442642981202629,-0.40238915845740086,-0.4226494878217057,-0.35418948698466474,-0.6513847719133283,1.485248265904505,-0.3358111558318982,0.5478282165201962,-0.5511837304757681,0.6514844795414808,0.0,1.0,0.0,0.0,0.0,0.0,0.0,1.0,0.0,0.0,0.0,0.0,1.0,0.0,0.0,0.0,0.0,0.0,0.0,0.0,0.0,0.0,0.0,0.0,1.0,0.0,1.0,1.0,0.0
1.0267919220101493,2.4581888410635284,0.045088625137302336,-1.5602734281435924,1.0997010150333357,-0.35418948698466474,-0.6513847719133283,1.6601205107127277,-0.3358111558318982,3.7642605785841092,0.5464827959927536,0.7338466134910991,0.0,0.0,0.0,0.0,0.0,0.0,0.0,1.0,0.0,0.0,1.0,0.0,1.0,0.0,0.0,0.0,0.0,0.0,0.0,0.0,0.0,0.0,0.0,0.0,0.0,0.0,0.0,1.0,0.0
0.3575182243406026,-0.6209931030879423,0.6280081023073951,-0.41650969833162277,0.5851351393847021,-0.35418948698466474,0.4888949163375746,1.8349927555209502,-0.3358111558318982,0.3928745512830158,0.1685316843149479,0.40439807769262587,0.0,1.0,0.0,0.0,0.0,0.0,0.0,0.0,0.0,1.0,0.0,0.0,0.0,1.0,0.0,0.0,0.0,0.0,0.0,0.0,0.0,0.0,0.0,0.0,0.0,0.0,1.0,1.0,0.0
-0.31175547332894427,0.7177816552387841,-0.9512232028719233,-1.2072599312880463,-0.2560725610260606,-0.35418948698466474,-0.6513847719133283,-0.6132186717941674,-0.3358111558318982,-0.057224841779189635,0.40173556173316854,-1.0781203334005036,0.0,0.0,0.0,0.0,0.0,0.0,0.0,1.0,0.0,0.0,0.0,0.0,0.0,1.0,0.0,0.0,0.0,0.0,0.0,0.0,0.0,0.0,0.0,0.0,0.0,0.0,0.0,1.0,0.0
-1.5164481291341285,0.8516591310714567,-0.875978542521818,-0.15427110066750294,-1.5310430338029064,-0.35418948698466474,0.4888949163375746,-1.3127076510270583,-0.3358111558318982,-0.31460331136395475,-0.14910807975469784,-1.3252067352493586,0.0,0.0,1.0,0.0,0.0,0.0,0.0,0.0,0.0,1.0,1.0,0.0,0.0,1.0,0.0,0.0,0.0,0.0,0.0,0.0,0.0,0.0,0.0,0.0,1.0,0.0,0.0,0.0,1.0
0.031247296726698487,-0.7280950837540805,0.1937648214917273,0.9108210498452309,-0.2237821458850126,-0.35418948698466474,-0.6513847719133283,-0.08860193736949937,-0.3358111558318982,-0.1130772213939282,0.5183375004422789,-0.6663096636524121,1.0,0.0,0.0,1.0,0.0,0.0,0.0,1.0,0.0,0.0,1.0,0.0,1.0,0.0,0.0,0.0,0.0,0.0,0.0,0.0,0.0,0.0,0.0,0.0,0.0,1.0,0.0,1.0,0.0
-0.4456102128628536,-0.8619725595867531,-0.16614036114672806,0.515445933367019,-0.6818590613942951,-0.35418948698466474,-0.6513847719133283,1.6601205107127277,-0.3358111558318982,-0.16685779712805823,0.3374034576177972,0.4867602116422442,1.0,0.0,0.0,1.0,0.0,0.0,0.0,1.0,0.0,0.0,1.0,0.0,0.0,1.0,0.0,0.0,0.0,0.0,0.0,0.0,0.0,0.0,0.0,0.0,1.0,1.0,0.0,1.0,0.0
-0.5348467058854599,-0.9572933223796161,0.2789816657436539,1.580538083879753,-0.6452144494621511,-0.35418948698466474,-0.6513847719133283,-1.3127076510270583,-0.3358111558318982,-0.18800746174260374,1.933643790980446,-1.5722931370982134,1.0,0.0,0.0,1.0,0.0,0.0,0.0,0.0,0.0,1.0,1.0,0.0,0.0,1.0,0.0,0.0,0.0,0.0,0.0,0.0,0.0,0.0,0.0,0.0,1.0,1.0,0.0,1.0,0.0
1.4729743871231806,0.008900420704782457,-0.32660186574875993,-0.2793387395534677,0.696764414639614,-0.35418948698466474,-0.6513847719133283,-0.26347418217772206,-0.3358111558318982,0.08551381307856959,0.393694048718747,0.07494954189415268,1.0,1.0,0.0,0.0,0.0,0.0,0.0,1.0,0.0,0.0,1.0,0.0,0.0,1.0,0.0,0.0,0.0,0.0,0.0,0.0,0.0,0.0,0.0,0.0,0.0,0.0,1.0,0.0,0.0
-0.7579379384419755,0.04839427607542089,-0.23141283759501238,-0.31564869923003813,-0.6688735364509383,-0.35418948698466474,-0.6513847719133283,-0.7880909166023902,1.4162470485084402,-0.2650095059718878,-0.2817930444926509,-1.160482467350122,0.0,1.0,0.0,0.0,0.0,0.0,0.0,0.0,0.0,1.0,1.0,0.0,0.0,1.0,0.0,0.0,0.0,0.0,0.0,0.0,0.0,0.0,0.0,0.0,1.0,0.0,1.0,0.0,1.0
2.594704990821411,1.52104651023482,-1.0201219280117786,-1.4069647095091837,3.009266770576195,-0.35418948698466474,0.4888949163375746,-0.08860193736949937,1.4162470485084402,-0.1444995802498244,-0.7401592863146709,-0.08977472600508395,0.0,0.0,0.0,0.0,0.0,0.0,0.0,1.0,0.0,0.0,0.0,1.0,1.0,0.0,0.0,0.0,0.0,0.0,0.0,0.0,0.0,0.0,0.0,0.0,0.0,0.0,0.0,0.0,0.0
-0.08866424077242865,-0.9422990450863568,-1.287557769015165,-1.1790188515396025,-0.014395372762751484,-0.35418948698466474,0.4888949163375746,-0.9629631614106129,-0.3358111558318982,-0.4003241969241331,-0.7039724777497747,-1.489931003148595,0.0,0.0,0.0,0.0,0.0,0.0,0.0,0.0,0.0,1.0,1.0,0.0,1.0,0.0,0.0,0.0,0.0,0.0,0.0,0.0,0.0,0.0,0.0,0.0,0.0,1.0,0.0,1.0,0.0
-0.044045994261125536,-0.19258518042338987,-0.36195779049158056,-0.8381086745762465,0.076618899985644,-0.35418948698466474,-0.6513847719133283,0.4360147970551687,-0.3358111558318982,0.21193701237653656,0.4660676658485398,-0.17213685995470224,0.0,0.0,0.0,0.0,0.0,0.0,0.0,1.0,0.0,0.0,1.0,0.0,0.0,1.0,0.0,0.0,0.0,0.0,0.0,0.0,0.0,0.0,0.0,0.0,0.0,0.0,1.0,1.0,0.0
-1.148347595415878,-0.9155235499198222,-0.2740212597209755,-1.314172590335726,-1.1534994925714166,2.187080374788714,-0.6513847719133283,0.7857592866716141,-0.3358111558318982,-0.46174454946800714,-0.808512146937253,0.40439807769262587,0.0,0.0,0.0,0.0,0.0,0.0,0.0,1.0,0.0,0.0,0.0,0.0,0.0,0.0,0.0,0.0,0.0,1.0,0.0,0.0,0.0,0.0,0.0,0.0,1.0,1.0,0.0,0.0,1.0
-1.0284360579167506,-0.4871156272552697,-0.2549834540902259,0.7938222908873924,-0.919490314586232,0.9164454439020248,1.6291746045884776,-0.4383464269859448,-0.3358111558318982,-0.5497962143938702,-0.3220006095647579,-0.08977472600508395,0.0,0.0,0.0,1.0,0.0,0.0,0.0,0.0,0.0,1.0,0.0,0.0,0.0,1.0,0.0,0.0,0.0,0.0,0.0,0.0,0.0,0.0,0.0,0.0,1.0,0.0,1.0,0.0,1.0
-0.7579379384419755,-0.05870770459071723,0.07953798770722997,-0.39028583856521093,-0.6743066492610668,-0.35418948698466474,-0.6513847719133283,-0.08860193736949937,-0.3358111558318982,0.1721842754173602,0.08409579766352308,-0.5015853957531755,0.0,1.0,0.0,0.0,0.0,0.0,0.0,0.0,0.0,1.0,0.0,0.0,1.0,0.0,0.0,0.0,0.0,0.0,0.0,0.0,0.0,0.0,0.0,0.0,1.0,0.0,1.0,0.0,1.0
-0.5348467058854599,-0.8887480547532877,-0.45986650516400673,0.10191583705052229,-0.7974572062906484,-0.35418948698466474,-0.6513847719133283,-1.1378354062188356,-0.3358111558318982,-0.47961385793825584,-0.2375647229133331,-0.8310339315516487,1.0,0.0,1.0,0.0,0.0,0.0,0.0,0.0,0.0,1.0,1.0,0.0,0.0,1.0,0.0,0.0,0.0,0.0,0.0,0.0,0.0,0.0,0.0,0.0,1.0,1.0,0.0,1.0,0.0
-1.3156660198332646,1.4407200247352165,-0.06279227343694514,0.5981519526303185,-1.2787308162091326,-0.35418948698466474,0.4888949163375746,0.6108870418633914,-0.3358111558318982,0.21854088724597628,1.0812434114517775,0.07494954189415268,0.0,0.0,1.0,0.0,0.0,0.0,0.0,0.0,1.0,0.0,0.0,0.0,0.0,0.0,0.0,0.0,1.0,0.0,0.0,0.0,0.0,0.0,0.0,0.0,1.0,0.0,0.0,0.0,1.0
-0.8137107465811044,-1.238757327570227,0.4974631494108268,-0.4649229779003834,-0.7425480874648807,-0.35418948698466474,-0.6513847719133283,-0.7880909166023902,1.4162470485084402,-0.6025840507685419,-0.8849065205742562,-0.6663096636524121,0.0,1.0,0.0,0.0,0.0,0.0,0.0,0.0,0.0,1.0,0.0,1.0,0.0,1.0,0.0,0.0,0.0,0.0,0.0,0.0,0.0,0.0,0.0,0.0,0.0,1.0,0.0,0.0,1.0
2.594704990821411,2.4581888410635284,0.453041602939078,-1.5622906481256242,2.9556677640592532,-0.35418948698466474,-0.6513847719133283,0.26114255224694605,-0.3358111558318982,3.599163706848116,0.29317513603847944,0.8985708813903357,0.0,0.0,0.0,0.0,0.0,0.0,0.0,1.0,0.0,0.0,0.0,1.0,1.0,0.0,0.0,0.0,0.0,0.0,0.0,0.0,0.0,0.0,0.0,0.0,1.0,0.0,0.0,0.0,0.0
-0.5348467058854599,0.9855366069041295,-0.8016404443446055,2.0868602993697074,-0.5901511997765216,-0.35418948698466474,-0.6513847719133283,0.26114255224694605,-0.3358111558318982,0.6327721756251463,0.9003093686272958,-0.33686112785393885,1.0,0.0,0.0,0.0,1.0,0.0,0.0,1.0,0.0,0.0,1.0,0.0,0.0,0.0,0.0,0.0,0.0,0.0,0.0,1.0,0.0,0.0,0.0,0.0,1.0,0.0,0.0,1.0,0.0
0.5806094568971182,0.4500267035734388,1.036867642282064,-1.197173831377888,0.6984983868130591,-0.35418948698466474,-0.6513847719133283,0.9606315314798368,-0.3358111558318982,0.4506260844549788,-0.3541666616224434,0.2396738097933893,0.0,0.0,0.0,0.0,0.0,0.0,0.0,1.0,0.0,0.0,0.0,1.0,0.0,1.0,0.0,0.0,0.0,0.0,0.0,0.0,0.0,0.0,0.0,0.0,0.0,0.0,1.0,1.0,0.0
0.13442699178408696,-0.16580968525685535,0.4802384681258632,1.108508608084337,-0.10120957957991268,-0.35418948698466474,-0.6513847719133283,-0.4383464269859448,-0.3358111558318982,-0.11929263303575383,1.1978453501608874,-0.33686112785393885,1.0,0.0,0.0,0.0,1.0,0.0,0.0,1.0,0.0,0.0,1.0,0.0,0.0,0.0,1.0,0.0,0.0,0.0,0.0,0.0,0.0,0.0,0.0,0.0,1.0,0.0,1.0,1.0,0.0
-0.579464952396763,0.5839041794061115,0.7050658870032862,-0.01306570192528424,-0.43906442439698784,-0.35418948698466474,2.7694542928393804,2.8842262243702863,1.4162470485084402,0.13739523525547512,-1.1100688849780558,1.0632951492895724,0.0,0.0,1.0,0.0,0.0,0.0,0.0,1.0,0.0,0.0,1.0,0.0,0.0,1.0,0.0,0.0,0.0,0.0,0.0,0.0,0.0,0.0,0.0,0.0,0.0,0.0,1.0,0.0,1.0
0.6921550731753761,0.5705164318228442,-0.13894349595994326,2.508459275614331,0.7131022857849648,-0.35418948698466474,-0.6513847719133283,-0.6132186717941674,-0.3358111558318982,0.05404829164182739,-0.26571001846380815,0.3220359437430076,1.0,0.0,0.0,0.0,1.0,0.0,0.0,0.0,0.0,1.0,0.0,0.0,0.0,1.0,0.0,0.0,0.0,0.0,0.0,0.0,0.0,0.0,0.0,0.0,0.0,0.0,1.0,1.0,0.0
-1.3658615471584805,-0.299687161089528,-1.0364400471238497,3.577585866091128,-1.2638957209474337,-0.35418948698466474,-0.6513847719133283,-1.1378354062188356,-0.3358111558318982,-0.3865121710534095,2.1708684249058776,-1.5722931370982134,0.0,0.0,0.0,0.0,0.0,0.0,1.0,0.0,0.0,1.0,1.0,0.0,0.0,1.0,0.0,0.0,0.0,0.0,0.0,0.0,0.0,0.0,0.0,0.0,1.0,0.0,1.0,0.0,1.0
0.02288137550582915,-0.5942176079214079,0.6760558974707155,-0.7836437350613908,0.15730640512329858,-0.35418948698466474,1.6291746045884776,0.7857592866716141,-0.3358111558318982,1.2897066561014376,0.1886354668510014,-0.08977472600508395,0.0,1.0,0.0,0.0,0.0,0.0,0.0,1.0,0.0,0.0,1.0,0.0,1.0,0.0,0.0,0.0,0.0,0.0,0.0,0.0,0.0,0.0,0.0,0.0,1.0,0.0,1.0,1.0,0.0
-0.8694835547202333,-1.0226255305859604,-0.4553336942995425,0.18663907629585336,-0.7636640152659478,0.9164454439020248,-0.6513847719133283,0.6108870418633914,-0.3358111558318982,-0.2894395267307302,0.7394791083388678,-0.0074125920554656355,0.0,0.0,1.0,0.0,0.0,0.0,0.0,1.0,0.0,0.0,1.0,0.0,0.0,1.0,0.0,0.0,0.0,0.0,0.0,0.0,0.0,0.0,0.0,0.0,1.0,1.0,0.0,0.0,1.0
2.594704990821411,-0.9101684508865153,-1.6819123142235484,0.10595027701458559,1.8676194915798103,-0.35418948698466474,-0.6513847719133283,-0.7880909166023902,-0.3358111558318982,-0.7092819506198818,-2.010718342593253,-1.2428446012997403,1.0,0.0,1.0,0.0,0.0,0.0,0.0,0.0,0.0,1.0,1.0,0.0,0.0,0.0,0.0,0.0,0.0,0.0,0.0,1.0,0.0,0.0,0.0,0.0,1.0,1.0,0.0,0.0,0.0
0.5806094568971182,-0.5674421127548733,0.15931545892179969,-0.9409868936598628,0.743581663322637,-0.35418948698466474,-0.6513847719133283,0.4360147970551687,-0.3358111558318982,0.27961593914308225,-0.2817930444926509,0.4867602116422442,0.0,1.0,0.0,0.0,0.0,0.0,0.0,0.0,0.0,1.0,1.0,0.0,0.0,1.0,0.0,0.0,0.0,0.0,0.0,0.0,0.0,0.0,0.0,0.0,0.0,0.0,1.0,1.0,0.0
-1.4272116361115224,-1.2903804822513056,-1.4380470897153756,-0.731196015528567,-1.4386415833157546,0.9164454439020248,-0.6513847719133283,-0.7880909166023902,-0.3358111558318982,-0.6926211944133214,-1.9343239689562497,-0.9957581994508853,0.0,1.0,0.0,0.0,0.0,0.0,0.0,1.0,0.0,0.0,0.0,1.0,0.0,0.0,0.0,0.0,0.0,0.0,0.0,1.0,0.0,0.0,0.0,0.0,0.0,1.0,0.0,0.0,1.0
-0.31175547332894427,0.7177816552387841,0.1176135989687292,2.6718540941588986,-0.2926401075282737,-0.35418948698466474,1.6291746045884776,-0.08860193736949937,-0.3358111558318982,-0.5611479731563711,-0.31797985305754717,0.4867602116422442,1.0,0.0,0.0,0.0,1.0,0.0,0.0,1.0,0.0,0.0,0.0,1.0,0.0,1.0,0.0,0.0,0.0,0.0,0.0,0.0,0.0,0.0,0.0,0.0,0.0,0.0,0.0,1.0,0.0
-0.7579379384419755,-0.35323815142259707,-1.4489258357900896,-0.2793387395534677,-0.6662533118332876,-0.35418948698466474,-0.6513847719133283,-1.6624521406435036,-0.3358111558318982,-0.4476303855313615,0.23688454493752967,-1.489931003148595,0.0,1.0,0.0,0.0,0.0,0.0,0.0,0.0,1.0,0.0,1.0,0.0,0.0,1.0,0.0,0.0,0.0,0.0,0.0,0.0,0.0,0.0,0.0,0.0,0.0,0.0,1.0,0.0,1.0
0.3575182243406026,-0.8716535076191653,-0.1978700371979774,-0.13409890084718573,-0.12872193806524493,-0.35418948698466474,-0.6513847719133283,-0.7880909166023902,-0.3358111558318982,-0.0992651955232046,0.8962886121200848,-0.913396065501267,1.0,0.0,1.0,0.0,0.0,0.0,0.0,1.0,0.0,0.0,1.0,0.0,1.0,0.0,0.0,0.0,0.0,0.0,0.0,0.0,0.0,0.0,0.0,0.0,0.0,1.0,0.0,1.0,0.0
-0.08866424077242865,0.5839041794061115,0.4485087920746138,0.7938222908873924,0.23776271397116042,0.9164454439020248,1.6291746045884776,1.485248265904505,-0.3358111558318982,0.5914224231746675,1.016911307336406,0.7338466134910991,0.0,0.0,0.0,1.0,0.0,0.0,0.0,0.0,1.0,0.0,1.0,0.0,0.0,0.0,0.0,0.0,0.0,0.0,0.0,1.0,0.0,0.0,0.0,0.0,0.0,0.0,1.0,1.0,0.0
2.2537937010709856,0.36970021807383524,0.8773126998529248,-0.6666449761035527,2.6506042596777766,-0.35418948698466474,-0.6513847719133283,1.8349927555209502,-0.3358111558318982,2.0626621538918073,1.246094428247416,1.228019417188809,0.0,1.0,0.0,0.0,0.0,0.0,0.0,1.0,0.0,0.0,1.0,0.0,1.0,0.0,0.0,0.0,0.0,0.0,0.0,0.0,0.0,0.0,0.0,0.0,1.0,0.0,1.0,0.0,0.0
0.18183387870234652,0.187982429517212,1.9135132634694354,0.05551977746379328,0.45728359112933514,-0.35418948698466474,-0.6513847719133283,4.283204182836068,1.4162470485084402,1.1134306759263277,0.8038112124542388,1.4751058190376638,0.0,0.0,1.0,0.0,0.0,0.0,0.0,1.0,0.0,0.0,0.0,1.0,1.0,0.0,0.0,0.0,0.0,0.0,0.0,0.0,0.0,0.0,0.0,0.0,0.0,0.0,1.0,1.0,0.0
0.5806094568971182,-0.35323815142259707,0.8501158346661396,2.5730103150393453,0.6134566848843087,-0.35418948698466474,0.4888949163375746,0.08627030743872333,1.4162470485084402,-0.06991464054791695,-0.04054765406000874,0.6514844795414808,1.0,0.0,0.0,0.0,1.0,0.0,0.0,1.0,0.0,0.0,0.0,1.0,0.0,1.0,0.0,0.0,0.0,0.0,0.0,0.0,0.0,0.0,0.0,0.0,0.0,0.0,1.0,1.0,0.0
0.3575182243406026,-0.19258518042338987,1.3478184675843061,0.9955442890905617,0.0756170493965423,-0.35418948698466474,0.4888949163375746,-0.08860193736949937,-0.3358111558318982,-0.06827446247576852,0.30523740556011175,1.3927436850880455,1.0,0.0,0.0,1.0,0.0,0.0,0.0,1.0,0.0,0.0,0.0,0.0,0.0,1.0,0.0,0.0,0.0,0.0,0.0,0.0,0.0,0.0,0.0,0.0,0.0,0.0,1.0,1.0,0.0
0.0507677795753936,1.52104651023482,-1.0781419070769203,0.9108210498452309,0.4264959518719397,-0.35418948698466474,0.4888949163375746,-0.7880909166023902,10.176538070210132,-0.4775852166384933,0.12430336273563011,-0.5015853957531755,0.0,0.0,0.0,1.0,0.0,0.0,0.0,1.0,0.0,0.0,0.0,1.0,0.0,0.0,0.0,0.0,0.0,0.0,0.0,0.0,0.0,1.0,0.0,0.0,0.0,0.0,0.0,1.0,0.0
1.6960656196796964,0.3161492277407662,-1.3890927323791626,-1.1527949917731906,1.9020677387589238,-0.35418948698466474,-0.6513847719133283,-0.6132186717941674,-0.3358111558318982,-0.38763439815540585,-1.2869821712953264,-1.3252067352493586,0.0,0.0,0.0,0.0,0.0,0.0,0.0,0.0,0.0,1.0,1.0,0.0,0.0,0.0,0.0,0.0,1.0,0.0,0.0,0.0,0.0,0.0,0.0,0.0,0.0,0.0,1.0,0.0,0.0
0.5806094568971182,2.0030054232324415,-0.1325975607496934,-0.5173706974332074,-0.02923046802445024,2.187080374788714,0.4888949163375746,0.4360147970551687,1.4162470485084402,-0.2024669263260175,1.1174302200166735,-0.0074125920554656355,1.0,1.0,0.0,0.0,0.0,0.0,0.0,1.0,0.0,0.0,1.0,0.0,1.0,0.0,0.0,0.0,0.0,0.0,0.0,0.0,0.0,0.0,0.0,0.0,1.0,0.0,0.0,1.0,0.0
0.6921550731753761,0.9319856165710604,-0.42632370476697173,0.1200708168888075,1.0666014128780132,-0.35418948698466474,0.4888949163375746,-0.08860193736949937,1.4162470485084402,-0.6709104162477777,-1.5684351268000758,0.980933015339954,0.0,0.0,1.0,0.0,0.0,0.0,0.0,0.0,0.0,1.0,1.0,0.0,0.0,0.0,1.0,0.0,0.0,0.0,0.0,0.0,0.0,0.0,0.0,0.0,0.0,0.0,0.0,1.0,0.0
1.6960656196796964,2.4581888410635284,-0.4489877590892926,-1.168932751629444,1.897829140112724,-0.35418948698466474,0.4888949163375746,-0.26347418217772206,-0.3358111558318982,1.049463731112539,0.3856525357043258,0.07494954189415268,0.0,0.0,0.0,0.0,0.0,0.0,0.0,0.0,0.0,1.0,1.0,0.0,1.0,0.0,0.0,0.0,0.0,0.0,0.0,0.0,0.0,0.0,0.0,0.0,1.0,0.0,0.0,0.0,0.0
-0.9810291709984912,-1.1744532983782778,0.6769624596436081,-1.051933992671606,-0.9624928244876754,-0.35418948698466474,0.4888949163375746,0.7857592866716141,-0.3358111558318982,-0.5811322480880743,-1.8820541343625103,-0.5015853957531755,0.0,0.0,0.0,0.0,0.0,0.0,0.0,0.0,0.0,1.0,0.0,0.0,0.0,1.0,0.0,0.0,0.0,0.0,0.0,0.0,0.0,0.0,0.0,0.0,0.0,1.0,0.0,0.0,1.0
-0.5627331099550243,-1.0922418180189502,0.23909293013636906,0.6748063119475226,-0.7636640152659478,-0.35418948698466474,0.4888949163375746,-0.7880909166023902,-0.3358111558318982,-0.3508598792746042,0.9606207162354564,-0.913396065501267,1.0,0.0,0.0,0.0,1.0,0.0,0.0,0.0,1.0,0.0,0.0,0.0,0.0,0.0,1.0,0.0,0.0,0.0,0.0,0.0,0.0,0.0,0.0,0.0,0.0,1.0,0.0,0.0,1.0
1.4729743871231806,2.324311365230856,1.3396594080282704,-1.0418478927614476,1.6901763391639082,-0.35418948698466474,2.7694542928393804,2.7093539795620636,-0.3358111558318982,1.681968190829988,0.3615279966610615,1.5574679529872821,0.0,0.0,0.0,0.0,0.0,0.0,0.0,1.0,0.0,0.0,0.0,1.0,1.0,0.0,0.0,0.0,0.0,0.0,0.0,0.0,0.0,0.0,0.0,0.0,1.0,0.0,0.0,0.0,0.0
-0.5348467058854599,0.7177816552387841,-1.1851162434782747,-0.6827827359598062,-0.4478884161240762,-0.35418948698466474,0.4888949163375746,-0.9629631614106129,-0.3358111558318982,-0.11169601880685584,0.4700884223557506,-1.0781203334005036,0.0,1.0,0.0,0.0,0.0,0.0,0.0,0.0,0.0,1.0,0.0,0.0,0.0,1.0,0.0,0.0,0.0,0.0,0.0,0.0,0.0,0.0,0.0,0.0,1.0,0.0,0.0,1.0,0.0
-0.7579379384419755,0.8248836359049223,-1.1860228056511675,-0.08972006124248871,-0.6523815344457251,-0.35418948698466474,3.9097339810902834,-1.3127076510270583,-0.3358111558318982,-0.3399397463205634,1.0772226549445665,0.4867602116422442,0.0,0.0,1.0,0.0,0.0,0.0,0.0,1.0,0.0,0.0,1.0,0.0,0.0,0.0,1.0,0.0,0.0,0.0,0.0,0.0,0.0,0.0,0.0,0.0,0.0,0.0,0.0,0.0,1.0
-0.5348467058854599,-0.4603401320887352,-1.3383252506971637,-0.656558876193394,-0.4455379205111836,0.9164454439020248,-0.6513847719133283,0.6108870418633914,-0.3358111558318982,-0.5564000892633099,-1.809680517232718,0.7338466134910991,0.0,1.0,0.0,0.0,0.0,0.0,0.0,1.0,0.0,0.0,1.0,0.0,0.0,0.0,0.0,0.0,0.0,0.0,0.0,1.0,0.0,0.0,0.0,0.0,0.0,0.0,1.0,1.0,0.0
-0.5348467058854599,-0.9690745402528912,0.5708946854151467,0.9955442890905617,-0.7070209242667348,-0.35418948698466474,0.4888949163375746,-1.3127076510270583,-0.3358111558318982,-0.2941442480429454,1.1174302200166735,-0.33686112785393885,1.0,0.0,0.0,1.0,0.0,0.0,0.0,1.0,0.0,0.0,0.0,1.0,0.0,1.0,0.0,0.0,0.0,0.0,0.0,0.0,0.0,0.0,0.0,0.0,0.0,1.0,0.0,1.0,0.0
-0.4456102128628536,-0.5071972486301706,1.1093926161134904,-0.07358230138623516,-0.2892877613262794,-0.35418948698466474,-0.6513847719133283,-0.4383464269859448,-0.3358111558318982,-0.2537872349519249,-0.9251140856463633,-0.8310339315516487,0.0,0.0,1.0,0.0,0.0,0.0,0.0,0.0,0.0,1.0,1.0,0.0,0.0,1.0,0.0,0.0,0.0,0.0,0.0,0.0,0.0,0.0,0.0,0.0,1.0,0.0,1.0,1.0,0.0
1.1383375382884073,2.4581888410635284,-1.2259115412584523,0.40248161437324453,0.6089868899483161,-0.35418948698466474,-0.6513847719133283,0.08627030743872333,1.4162470485084402,0.6284990801213912,0.6228771696297571,-0.33686112785393885,1.0,0.0,1.0,0.0,0.0,0.0,0.0,1.0,0.0,0.0,1.0,0.0,0.0,1.0,0.0,0.0,0.0,0.0,0.0,0.0,0.0,0.0,0.0,0.0,0.0,0.0,0.0,0.0,0.0
0.3575182243406026,0.7713326455718532,-0.4888764946965775,-1.5602734281435924,0.4034533883226003,0.9164454439020248,-0.6513847719133283,-0.08860193736949937,-0.3358111558318982,-0.44214873776391805,-1.2829614147881159,0.8162087474407175,0.0,0.0,0.0,0.0,0.0,0.0,0.0,0.0,0.0,1.0,0.0,0.0,0.0,1.0,0.0,0.0,0.0,0.0,0.0,0.0,0.0,0.0,0.0,0.0,0.0,0.0,0.0,1.0,0.0
-0.7774584212906707,-0.8887480547532877,0.057780495557802077,-0.41650969833162277,-0.6982739979695775,-0.35418948698466474,-0.6513847719133283,1.8349927555209502,-0.3358111558318982,-0.30489173067360226,-0.9371763551679955,1.7221922208865188,0.0,1.0,0.0,0.0,0.0,0.0,0.0,1.0,0.0,0.0,1.0,0.0,0.0,1.0,0.0,0.0,0.0,0.0,0.0,0.0,0.0,0.0,0.0,0.0,0.0,1.0,0.0,0.0,1.0
-0.6742787262332821,-0.8533508501431291,0.9090423759041741,-0.3257347991401967,-0.5743913193556521,0.9164454439020248,-0.6513847719133283,-0.26347418217772206,-0.3358111558318982,-0.21101311733352776,1.0249528203508274,-1.0781203334005036,0.0,1.0,0.0,0.0,0.0,0.0,0.0,1.0,0.0,0.0,1.0,0.0,1.0,0.0,0.0,0.0,0.0,0.0,0.0,0.0,0.0,0.0,0.0,0.0,1.0,1.0,0.0,0.0,1.0
-1.0925747872767488,-1.0226255305859604,0.37145100737872305,-0.5173706974332074,-1.0591714063359923,3.457715305675404,-0.6513847719133283,1.6601205107127277,-0.3358111558318982,-0.09831561874459235,-0.9653216507184703,0.3220359437430076,0.0,1.0,0.0,0.0,0.0,0.0,0.0,0.0,0.0,1.0,0.0,0.0,0.0,1.0,0.0,0.0,0.0,0.0,0.0,0.0,0.0,0.0,0.0,0.0,1.0,1.0,0.0,0.0,1.0
1.6960656196796964,0.3429247229073007,-0.07095133299298063,2.2300829180939576,1.6476362218420504,-0.35418948698466474,1.6291746045884776,-0.7880909166023902,-0.3358111558318982,-0.42898415060588463,0.369569509675483,-0.8310339315516487,1.0,0.0,0.0,0.0,0.0,1.0,0.0,0.0,0.0,1.0,0.0,1.0,0.0,1.0,0.0,0.0,0.0,0.0,0.0,0.0,0.0,0.0,0.0,0.0,0.0,0.0,1.0,0.0,0.0
2.2537937010709856,0.45862163752189644,-0.8505948016808185,0.9108210498452309,1.7079399207629813,-0.35418948698466474,-0.6513847719133283,-0.08860193736949937,-0.3358111558318982,-0.5469474840580334,-0.6838686952137212,1.8045543548361371,1.0,0.0,0.0,1.0,0.0,0.0,0.0,0.0,0.0,1.0,0.0,1.0,0.0,1.0,0.0,0.0,0.0,0.0,0.0,0.0,0.0,0.0,0.0,0.0,1.0,0.0,1.0,0.0,0.0
-1.0925747872767488,-1.1974695140234308,-1.6130135890836927,0.4549293339060685,-1.014473456976069,-0.35418948698466474,-0.6513847719133283,-1.1378354062188356,-0.3358111558318982,-0.7056131312479708,-1.5322483182351794,-1.489931003148595,0.0,0.0,1.0,0.0,0.0,0.0,0.0,1.0,0.0,0.0,1.0,0.0,0.0,0.0,0.0,0.0,0.0,0.0,0.0,0.0,0.0,0.0,1.0,0.0,1.0,1.0,0.0,0.0,1.0
-0.5906195140245888,-0.9021358023365549,1.7013777150125118,1.401005505478932,-0.32485345723939085,-0.35418948698466474,-0.6513847719133283,2.7093539795620636,-0.3358111558318982,0.7206943528084713,0.8882470991056634,0.8162087474407175,0.0,0.0,0.0,1.0,0.0,0.0,0.0,0.0,1.0,0.0,0.0,0.0,0.0,1.0,0.0,0.0,0.0,0.0,0.0,0.0,0.0,0.0,0.0,0.0,1.0,1.0,0.0,0.0,1.0
1.9191568522362121,-0.754870578920615,3.027678173954729,0.39642995442714923,1.2494391453890787,-0.35418948698466474,1.6291746045884776,0.26114255224694605,-0.3358111558318982,0.32411655999531985,0.381631779197115,0.40439807769262587,1.0,0.0,1.0,0.0,0.0,0.0,0.0,1.0,0.0,0.0,0.0,1.0,1.0,0.0,0.0,0.0,0.0,0.0,0.0,0.0,0.0,0.0,0.0,0.0,1.0,1.0,0.0,0.0,0.0
-0.6463923221637177,1.52104651023482,-1.09083377749742,-1.3242586902458844,-0.6225186803475005,0.9164454439020248,-0.6513847719133283,0.4360147970551687,-0.3358111558318982,-0.2610817111149008,-1.0055292157905773,-0.5015853957531755,0.0,0.0,0.0,0.0,0.0,0.0,0.0,0.0,0.0,1.0,0.0,0.0,0.0,1.0,0.0,0.0,0.0,0.0,0.0,0.0,0.0,0.0,0.0,0.0,0.0,0.0,0.0,0.0,1.0
-0.9810291709984912,-1.1832785015851675,-0.09814819817976543,0.28548285541540636,-0.8898201240628347,-0.35418948698466474,-0.6513847719133283,-1.1378354062188356,-0.3358111558318982,-0.6578753168322823,-0.1611703492763298,-1.160482467350122,0.0,0.0,1.0,0.0,0.0,0.0,0.0,0.0,0.0,1.0,1.0,0.0,0.0,1.0,0.0,0.0,0.0,0.0,0.0,0.0,0.0,0.0,0.0,0.0,1.0,1.0,0.0,0.0,1.0
1.6960656196796964,0.7177816552387841,0.38958225083657966,-1.051933992671606,1.9286167793701197,-0.35418948698466474,-0.6513847719133283,-0.9629631614106129,-0.3358111558318982,1.516698668770611,0.26905059699521544,-0.7486717976020304,0.0,0.0,0.0,0.0,0.0,0.0,0.0,1.0,0.0,0.0,1.0,0.0,0.0,1.0,0.0,0.0,0.0,0.0,0.0,0.0,0.0,0.0,0.0,0.0,1.0,0.0,0.0,0.0,0.0
1.1383375382884073,-0.21936067558992442,1.460232177023018,1.401005505478932,1.8947465229154883,-0.35418948698466474,0.4888949163375746,-0.4383464269859448,-0.3358111558318982,-0.568571937061885,-0.5069554088964503,-0.5015853957531755,0.0,0.0,0.0,1.0,0.0,0.0,0.0,0.0,1.0,0.0,0.0,0.0,0.0,0.0,1.0,0.0,0.0,0.0,0.0,0.0,0.0,0.0,0.0,0.0,1.0,0.0,1.0,0.0,0.0
-1.0925747872767488,0.1287207615750245,-0.2087487832726915,-0.9712451933903382,-1.079401081692854,0.9164454439020248,-0.6513847719133283,-0.6132186717941674,-0.3358111558318982,0.1372657475129371,0.8118527254686603,0.07494954189415268,0.0,1.0,0.0,0.0,0.0,0.0,0.0,1.0,0.0,0.0,0.0,0.0,0.0,0.0,0.0,0.0,0.0,0.0,0.0,0.0,0.0,0.0,1.0,0.0,1.0,0.0,1.0,0.0,1.0
-1.2041204035550068,-0.9422990450863568,0.6261949779616095,1.401005505478932,-1.1124621511332111,-0.35418948698466474,0.4888949163375746,-0.08860193736949937,-0.3358111558318982,-0.595073761701336,-0.8245951729660957,-0.5015853957531755,0.0,0.0,0.0,1.0,0.0,0.0,0.0,1.0,0.0,0.0,0.0,0.0,0.0,0.0,0.0,0.0,0.0,0.0,0.0,1.0,0.0,0.0,0.0,0.0,1.0,1.0,0.0,0.0,1.0
-0.6463923221637177,-1.156503006418633,0.05052799817465923,0.28548285541540636,-0.4920854401894485,-0.35418948698466474,0.4888949163375746,-0.9629631614106129,-0.3358111558318982,-0.6675437349417889,-1.335231249381855,-1.489931003148595,0.0,0.0,1.0,0.0,0.0,0.0,0.0,0.0,0.0,1.0,0.0,0.0,0.0,1.0,0.0,0.0,0.0,0.0,0.0,0.0,0.0,0.0,0.0,0.0,0.0,1.0,0.0,0.0,1.0
0.3575182243406026,-0.8887480547532877,1.9905710481653258,-1.2072599312880463,0.4585551707231952,-0.35418948698466474,-0.6513847719133283,0.6108870418633914,-0.3358111558318982,-0.18174888751993212,-0.9814046767473131,1.5574679529872821,0.0,0.0,0.0,0.0,0.0,0.0,0.0,1.0,0.0,0.0,0.0,1.0,0.0,1.0,0.0,0.0,0.0,0.0,0.0,0.0,0.0,0.0,0.0,0.0,1.0,1.0,0.0,1.0,0.0
-0.5348467058854599,2.324311365230856,-0.5478030359346117,0.39037829448105427,-0.34970705839210675,-0.35418948698466474,1.6291746045884776,0.08627030743872333,-0.3358111558318982,-0.4695138140202892,-0.6878894517209319,2.298727158533847,0.0,0.0,1.0,0.0,0.0,0.0,0.0,1.0,0.0,0.0,0.0,0.0,0.0,1.0,0.0,0.0,0.0,0.0,0.0,0.0,0.0,0.0,0.0,0.0,0.0,0.0,0.0,1.0,0.0
1.4729743871231806,0.7177816552387841,-0.19968316154376303,-0.618231696534792,1.7955633145944172,0.9164454439020248,-0.6513847719133283,0.08627030743872333,-0.3358111558318982,0.4488132560594464,-0.41849876573781475,-0.5015853957531755,0.0,1.0,0.0,0.0,0.0,0.0,0.0,1.0,0.0,0.0,0.0,1.0,0.0,1.0,0.0,0.0,0.0,0.0,0.0,0.0,0.0,0.0,0.0,0.0,0.0,0.0,0.0,0.0,0.0
1.1383375382884073,1.3871690344021474,0.3252163365611883,0.18865629627788502,0.5556961451510976,-0.35418948698466474,-0.6513847719133283,0.7857592866716141,-0.3358111558318982,0.13635933331517086,0.14038638876447287,0.5691223455918625,1.0,0.0,1.0,0.0,0.0,0.0,0.0,1.0,0.0,0.0,1.0,0.0,0.0,1.0,0.0,0.0,0.0,0.0,0.0,0.0,0.0,0.0,0.0,0.0,0.0,0.0,0.0,0.0,0.0
0.5806094568971182,-1.0494010257524948,1.0948876213472054,0.622358592414699,0.19456754049488983,-0.35418948698466474,0.4888949163375746,-0.7880909166023902,-0.3358111558318982,-0.6751835117515328,-1.8297842997687714,-0.08977472600508395,1.0,0.0,1.0,0.0,0.0,0.0,0.0,0.0,1.0,0.0,0.0,0.0,0.0,0.0,1.0,0.0,0.0,0.0,0.0,0.0,0.0,0.0,0.0,0.0,1.0,1.0,0.0,1.0,0.0
0.6252277034084213,2.0565564135655108,1.1365894813002755,-0.4649229779003834,0.8789085582813012,0.9164454439020248,-0.6513847719133283,2.8842262243702863,-0.3358111558318982,0.09172922472039521,0.1564694147933156,2.2163650245842286,0.0,1.0,0.0,0.0,0.0,0.0,0.0,1.0,0.0,0.0,0.0,0.0,0.0,1.0,0.0,0.0,0.0,0.0,0.0,0.0,0.0,0.0,0.0,0.0,0.0,0.0,0.0,1.0,0.0
0.31289997782929946,-0.21936067558992442,0.42765786209807855,-0.01306570192528424,0.5994307766368842,-0.35418948698466474,-0.6513847719133283,0.7857592866716141,-0.3358111558318982,0.22786400470871473,0.7636036473821317,-0.25449899390432057,0.0,0.0,1.0,0.0,0.0,0.0,0.0,0.0,0.0,1.0,0.0,0.0,0.0,1.0,0.0,0.0,0.0,0.0,0.0,0.0,0.0,0.0,0.0,0.0,1.0,0.0,1.0,1.0,0.0
0.6921550731753761,0.9319856165710604,0.38232975345343684,-0.9833485132825285,0.857137574325821,-0.35418948698466474,0.4888949163375746,1.1355037762880595,-0.3358111558318982,4.986150079753842,0.29317513603847944,0.3220359437430076,0.0,1.0,0.0,0.0,0.0,0.0,0.0,1.0,0.0,0.0,0.0,0.0,1.0,0.0,0.0,0.0,0.0,0.0,0.0,0.0,0.0,0.0,0.0,0.0,1.0,0.0,0.0,1.0,0.0
-1.0646883832071845,-0.0319322094241827,0.4222184890607217,-0.7291787955465352,-1.0378242822451325,-0.35418948698466474,-0.6513847719133283,-0.6132186717941674,1.4162470485084402,-0.18615147076622526,0.27307135350242595,-0.0074125920554656355,0.0,1.0,0.0,0.0,0.0,0.0,0.0,0.0,0.0,1.0,0.0,0.0,0.0,1.0,0.0,0.0,0.0,0.0,0.0,0.0,0.0,0.0,0.0,0.0,0.0,0.0,1.0,0.0,1.0
0.3575182243406026,-0.754870578920615,1.1538141625852394,2.3793571967643032,0.34442126899552905,-0.35418948698466474,-0.6513847719133283,-0.7880909166023902,1.4162470485084402,-0.17959075847763156,0.8038112124542388,-0.8310339315516487,1.0,0.0,0.0,0.0,1.0,0.0,0.0,0.0,0.0,1.0,0.0,1.0,0.0,1.0,0.0,0.0,0.0,0.0,0.0,0.0,0.0,0.0,0.0,0.0,1.0,1.0,0.0,1.0,0.0
1.0267919220101493,1.7888014619001653,-1.2304443521229165,-1.1729671915935074,1.1803499874560253,-0.35418948698466474,0.4888949163375746,-0.9629631614106129,-0.3358111558318982,-0.568571937061885,-1.4960615096702832,-0.25449899390432057,0.0,0.0,0.0,0.0,0.0,0.0,0.0,1.0,0.0,0.0,0.0,0.0,0.0,1.0,0.0,0.0,0.0,0.0,0.0,0.0,0.0,0.0,0.0,0.0,1.0,0.0,0.0,1.0,0.0
-0.8192880273950173,-1.2903804822513056,-0.4544271321266497,2.3087544973931937,-0.5514643539512087,-0.35418948698466474,0.4888949163375746,-0.7880909166023902,-0.3358111558318982,-0.18796429916175775,1.5597134358098508,-1.160482467350122,0.0,0.0,0.0,0.0,0.0,1.0,0.0,0.0,0.0,1.0,0.0,1.0,0.0,0.0,0.0,0.0,1.0,0.0,0.0,0.0,0.0,0.0,0.0,0.0,1.0,1.0,0.0,0.0,1.0
0.3575182243406026,0.18227175190809353,0.2681029196689398,-0.0655134214581082,-0.11669973099602417,-0.35418948698466474,-0.6513847719133283,1.485248265904505,-0.3358111558318982,-0.0980998058403623,-1.1502764500501628,-0.08977472600508395,1.0,1.0,0.0,0.0,0.0,0.0,0.0,0.0,0.0,1.0,1.0,0.0,0.0,1.0,0.0,0.0,0.0,0.0,0.0,0.0,0.0,0.0,0.0,0.0,0.0,0.0,1.0,1.0,0.0
1.2331513121249265,2.0030054232324415,-0.1380369337870503,-0.01306570192528424,0.5805882790187786,-0.35418948698466474,0.4888949163375746,1.485248265904505,-0.3358111558318982,0.6302687459360777,-1.02161224181942,1.1456572832391907,1.0,0.0,1.0,0.0,0.0,0.0,0.0,1.0,0.0,0.0,0.0,0.0,0.0,1.0,0.0,0.0,0.0,0.0,0.0,0.0,0.0,0.0,0.0,0.0,1.0,0.0,0.0,0.0,0.0
-0.47907389774633097,-1.234151942401583,0.07591173901565872,-1.4009130495630886,-0.9009946114028156,-0.35418948698466474,-0.6513847719133283,0.9606315314798368,-0.3358111558318982,-0.28495061832274504,-1.30708595383138,-0.17213685995470224,1.0,0.0,0.0,0.0,0.0,0.0,0.0,1.0,0.0,0.0,1.0,0.0,1.0,0.0,0.0,0.0,0.0,0.0,0.0,0.0,0.0,0.0,0.0,0.0,0.0,1.0,0.0,1.0,0.0
0.03961321794756782,0.18227175190809353,0.24725198969240456,0.10796749699661724,0.298297609181884,2.187080374788714,-0.6513847719133283,0.26114255224694605,-0.3358111558318982,-0.28805832414365784,1.8090003392569145,-0.4192232618035572,0.0,0.0,1.0,0.0,0.0,0.0,0.0,1.0,0.0,0.0,0.0,1.0,0.0,1.0,0.0,0.0,0.0,0.0,0.0,0.0,0.0,0.0,0.0,0.0,0.0,0.0,1.0,1.0,0.0
-1.0925747872767488,2.4581888410635284,0.4557612894577567,-1.0277273528872257,-1.0819057081656083,0.9164454439020248,-0.6513847719133283,0.9606315314798368,-0.3358111558318982,-0.14203931314160176,1.8130210957641248,1.6398300869369005,0.0,0.0,0.0,0.0,0.0,0.0,0.0,0.0,0.0,1.0,0.0,0.0,0.0,1.0,0.0,0.0,0.0,0.0,0.0,0.0,0.0,0.0,0.0,0.0,0.0,0.0,0.0,0.0,1.0
0.3575182243406026,0.47680219873997337,-1.3673352402297345,-0.9833485132825285,-0.27294989018092836,-0.35418948698466474,-0.6513847719133283,-0.9629631614106129,-0.3358111558318982,-0.13250038277463327,-1.1261519110068985,-0.9957581994508853,1.0,1.0,0.0,0.0,0.0,0.0,0.0,1.0,0.0,0.0,0.0,0.0,0.0,1.0,0.0,0.0,0.0,0.0,0.0,0.0,0.0,0.0,0.0,0.0,1.0,0.0,1.0,1.0,0.0
0.5806094568971182,0.5035776939065079,0.6198490427513597,-1.4089819294912156,0.6616611113060881,0.9164454439020248,0.4888949163375746,3.933459693219622,-0.3358111558318982,0.11766993580884798,-1.2588368757448516,1.5574679529872821,0.0,0.0,0.0,0.0,0.0,0.0,0.0,1.0,0.0,0.0,0.0,1.0,1.0,0.0,0.0,0.0,0.0,0.0,0.0,0.0,0.0,0.0,0.0,0.0,1.0,0.0,1.0,1.0,0.0
-0.14443704891155756,0.04839427607542089,-0.15616817724490692,0.0010548379489376649,0.0689508897075192,-0.35418948698466474,-0.6513847719133283,-0.9629631614106129,-0.3358111558318982,-0.5310636543067012,0.26905059699521544,-0.7486717976020304,0.0,0.0,1.0,0.0,0.0,0.0,0.0,1.0,0.0,0.0,0.0,0.0,0.0,1.0,0.0,0.0,0.0,0.0,0.0,0.0,0.0,0.0,0.0,0.0,1.0,0.0,1.0,1.0,0.0
-0.31175547332894427,-0.5674421127548733,-0.11809256598340802,0.652616892145174,-0.5536992514192048,-0.35418948698466474,1.6291746045884776,-0.7880909166023902,-0.3358111558318982,-0.2876266983351977,0.7636036473821317,-1.0781203334005036,1.0,0.0,0.0,1.0,0.0,0.0,0.0,1.0,0.0,0.0,0.0,0.0,0.0,1.0,0.0,0.0,0.0,0.0,0.0,0.0,0.0,0.0,0.0,0.0,0.0,0.0,1.0,1.0,0.0
-1.0925747872767488,1.2532915585694748,-0.04828727867065977,-1.1285883519888102,-1.0863369703866352,-0.35418948698466474,0.4888949163375746,1.6601205107127277,-0.3358111558318982,0.4986228743557434,-0.9854254332545238,3.2870727659292664,0.0,0.0,0.0,0.0,0.0,0.0,0.0,1.0,0.0,0.0,0.0,0.0,0.0,0.0,1.0,0.0,0.0,0.0,0.0,0.0,0.0,0.0,0.0,0.0,1.0,0.0,0.0,0.0,1.0
0.3547295839336461,-0.6209931030879423,1.4556993661585533,1.2961100664132843,0.12979404663796654,0.9164454439020248,-0.6513847719133283,-0.4383464269859448,-0.3358111558318982,0.12759732940343058,0.7193753258028143,0.980933015339954,1.0,0.0,0.0,0.0,1.0,0.0,0.0,1.0,0.0,0.0,0.0,1.0,0.0,1.0,0.0,0.0,0.0,0.0,0.0,0.0,0.0,0.0,0.0,0.0,0.0,0.0,1.0,1.0,0.0
-0.31175547332894427,0.5303531890730424,-0.8161454391108909,-1.2798798506411873,-0.2636635058742546,-0.35418948698466474,-0.6513847719133283,-1.1378354062188356,-0.3358111558318982,-0.43800513000270097,-1.3673973014395406,-0.08977472600508395,0.0,0.0,0.0,0.0,0.0,0.0,0.0,0.0,0.0,1.0,0.0,0.0,0.0,1.0,0.0,0.0,0.0,0.0,0.0,0.0,0.0,0.0,0.0,0.0,1.0,0.0,1.0,1.0,0.0
0.8929371824762401,-1.102952016085564,3.2833287067105092,1.197266287293731,0.5932270095274469,-0.35418948698466474,-0.6513847719133283,-0.6132186717941674,-0.3358111558318982,-0.16340479066037733,1.5436304097810083,-0.9957581994508853,1.0,0.0,0.0,0.0,1.0,0.0,0.0,0.0,1.0,0.0,0.0,1.0,0.0,1.0,0.0,0.0,0.0,0.0,0.0,0.0,0.0,0.0,0.0,0.0,0.0,1.0,0.0,1.0,0.0
-0.9810291709984912,-1.156503006418633,-0.7544992113541781,0.20479405613413856,-0.8943284517137925,-0.35418948698466474,-0.6513847719133283,-0.9629631614106129,-0.3358111558318982,-0.39320237108454126,1.8371456348073893,-1.3252067352493586,0.0,0.0,1.0,0.0,0.0,0.0,0.0,1.0,0.0,0.0,1.0,0.0,0.0,0.0,0.0,0.0,0.0,0.0,0.0,1.0,0.0,0.0,0.0,0.0,1.0,1.0,0.0,0.0,1.0
-0.3675282814680732,-1.102952016085564,0.26447667097736854,2.2240312581478623,-0.40843091599945425,-0.35418948698466474,1.6291746045884776,-0.9629631614106129,-0.3358111558318982,-0.3862531955683335,1.286301993319523,-1.3252067352493586,1.0,0.0,0.0,0.0,0.0,1.0,0.0,1.0,0.0,0.0,1.0,0.0,0.0,1.0,0.0,0.0,0.0,0.0,0.0,0.0,0.0,0.0,0.0,0.0,0.0,1.0,0.0,1.0,0.0
-0.8137107465811044,1.3871690344021474,-0.38190215829522284,-1.3242586902458844,-0.7996535710436792,-0.35418948698466474,-0.6513847719133283,0.08627030743872333,-0.3358111558318982,1.175153166536124,-1.4116256230188584,0.4867602116422442,0.0,0.0,0.0,0.0,0.0,0.0,0.0,1.0,0.0,0.0,0.0,0.0,1.0,0.0,0.0,0.0,0.0,0.0,0.0,0.0,0.0,0.0,0.0,0.0,0.0,0.0,0.0,0.0,1.0
-0.8694835547202333,1.2532915585694748,-0.6157951989015742,-0.40238915845740086,-0.8014646086470554,-0.35418948698466474,-0.6513847719133283,0.7857592866716141,1.4162470485084402,-0.3579817051141961,-0.1852948883195941,2.2163650245842286,0.0,1.0,0.0,0.0,0.0,0.0,0.0,1.0,0.0,0.0,0.0,0.0,0.0,0.0,0.0,0.0,0.0,0.0,0.0,0.0,0.0,1.0,0.0,0.0,1.0,0.0,0.0,0.0,1.0
1.0267919220101493,0.7177816552387841,0.11036110158558635,2.659750774266708,1.096733995980996,-0.35418948698466474,-0.6513847719133283,-0.4383464269859448,-0.3358111558318982,0.09936900153013921,1.7768342871992289,-0.0074125920554656355,1.0,0.0,0.0,0.0,1.0,0.0,0.0,1.0,0.0,0.0,0.0,1.0,0.0,1.0,0.0,0.0,0.0,0.0,0.0,0.0,0.0,0.0,0.0,0.0,0.0,0.0,0.0,1.0,0.0
2.2537937010709856,0.4580593521233992,1.0649710696417416,-0.3196831391941014,1.2787240087628218,-0.35418948698466474,-0.6513847719133283,-0.26347418217772206,-0.3358111558318982,3.3511946798877816,0.5866903610648606,-0.4192232618035572,1.0,1.0,0.0,0.0,0.0,0.0,0.0,0.0,0.0,1.0,1.0,0.0,0.0,1.0,0.0,0.0,0.0,0.0,0.0,0.0,0.0,0.0,0.0,0.0,0.0,0.0,1.0,0.0,0.0
0.5806094568971182,-0.43356463692220065,1.381361267981341,0.7050646116779984,0.21140633693479197,-0.35418948698466474,0.4888949163375746,0.9606315314798368,-0.3358111558318982,0.30193099344047003,0.3735902661826935,0.4867602116422442,1.0,0.0,0.0,1.0,0.0,0.0,0.0,0.0,0.0,1.0,0.0,0.0,0.0,1.0,0.0,0.0,0.0,0.0,0.0,0.0,0.0,0.0,0.0,0.0,1.0,0.0,1.0,1.0,0.0
0.13442699178408696,0.3429247229073007,-0.480717435140542,-0.3196831391941014,0.3468873627533179,-0.35418948698466474,-0.6513847719133283,-0.6132186717941674,-0.3358111558318982,0.011705799831890344,0.20873924938705493,-0.5015853957531755,0.0,1.0,0.0,0.0,0.0,0.0,0.0,0.0,0.0,1.0,1.0,0.0,0.0,1.0,0.0,0.0,0.0,0.0,0.0,0.0,0.0,0.0,0.0,0.0,0.0,0.0,1.0,1.0,0.0
2.594704990821411,2.4581888410635284,-1.2784921472862367,-1.025710132905194,1.4377485234252383,-0.35418948698466474,-0.6513847719133283,0.9606315314798368,-0.3358111558318982,-0.3263003707732238,-1.7614314391461894,2.4634514264330836,1.0,0.0,0.0,0.0,0.0,0.0,0.0,1.0,0.0,0.0,1.0,0.0,0.0,0.0,1.0,0.0,0.0,0.0,0.0,0.0,0.0,0.0,0.0,0.0,0.0,0.0,0.0,0.0,0.0
1.6570246539823061,-0.06872173978300114,1.305210045458343,2.3793571967643032,2.8482000220206096,-0.35418948698466474,-0.6513847719133283,0.9606315314798368,-0.3358111558318982,2.0662446481020265,1.217949132696941,0.980933015339954,0.0,0.0,0.0,0.0,1.0,0.0,0.0,0.0,0.0,1.0,0.0,1.0,0.0,1.0,0.0,0.0,0.0,0.0,0.0,0.0,0.0,0.0,0.0,0.0,0.0,0.0,1.0,0.0,0.0
2.2537937010709856,1.8423524522332344,-0.30665749794511754,0.5961347326482872,1.5950775986291752,-0.35418948698466474,-0.6513847719133283,0.26114255224694605,-0.3358111558318982,-0.1525709828680285,0.39771480522595776,-0.08977472600508395,1.0,0.0,1.0,0.0,0.0,0.0,0.0,0.0,0.0,1.0,0.0,1.0,0.0,1.0,0.0,0.0,0.0,0.0,0.0,0.0,0.0,0.0,0.0,0.0,1.0,0.0,0.0,0.0,0.0
-0.5348467058854599,0.7177816552387841,-0.5242324194393979,-0.07358230138623516,-0.3927095682935503,-0.35418948698466474,-0.6513847719133283,-0.9629631614106129,1.4162470485084402,-0.37118945485307553,0.023784450055362553,0.3220359437430076,0.0,0.0,1.0,0.0,0.0,0.0,0.0,0.0,0.0,1.0,1.0,0.0,0.0,0.0,0.0,0.0,0.0,0.0,0.0,1.0,0.0,0.0,0.0,0.0,1.0,0.0,0.0,1.0,0.0
-1.3714388279723935,-0.9958500354194257,-0.6865070483872154,-1.2778626306591556,-1.389049979155219,0.9164454439020248,-0.6513847719133283,-1.487579895835281,3.1683052528487785,-0.6742770975537666,-0.5431422174613466,-0.6663096636524121,0.0,0.0,0.0,0.0,0.0,0.0,0.0,1.0,0.0,0.0,0.0,0.0,1.0,0.0,0.0,0.0,0.0,0.0,0.0,0.0,0.0,0.0,0.0,0.0,0.0,1.0,0.0,0.0,1.0
0.8483189359649369,0.9855366069041295,-0.2957787518704036,-1.5602734281435924,0.9140503943297926,-0.35418948698466474,-0.6513847719133283,0.26114255224694605,-0.3358111558318982,-0.029471302295204397,-0.5712875130118216,0.15731167584377098,0.0,0.0,0.0,0.0,0.0,0.0,0.0,1.0,0.0,0.0,0.0,0.0,1.0,0.0,0.0,0.0,0.0,0.0,0.0,0.0,0.0,0.0,0.0,0.0,0.0,0.0,0.0,1.0,0.0
-0.31175547332894427,0.3161492277407662,0.19739107018329857,-0.41650969833162277,-0.1716859152517228,-0.35418948698466474,1.6291746045884776,-0.6132186717941674,-0.3358111558318982,0.16972400830913756,1.1576377850887805,-0.4192232618035572,0.0,1.0,0.0,0.0,0.0,0.0,0.0,0.0,1.0,0.0,1.0,0.0,0.0,1.0,0.0,0.0,0.0,0.0,0.0,0.0,0.0,0.0,0.0,0.0,0.0,0.0,1.0,1.0,0.0
-1.0925747872767488,-0.8887480547532877,-0.7998273199988198,-0.7190926956363767,-1.0681880616379078,-0.35418948698466474,-0.6513847719133283,-0.9629631614106129,-0.3358111558318982,-0.4520761313585006,-0.08075521913211577,-1.489931003148595,0.0,1.0,0.0,0.0,0.0,0.0,0.0,0.0,0.0,1.0,0.0,0.0,0.0,1.0,0.0,0.0,0.0,0.0,0.0,0.0,0.0,0.0,0.0,0.0,0.0,1.0,0.0,0.0,1.0
-0.5348467058854599,-0.2729116659229935,-0.0664185221285164,-0.7190926956363767,-0.451125164181174,-0.35418948698466474,-0.6513847719133283,0.7857592866716141,1.4162470485084402,-0.27152705567963553,0.4057563182403793,1.8869164887857555,0.0,1.0,0.0,0.0,0.0,0.0,0.0,1.0,0.0,0.0,0.0,0.0,1.0,0.0,0.0,0.0,0.0,0.0,0.0,0.0,0.0,0.0,0.0,0.0,1.0,0.0,1.0,1.0,0.0
-0.7579379384419755,2.0565564135655108,-0.5414571007243619,-1.5602734281435924,-0.7569593228619594,-0.35418948698466474,-0.6513847719133283,0.08627030743872333,-0.3358111558318982,1.0316807478039824,1.177741567624834,0.07494954189415268,0.0,0.0,0.0,0.0,0.0,0.0,0.0,0.0,0.0,1.0,1.0,0.0,0.0,0.0,0.0,0.0,0.0,0.0,1.0,0.0,0.0,0.0,0.0,0.0,0.0,0.0,0.0,0.0,1.0
-0.5348467058854599,0.3161492277407662,1.272573807234201,-1.025710132905194,-0.47832926094678246,-0.35418948698466474,-0.6513847719133283,-0.6132186717941674,-0.3358111558318982,-0.5163020516573654,-0.04858916707443026,0.4867602116422442,0.0,0.0,0.0,0.0,0.0,0.0,0.0,0.0,0.0,1.0,1.0,0.0,0.0,1.0,0.0,0.0,0.0,0.0,0.0,0.0,0.0,0.0,0.0,0.0,1.0,0.0,1.0,1.0,0.0
-1.2598932116941357,-1.102952016085564,1.5599540160412293,-1.287948730569314,-1.2708701423561806,-0.35418948698466474,-0.6513847719133283,0.26114255224694605,-0.3358111558318982,-0.3779228174650533,-1.2829614147881159,-0.7486717976020304,0.0,0.0,0.0,0.0,0.0,0.0,0.0,0.0,0.0,1.0,1.0,0.0,1.0,0.0,0.0,0.0,0.0,0.0,0.0,0.0,0.0,0.0,0.0,0.0,1.0,1.0,0.0,0.0,1.0
0.3156886182362559,-0.8994582528199014,0.8192927207877833,-0.01306570192528424,0.6027060574089476,2.187080374788714,-0.6513847719133283,0.6108870418633914,-0.3358111558318982,-0.02752898615713389,0.4137978312548005,0.2396738097933893,0.0,1.0,0.0,0.0,0.0,0.0,0.0,0.0,0.0,1.0,0.0,1.0,0.0,1.0,0.0,0.0,0.0,0.0,0.0,0.0,0.0,0.0,0.0,0.0,0.0,1.0,0.0,1.0,0.0
-0.31175547332894427,-1.0226255305859604,0.5554831284759683,-0.5314912373074293,-0.18413198218556356,-0.35418948698466474,0.4888949163375746,1.1355037762880595,-0.3358111558318982,-0.250291065903398,0.40173556173316854,-0.25449899390432057,0.0,1.0,0.0,0.0,0.0,0.0,0.0,0.0,1.0,0.0,0.0,0.0,0.0,1.0,0.0,0.0,0.0,0.0,0.0,0.0,0.0,0.0,0.0,0.0,1.0,1.0,0.0,1.0,0.0
0.5806094568971182,-0.35323815142259707,-1.0790484692498128,-1.1285883519888102,-0.14251665002287636,-0.35418948698466474,-0.6513847719133283,-0.6132186717941674,-0.3358111558318982,-0.6837297027590431,-1.9222616994346173,-1.160482467350122,1.0,0.0,0.0,0.0,0.0,0.0,0.0,1.0,0.0,0.0,0.0,0.0,0.0,1.0,0.0,0.0,0.0,0.0,0.0,0.0,0.0,0.0,0.0,0.0,0.0,0.0,1.0,1.0,0.0
2.2537937010709856,2.4581888410635284,-0.008398543063374913,-0.6000767166965068,2.6714889911890514,-0.35418948698466474,1.6291746045884776,2.7093539795620636,-0.3358111558318982,4.263608476391614,1.310426532362787,2.051640756684992,0.0,1.0,0.0,0.0,0.0,0.0,0.0,1.0,0.0,0.0,0.0,1.0,0.0,1.0,0.0,0.0,0.0,0.0,0.0,0.0,0.0,0.0,0.0,0.0,1.0,0.0,0.0,0.0,0.0
-1.2041204035550068,-1.0494010257524948,-1.0328137984322785,0.4549293339060685,-1.1486443704857698,-0.35418948698466474,-0.6513847719133283,-0.6132186717941674,-0.3358111558318982,-0.457341966221714,0.3494657271394295,-0.8310339315516487,0.0,0.0,1.0,0.0,0.0,0.0,0.0,1.0,0.0,0.0,0.0,1.0,1.0,0.0,0.0,0.0,0.0,0.0,0.0,0.0,0.0,0.0,0.0,0.0,1.0,1.0,0.0,0.0,1.0
-0.31175547332894427,-0.5138911224218042,0.26175698445868995,-0.01306570192528424,-0.6334234386827231,-0.35418948698466474,-0.6513847719133283,-0.08860193736949937,1.4162470485084402,-0.38077154780089,1.27021896729068,-0.4192232618035572,1.0,0.0,1.0,0.0,0.0,0.0,0.0,0.0,0.0,1.0,0.0,1.0,1.0,0.0,0.0,0.0,0.0,0.0,0.0,0.0,0.0,0.0,0.0,0.0,0.0,0.0,1.0,1.0,0.0
-1.3156660198332646,-0.8351970644202186,-0.024716662175445915,-1.1225366920427151,-1.3257407284669829,-0.35418948698466474,-0.6513847719133283,-0.9629631614106129,-0.3358111558318982,-0.5967571023543303,-0.024464628031165992,-1.160482467350122,0.0,0.0,0.0,0.0,0.0,0.0,0.0,0.0,0.0,1.0,0.0,0.0,1.0,0.0,0.0,0.0,0.0,0.0,0.0,0.0,0.0,0.0,0.0,0.0,1.0,1.0,0.0,0.0,1.0
-0.8694835547202333,-1.2368294919182365,0.9788476632169224,-1.1023644922223983,-0.8451221747029115,-0.35418948698466474,-0.6513847719133283,-0.7880909166023902,-0.3358111558318982,-0.445860719716675,0.5545243090071751,-0.25449899390432057,0.0,0.0,0.0,0.0,0.0,0.0,0.0,0.0,0.0,1.0,1.0,0.0,1.0,0.0,0.0,0.0,0.0,0.0,0.0,0.0,0.0,0.0,0.0,0.0,0.0,1.0,0.0,0.0,1.0
1.0267919220101493,-0.2729116659229935,-0.5305783546496478,0.5921002926842235,0.5631329591394294,-0.35418948698466474,-0.6513847719133283,-1.3127076510270583,-0.3358111558318982,-0.14311837766275204,1.4792983056656368,-1.5722931370982134,1.0,0.0,1.0,0.0,0.0,0.0,0.0,1.0,0.0,0.0,0.0,0.0,0.0,1.0,0.0,0.0,0.0,0.0,0.0,0.0,0.0,0.0,0.0,0.0,1.0,0.0,1.0,1.0,0.0
-1.4272116361115224,-1.102952016085564,-0.9775135058858154,-0.6020939366785385,-1.4363296204178275,-0.35418948698466474,1.6291746045884776,-1.1378354062188356,-0.3358111558318982,-0.6400491709428797,-0.8286159294733065,-1.5722931370982134,0.0,1.0,0.0,0.0,0.0,0.0,0.0,0.0,0.0,1.0,0.0,0.0,1.0,0.0,0.0,0.0,0.0,0.0,0.0,0.0,0.0,0.0,0.0,0.0,0.0,1.0,0.0,0.0,1.0
0.02288137550582915,0.7177816552387841,-0.578626149812968,0.8160117106897417,-0.24570726070035426,-0.35418948698466474,1.6291746045884776,-0.08860193736949937,-0.3358111558318982,-0.5103887780814619,-1.1221311544996877,1.6398300869369005,1.0,0.0,1.0,0.0,0.0,0.0,0.0,0.0,0.0,1.0,0.0,1.0,0.0,1.0,0.0,0.0,0.0,0.0,0.0,0.0,0.0,0.0,0.0,0.0,0.0,0.0,0.0,1.0,0.0
-0.9810291709984912,-1.0494010257524948,-0.9339985215869594,0.5961347326482872,-0.8723262714685199,-0.35418948698466474,-0.6513847719133283,-1.3127076510270583,-0.3358111558318982,-0.4550975120177214,-0.24560623592775463,-1.6546552710478317,0.0,0.0,1.0,0.0,0.0,0.0,0.0,0.0,0.0,1.0,0.0,0.0,0.0,1.0,0.0,0.0,0.0,0.0,0.0,0.0,0.0,0.0,0.0,0.0,1.0,1.0,0.0,0.0,1.0
-0.4233010896072021,-1.0761765209190293,0.1584088967489067,-0.05341010156591831,-0.7254010293052549,-0.35418948698466474,-0.6513847719133283,-0.7880909166023902,-0.3358111558318982,-0.33445809855312,1.177741567624834,-0.9957581994508853,1.0,0.0,1.0,0.0,0.0,0.0,0.0,0.0,0.0,1.0,1.0,0.0,0.0,1.0,0.0,0.0,0.0,0.0,0.0,0.0,0.0,0.0,0.0,0.0,1.0,1.0,0.0,1.0,0.0
-0.579464952396763,-0.2729116659229935,0.9289867437078164,-0.9268663537856409,-0.5182106209360244,-0.35418948698466474,-0.6513847719133283,0.4360147970551687,-0.3358111558318982,-0.3027336016313017,-0.900989546603099,2.1340028906346102,0.0,0.0,0.0,0.0,0.0,0.0,0.0,0.0,0.0,1.0,0.0,0.0,1.0,0.0,0.0,0.0,0.0,0.0,0.0,0.0,0.0,0.0,0.0,0.0,0.0,0.0,1.0,0.0,1.0
-0.7690925000698013,-0.21936067558992442,-0.07095133299298063,-0.5314912373074293,-0.6970024183757174,-0.35418948698466474,0.4888949163375746,-0.4383464269859448,-0.3358111558318982,-0.21576100122658898,1.246094428247416,-0.25449899390432057,0.0,1.0,0.0,0.0,0.0,0.0,0.0,0.0,0.0,1.0,0.0,0.0,0.0,1.0,0.0,0.0,0.0,0.0,0.0,0.0,0.0,0.0,0.0,0.0,0.0,0.0,1.0,0.0,1.0
-0.6073513564663274,-0.08548319975725176,0.8700602024697822,0.40248161437324453,-0.43548088190520085,-0.35418948698466474,-0.6513847719133283,-0.4383464269859448,1.4162470485084402,-0.37015355291277124,-0.6476818866488249,-0.913396065501267,0.0,0.0,1.0,0.0,0.0,0.0,0.0,1.0,0.0,0.0,0.0,0.0,0.0,0.0,1.0,0.0,0.0,0.0,0.0,0.0,0.0,0.0,0.0,0.0,1.0,0.0,1.0,0.0,1.0
-0.5348467058854599,-0.6982481715369928,0.7694318012786773,0.08779529717630039,-0.3778359403168861,-0.35418948698466474,-0.6513847719133283,-0.08860193736949937,-0.3358111558318982,-0.2437735161956503,-0.820574416458885,-0.9957581994508853,0.0,0.0,1.0,0.0,0.0,0.0,0.0,0.0,0.0,1.0,0.0,1.0,0.0,1.0,0.0,0.0,0.0,0.0,0.0,0.0,0.0,0.0,0.0,0.0,1.0,1.0,0.0,1.0,0.0
-1.03680197913762,2.431413345896994,-0.9992709980352434,-1.5602734281435924,-1.0470336011218753,-0.35418948698466474,-0.6513847719133283,-0.6132186717941674,-0.3358111558318982,-0.5216110491014248,-1.226670823687166,-0.5015853957531755,0.0,0.0,0.0,0.0,0.0,0.0,0.0,1.0,0.0,0.0,0.0,0.0,0.0,0.0,0.0,0.0,1.0,0.0,0.0,0.0,0.0,0.0,0.0,0.0,0.0,0.0,0.0,0.0,1.0
1.4478766234605727,-0.21936067558992442,0.19467138366461997,0.9693204293241499,2.176420669312936,0.9164454439020248,-0.6513847719133283,-0.08860193736949937,-0.3358111558318982,-0.5943831604077997,-1.4236878925404903,-0.08977472600508395,0.0,0.0,0.0,1.0,0.0,0.0,0.0,0.0,0.0,1.0,1.0,0.0,0.0,1.0,0.0,0.0,0.0,0.0,0.0,0.0,0.0,0.0,0.0,0.0,0.0,0.0,1.0,0.0,0.0
-0.9141018012315364,-0.6745440934210114,0.6289146644802881,-0.9833485132825285,-0.8862365815710478,0.9164454439020248,-0.6513847719133283,0.6108870418633914,-0.3358111558318982,-0.5012814735229535,-1.2146085541655338,0.7338466134910991,0.0,1.0,0.0,0.0,0.0,0.0,0.0,1.0,0.0,0.0,0.0,0.0,0.0,0.0,0.0,0.0,0.0,0.0,0.0,0.0,0.0,0.0,0.0,0.0,0.0,1.0,0.0,0.0,1.0
1.6960656196796964,-0.08548319975725176,-0.19605691285219176,1.2053351672218582,2.553848612399529,-0.35418948698466474,1.6291746045884776,-0.08860193736949937,-0.3358111558318982,-0.5045618296672503,-0.9210933291391525,-0.4192232618035572,0.0,0.0,0.0,1.0,0.0,0.0,0.0,1.0,0.0,0.0,0.0,1.0,0.0,0.0,1.0,0.0,0.0,0.0,0.0,0.0,0.0,0.0,0.0,0.0,1.0,0.0,1.0,0.0,0.0
-0.7579379384419755,-1.0761765209190293,-0.2640490758191544,-0.14216778077531267,-0.6562348059422702,-0.35418948698466474,1.6291746045884776,-0.4383464269859448,-0.3358111558318982,-0.315423400400029,0.2770921100096367,0.5691223455918625,0.0,1.0,0.0,0.0,0.0,0.0,0.0,1.0,0.0,0.0,1.0,0.0,0.0,1.0,0.0,0.0,0.0,0.0,0.0,0.0,0.0,0.0,0.0,0.0,0.0,1.0,0.0,0.0,1.0
2.0167592664796876,0.7713326455718532,-0.4725583755845063,3.5977580659114454,2.482640155143376,-0.35418948698466474,-0.6513847719133283,0.7857592866716141,-0.3358111558318982,0.4596470638517952,0.9244339076705599,0.15731167584377098,1.0,0.0,0.0,0.0,0.0,0.0,1.0,1.0,0.0,0.0,0.0,1.0,0.0,0.0,1.0,0.0,0.0,0.0,0.0,0.0,0.0,0.0,0.0,0.0,1.0,0.0,0.0,0.0,0.0
-0.9810291709984912,0.8784346262379913,-0.8904835372881034,-1.4170508094193424,-0.9816050511105392,-0.35418948698466474,-0.6513847719133283,-0.7880909166023902,-0.3358111558318982,-0.5143165729384489,-1.0537782938771056,-0.7486717976020304,0.0,0.0,0.0,0.0,0.0,0.0,0.0,0.0,0.0,1.0,0.0,0.0,0.0,1.0,0.0,0.0,0.0,0.0,0.0,0.0,0.0,0.0,0.0,0.0,0.0,0.0,0.0,0.0,1.0
-1.3156660198332646,-1.0601112238191086,0.4838647168174344,0.40248161437324453,-1.2842795271641576,-0.35418948698466474,-0.6513847719133283,-1.3127076510270583,-0.3358111558318982,-0.5909733165209649,1.788896556720861,-1.3252067352493586,0.0,0.0,1.0,0.0,0.0,0.0,0.0,0.0,0.0,1.0,1.0,0.0,0.0,1.0,0.0,0.0,0.0,0.0,0.0,0.0,0.0,0.0,0.0,0.0,0.0,1.0,0.0,0.0,1.0
-1.4272116361115224,0.155496256741559,-0.3120968709824746,-0.41650969833162277,-1.4330158069307986,-0.35418948698466474,0.4888949163375746,-0.26347418217772206,-0.3358111558318982,-0.29565493837255585,-0.35014590511523297,0.15731167584377098,0.0,1.0,0.0,0.0,0.0,0.0,0.0,1.0,0.0,0.0,0.0,1.0,0.0,1.0,0.0,0.0,0.0,0.0,0.0,0.0,0.0,0.0,0.0,0.0,0.0,0.0,1.0,0.0,1.0
-0.9810291709984912,-1.3707069677509092,0.798441790811248,0.4549293339060685,-0.8803025434663683,-0.35418948698466474,2.7694542928393804,-0.4383464269859448,-0.3358111558318982,-0.445860719716675,0.027805206562573313,-0.9957581994508853,0.0,0.0,1.0,0.0,0.0,0.0,0.0,0.0,0.0,1.0,0.0,1.0,0.0,0.0,0.0,0.0,0.0,0.0,0.0,1.0,0.0,0.0,0.0,0.0,0.0,1.0,0.0,0.0,1.0
0.5806094568971182,-0.08548319975725176,0.00610645170291046,-0.31564869923003813,0.8556733311571338,-0.35418948698466474,-0.6513847719133283,-0.08860193736949937,-0.3358111558318982,0.2932984772712678,0.04790898909862683,-0.9957581994508853,0.0,1.0,0.0,0.0,0.0,0.0,0.0,0.0,0.0,1.0,0.0,1.0,0.0,1.0,0.0,0.0,0.0,0.0,0.0,0.0,0.0,0.0,0.0,0.0,1.0,0.0,1.0,1.0,0.0
1.3837378941005745,-0.35323815142259707,1.1927963360196314,0.2834656354333747,1.9203322456525478,-0.35418948698466474,-0.6513847719133283,-0.7880909166023902,-0.3358111558318982,0.5379871480873056,1.2501151847546266,-0.913396065501267,0.0,0.0,1.0,0.0,0.0,0.0,0.0,0.0,0.0,1.0,0.0,0.0,0.0,1.0,0.0,0.0,0.0,0.0,0.0,0.0,0.0,0.0,0.0,0.0,0.0,0.0,1.0,0.0,0.0
1.1383375382884073,-0.299687161089528,0.980660787562708,3.5170692666301773,1.4604442925398888,-0.35418948698466474,-0.6513847719133283,-0.9629631614106129,-0.3358111558318982,-0.6175183037412618,0.7515413778604998,0.07494954189415268,1.0,0.0,0.0,0.0,0.0,1.0,0.0,0.0,0.0,1.0,0.0,1.0,0.0,0.0,0.0,0.0,1.0,0.0,0.0,0.0,0.0,0.0,0.0,0.0,1.0,0.0,1.0,0.0,0.0
1.6960656196796964,0.04839427607542089,-0.9294657107224952,2.8675244324159728,1.863226762073749,-0.35418948698466474,0.4888949163375746,-0.6132186717941674,-0.3358111558318982,-0.36238428836048925,0.2650298404880047,-0.4192232618035572,1.0,0.0,0.0,0.0,1.0,0.0,0.0,1.0,0.0,0.0,1.0,0.0,0.0,1.0,0.0,0.0,0.0,0.0,0.0,0.0,0.0,0.0,0.0,0.0,0.0,0.0,1.0,0.0,0.0
-0.31175547332894427,-0.4871156272552697,-0.9883922519605294,-0.4044063784394325,-0.17037580294289756,-0.35418948698466474,-0.6513847719133283,-0.6132186717941674,-0.3358111558318982,-0.2519744065563924,0.019763693548151794,-1.0781203334005036,0.0,1.0,0.0,0.0,0.0,0.0,0.0,0.0,0.0,1.0,1.0,0.0,0.0,1.0,0.0,0.0,0.0,0.0,0.0,0.0,0.0,0.0,0.0,0.0,1.0,0.0,1.0,1.0,0.0
-0.47907389774633097,0.1287207615750245,-0.12806474988522915,-1.4009130495630886,-0.4523967437750341,-0.35418948698466474,-0.6513847719133283,0.26114255224694605,-0.3358111558318982,-0.15615347707824745,-0.5833497825334536,-0.6663096636524121,0.0,0.0,0.0,0.0,0.0,0.0,0.0,1.0,0.0,0.0,1.0,0.0,0.0,1.0,0.0,0.0,0.0,0.0,0.0,0.0,0.0,0.0,0.0,0.0,0.0,0.0,1.0,1.0,0.0
2.1478253656066406,1.4005567819854146,-0.9485035163532447,0.9955442890905617,3.0573941315680435,-0.35418948698466474,-0.6513847719133283,0.26114255224694605,-0.3358111558318982,-0.6055622688469167,-0.31797985305754717,0.7338466134910991,0.0,0.0,0.0,1.0,0.0,0.0,0.0,1.0,0.0,0.0,0.0,1.0,0.0,0.0,0.0,0.0,0.0,0.0,0.0,1.0,0.0,0.0,0.0,0.0,0.0,0.0,0.0,0.0,0.0
-1.4049025128558708,0.18227175190809353,0.15659577240312106,-0.41650969833162277,-1.4077768786284284,11.08152489099554,-0.6513847719133283,-0.08860193736949937,-0.3358111558318982,-0.43265296997779557,0.04388823259141607,0.2396738097933893,0.0,1.0,0.0,0.0,0.0,0.0,0.0,1.0,0.0,0.0,0.0,1.0,0.0,0.0,0.0,0.0,1.0,0.0,0.0,0.0,0.0,0.0,0.0,0.0,0.0,0.0,1.0,0.0,1.0
-0.20020985705068647,-0.7339856926907181,0.5373518850181117,-0.6303350164269823,-0.0705760711823791,2.187080374788714,-0.6513847719133283,-0.9629631614106129,-0.3358111558318982,0.12707937843327843,-0.37024968765128646,-0.6663096636524121,0.0,1.0,0.0,0.0,0.0,0.0,0.0,0.0,0.0,1.0,0.0,0.0,0.0,1.0,0.0,0.0,0.0,0.0,0.0,0.0,0.0,0.0,0.0,0.0,1.0,1.0,0.0,1.0,0.0
-0.31175547332894427,2.324311365230856,-1.0391597336425282,-0.9409868936598628,-0.2279822118162469,-0.35418948698466474,-0.6513847719133283,-0.4383464269859448,-0.3358111558318982,-0.4491842384418179,-1.5362690747423902,1.0632951492895724,0.0,0.0,0.0,0.0,0.0,0.0,0.0,1.0,0.0,0.0,1.0,0.0,1.0,0.0,0.0,0.0,0.0,0.0,0.0,0.0,0.0,0.0,0.0,0.0,1.0,0.0,0.0,1.0,0.0
-0.7021651303028467,-0.299687161089528,-0.4254171425940789,-0.6303350164269823,-0.6294931017562472,-0.35418948698466474,-0.6513847719133283,-0.26347418217772206,-0.3358111558318982,-0.6530411077775291,-1.4116256230188584,0.07494954189415268,0.0,1.0,0.0,0.0,0.0,0.0,0.0,1.0,0.0,0.0,0.0,0.0,0.0,1.0,0.0,0.0,0.0,0.0,0.0,0.0,0.0,0.0,0.0,0.0,1.0,0.0,1.0,0.0,1.0
-1.2041204035550068,-1.0226255305859604,-0.43357620215011444,0.7050646116779984,-1.139203855319234,-0.35418948698466474,-0.6513847719133283,-0.7880909166023902,-0.3358111558318982,-0.5372790659485268,-0.39035347018733996,-0.6663096636524121,0.0,0.0,0.0,1.0,0.0,0.0,0.0,1.0,0.0,0.0,0.0,1.0,0.0,1.0,0.0,0.0,0.0,0.0,0.0,0.0,0.0,0.0,0.0,0.0,0.0,1.0,0.0,0.0,1.0
0.13442699178408696,-0.5406666175883388,-1.1579193782914896,2.6718540941588986,0.17160204237548085,-0.35418948698466474,0.4888949163375746,-1.3127076510270583,-0.3358111558318982,-0.5885562119935882,-0.33808363559360066,-1.489931003148595,1.0,0.0,0.0,0.0,1.0,0.0,0.0,0.0,0.0,1.0,1.0,0.0,0.0,1.0,0.0,0.0,0.0,0.0,0.0,0.0,0.0,0.0,0.0,0.0,0.0,0.0,1.0,1.0,0.0
-0.37310556228198605,-0.8887480547532877,0.3342819582901168,2.1836868585072287,0.0429027743908743,-0.35418948698466474,0.4888949163375746,-0.4383464269859448,1.4162470485084402,-0.3488744005556877,0.30121664905290096,0.6514844795414808,0.0,0.0,0.0,0.0,1.0,0.0,0.0,0.0,0.0,1.0,0.0,1.0,0.0,1.0,0.0,0.0,0.0,0.0,0.0,0.0,0.0,0.0,0.0,0.0,0.0,1.0,0.0,1.0,0.0
-0.31175547332894427,-0.6209931030879423,0.08407079857169421,-0.8381086745762465,-0.21703892076605866,0.9164454439020248,0.4888949163375746,-0.08860193736949937,-0.3358111558318982,-0.31753836686148357,-0.39437422669455047,1.6398300869369005,0.0,0.0,0.0,0.0,0.0,0.0,0.0,1.0,0.0,0.0,0.0,0.0,1.0,0.0,0.0,0.0,0.0,0.0,0.0,0.0,0.0,0.0,0.0,0.0,0.0,0.0,1.0,1.0,0.0
-0.5348467058854599,-0.4871156272552697,0.2599438601129043,0.7776845310311392,-0.3132165773198247,2.187080374788714,-0.6513847719133283,-0.26347418217772206,-0.3358111558318982,-0.6454876561294771,-0.808512146937253,-0.5839475297027937,0.0,0.0,1.0,0.0,0.0,0.0,0.0,0.0,1.0,0.0,1.0,0.0,0.0,0.0,0.0,0.0,0.0,1.0,0.0,0.0,0.0,0.0,0.0,0.0,0.0,0.0,1.0,1.0,0.0
0.02288137550582915,-0.08548319975725176,-0.5178864842291481,-1.0398306727794158,0.12328201780880532,-0.35418948698466474,-0.6513847719133283,-0.4383464269859448,-0.3358111558318982,-0.3703693658170013,-0.9934669462689452,-0.17213685995470224,0.0,0.0,0.0,0.0,0.0,0.0,0.0,1.0,0.0,0.0,0.0,0.0,1.0,0.0,0.0,0.0,0.0,0.0,0.0,0.0,0.0,0.0,0.0,0.0,0.0,0.0,1.0,1.0,0.0
0.02288137550582915,0.4500267035734388,-0.5949442689250392,-0.9833485132825285,0.13075736451210282,-0.35418948698466474,-0.6513847719133283,0.26114255224694605,-0.3358111558318982,0.4010322790629119,1.0008282813075635,0.40439807769262587,0.0,1.0,0.0,0.0,0.0,0.0,0.0,1.0,0.0,0.0,1.0,0.0,0.0,1.0,0.0,0.0,0.0,0.0,0.0,0.0,0.0,0.0,0.0,0.0,0.0,0.0,1.0,1.0,0.0
0.5806094568971182,0.04839427607542089,-0.5224192950936123,0.10796749699661724,0.9333167518125182,-0.35418948698466474,-0.6513847719133283,-0.08860193736949937,-0.3358111558318982,-0.411373817620712,0.289154379531269,-0.913396065501267,0.0,0.0,1.0,0.0,0.0,0.0,0.0,1.0,0.0,0.0,1.0,0.0,0.0,1.0,0.0,0.0,0.0,0.0,0.0,0.0,0.0,0.0,0.0,0.0,0.0,0.0,1.0,1.0,0.0
-1.0925747872767488,1.2532915585694748,-1.3038758881272359,-1.3746891897966766,-1.0970490651470308,-0.35418948698466474,-0.6513847719133283,-0.08860193736949937,-0.3358111558318982,-0.7153247119383233,-2.0308221251293066,0.07494954189415268,0.0,0.0,0.0,0.0,0.0,0.0,0.0,0.0,0.0,1.0,0.0,1.0,0.0,1.0,0.0,0.0,0.0,0.0,0.0,0.0,0.0,0.0,0.0,0.0,0.0,0.0,0.0,0.0,1.0
1.9191568522362121,0.04839427607542089,-0.7336482813776428,-1.0418478927614476,2.1724132669565286,-0.35418948698466474,-0.6513847719133283,-0.6132186717941674,-0.3358111558318982,-0.13893160732068896,1.0410358463796705,-0.4192232618035572,0.0,0.0,0.0,0.0,0.0,0.0,0.0,1.0,0.0,0.0,0.0,1.0,0.0,1.0,0.0,0.0,0.0,0.0,0.0,0.0,0.0,0.0,0.0,0.0,0.0,0.0,1.0,0.0,0.0
1.6960656196796964,0.7445571504053187,-0.167046923319621,-0.2147877001284535,2.1536863674833193,-0.35418948698466474,-0.6513847719133283,-0.4383464269859448,1.4162470485084402,-0.20535881924270027,0.8198942384830818,-0.08977472600508395,0.0,0.0,1.0,0.0,0.0,0.0,0.0,1.0,0.0,0.0,0.0,1.0,0.0,1.0,0.0,0.0,0.0,0.0,0.0,0.0,0.0,0.0,0.0,0.0,0.0,0.0,0.0,0.0,0.0
1.8187657975857798,0.4500267035734388,1.2907050506920574,1.8952244010766968,1.655227166690244,0.9164454439020248,-0.6513847719133283,0.08627030743872333,1.4162470485084402,-0.5018425870739516,-0.3782912006657077,-0.5015853957531755,1.0,0.0,0.0,0.0,0.0,1.0,0.0,1.0,0.0,0.0,0.0,1.0,0.0,0.0,0.0,0.0,0.0,0.0,1.0,0.0,0.0,0.0,0.0,0.0,1.0,0.0,1.0,0.0,0.0
-0.8722721951271898,-1.5854464389865162,0.1828860754170132,-0.41650969833162277,-0.8055105437184278,-0.35418948698466474,-0.6513847719133283,-0.7880909166023902,1.4162470485084402,-0.39475622399499766,-0.9814046767473131,0.15731167584377098,0.0,1.0,0.0,0.0,0.0,0.0,0.0,0.0,1.0,0.0,0.0,1.0,1.0,0.0,0.0,0.0,0.0,0.0,0.0,0.0,0.0,0.0,0.0,0.0,1.0,1.0,0.0,0.0,1.0
-0.7579379384419755,0.011497643735936307,0.5246600145976119,0.10796749699661724,-0.6378161681887847,-0.35418948698466474,0.4888949163375746,0.7857592866716141,-0.3358111558318982,0.22639647695995035,0.9887660117859308,-0.17213685995470224,0.0,0.0,1.0,0.0,0.0,0.0,0.0,1.0,0.0,0.0,0.0,0.0,0.0,1.0,0.0,0.0,0.0,0.0,0.0,0.0,0.0,0.0,0.0,0.0,0.0,0.0,1.0,0.0,1.0
0.5806094568971182,1.0390875972371985,-1.6501826381722988,-0.8381086745762465,-0.08926443794062297,-0.35418948698466474,-0.6513847719133283,-1.1378354062188356,-0.3358111558318982,-0.5816070364773804,-1.6528710134515006,-0.8310339315516487,1.0,0.0,0.0,0.0,0.0,0.0,0.0,1.0,0.0,0.0,0.0,1.0,0.0,0.0,1.0,0.0,0.0,0.0,0.0,0.0,0.0,0.0,0.0,0.0,0.0,0.0,0.0,1.0,0.0
2.3486074749075048,0.9319856165710604,-1.0101497441099576,-0.7291787955465352,2.7358771578963204,-0.35418948698466474,0.4888949163375746,-0.7880909166023902,1.4162470485084402,-0.7228350010055292,-2.05092590766536,-0.7486717976020304,0.0,1.0,0.0,0.0,0.0,0.0,0.0,1.0,0.0,0.0,0.0,1.0,0.0,0.0,1.0,0.0,0.0,0.0,0.0,0.0,0.0,0.0,0.0,0.0,0.0,0.0,0.0,0.0,0.0
-1.0479565407654459,-1.2903804822513056,-0.08908257645083727,-0.6827827359598062,-1.0170936815937197,-0.35418948698466474,0.4888949163375746,-1.1378354062188356,-0.3358111558318982,-0.5216973742631168,-0.2496269924349654,-1.407568869198977,0.0,1.0,0.0,0.0,0.0,0.0,0.0,0.0,0.0,1.0,0.0,0.0,0.0,1.0,0.0,0.0,0.0,0.0,0.0,0.0,0.0,0.0,0.0,0.0,1.0,1.0,0.0,0.0,1.0
-0.40656924716546344,-1.2130528522103539,0.7068790113490719,0.8139944907077097,-0.15157183803975743,-0.35418948698466474,-0.6513847719133283,-0.7880909166023902,-0.3358111558318982,-0.2756275008600066,1.5717757053314827,-0.913396065501267,0.0,0.0,0.0,1.0,0.0,0.0,0.0,1.0,0.0,0.0,0.0,1.0,0.0,1.0,0.0,0.0,0.0,0.0,0.0,0.0,0.0,0.0,0.0,0.0,0.0,1.0,0.0,1.0,0.0
0.02288137550582915,0.9855366069041295,-0.7254892218216074,-0.01306570192528424,-0.37047619175848484,-0.35418948698466474,-0.6513847719133283,0.7857592866716141,-0.3358111558318982,0.3911912106300213,0.6228771696297571,0.15731167584377098,1.0,0.0,1.0,0.0,0.0,0.0,0.0,1.0,0.0,0.0,0.0,0.0,0.0,1.0,0.0,0.0,0.0,0.0,0.0,0.0,0.0,0.0,0.0,0.0,0.0,0.0,0.0,1.0,0.0
1.6960656196796964,2.4581888410635284,0.2508782383839758,1.045974788641354,2.507802018015815,-0.35418948698466474,1.6291746045884776,2.009865000329173,1.4162470485084402,1.1811096026928734,0.3615279966610615,0.8985708813903357,0.0,0.0,0.0,1.0,0.0,0.0,0.0,1.0,0.0,0.0,0.0,1.0,0.0,1.0,0.0,0.0,0.0,0.0,0.0,0.0,0.0,0.0,0.0,0.0,0.0,0.0,0.0,0.0,0.0
-0.8694835547202333,-0.754870578920615,1.5898705677466933,-1.051933992671606,-0.8420395575056754,-0.35418948698466474,-0.6513847719133283,1.1355037762880595,-0.3358111558318982,-0.1625847016243031,-1.0256329983266308,1.6398300869369005,0.0,0.0,0.0,0.0,0.0,0.0,0.0,1.0,0.0,0.0,0.0,0.0,0.0,1.0,0.0,0.0,0.0,0.0,0.0,0.0,0.0,0.0,0.0,0.0,0.0,1.0,0.0,0.0,1.0
1.024003281603193,-0.6745440934210114,1.0568120100857061,-0.9409868936598628,1.2263195164098082,-0.35418948698466474,-0.6513847719133283,-0.08860193736949937,-0.3358111558318982,0.5214558796232833,-0.26571001846380815,-0.0074125920554656355,0.0,0.0,0.0,0.0,0.0,0.0,0.0,0.0,1.0,0.0,0.0,1.0,1.0,0.0,0.0,0.0,0.0,0.0,0.0,0.0,0.0,0.0,0.0,0.0,0.0,1.0,0.0,1.0,0.0
0.2180862039927803,-0.5674421127548733,0.8510223968390326,1.3989882854969002,0.024330005777526902,-0.35418948698466474,1.6291746045884776,1.6601205107127277,3.1683052528487785,-0.01591825190955686,-0.6677856691848784,0.4867602116422442,1.0,0.0,0.0,0.0,1.0,0.0,0.0,0.0,0.0,1.0,0.0,1.0,0.0,1.0,0.0,0.0,0.0,0.0,0.0,0.0,0.0,0.0,0.0,0.0,1.0,0.0,1.0,1.0,0.0
2.2537937010709856,2.4581888410635284,-0.7218629731300359,2.6093202747159157,2.351821587835669,-0.35418948698466474,2.7694542928393804,-0.08860193736949937,-0.3358111558318982,-0.5183738555379739,-0.31797985305754717,0.8162087474407175,1.0,0.0,0.0,0.0,0.0,0.0,1.0,1.0,0.0,0.0,0.0,1.0,0.0,0.0,0.0,0.0,0.0,0.0,0.0,1.0,0.0,0.0,0.0,0.0,0.0,0.0,0.0,0.0,0.0
-1.4272116361115224,-0.35323815142259707,0.29711290920151057,-0.8199536947379613,-1.4402214246293379,-0.35418948698466474,0.4888949163375746,-0.26347418217772206,-0.3358111558318982,0.42926060693620327,0.27307135350242595,-0.17213685995470224,0.0,1.0,0.0,0.0,0.0,0.0,0.0,0.0,1.0,0.0,0.0,0.0,0.0,0.0,0.0,0.0,0.0,0.0,0.0,0.0,0.0,0.0,0.0,0.0,0.0,0.0,1.0,0.0,1.0
-0.3675282814680732,-0.7066746876208528,1.657862730713656,0.7938222908873924,-0.10564084180093969,-0.35418948698466474,-0.6513847719133283,-0.6132186717941674,-0.3358111558318982,-0.17449757393780221,-0.09281748865374777,-0.5015853957531755,0.0,0.0,0.0,1.0,0.0,0.0,0.0,0.0,0.0,1.0,1.0,0.0,0.0,1.0,0.0,0.0,0.0,0.0,0.0,0.0,0.0,0.0,0.0,0.0,1.0,1.0,0.0,1.0,0.0
0.5806094568971182,0.155496256741559,-0.15888786376358552,-0.08972006124248871,0.05284421485196062,3.457715305675404,-0.6513847719133283,-0.6132186717941674,-0.3358111558318982,-0.30187035001438145,0.8962886121200848,0.5691223455918625,1.0,0.0,1.0,0.0,0.0,0.0,0.0,0.0,0.0,1.0,0.0,0.0,0.0,1.0,0.0,0.0,0.0,0.0,0.0,0.0,0.0,0.0,0.0,0.0,0.0,0.0,1.0,1.0,0.0
0.8037006894536338,-0.21936067558992442,0.11670703679583622,-0.41650969833162277,0.15746053598316045,-0.35418948698466474,-0.6513847719133283,0.26114255224694605,-0.3358111558318982,0.19907456328442522,-0.46674784382434326,0.2396738097933893,1.0,1.0,0.0,0.0,0.0,0.0,0.0,0.0,0.0,1.0,0.0,0.0,1.0,0.0,0.0,0.0,0.0,0.0,0.0,0.0,0.0,0.0,0.0,0.0,0.0,0.0,1.0,1.0,0.0
-0.5348467058854599,0.3161492277407662,-0.8841376020778534,0.28548285541540636,-0.35949436799333145,0.9164454439020248,-0.6513847719133283,-1.1378354062188356,-0.3358111558318982,-0.41763239184338363,1.0048490378147739,-1.2428446012997403,0.0,0.0,1.0,0.0,0.0,0.0,0.0,0.0,0.0,1.0,0.0,0.0,0.0,1.0,0.0,0.0,0.0,0.0,0.0,0.0,0.0,0.0,0.0,0.0,1.0,0.0,1.0,1.0,0.0
2.2537937010709856,1.2532915585694748,1.5545146430038728,0.36213721473261046,1.5125405231731788,-0.35418948698466474,-0.6513847719133283,1.1355037762880595,-0.3358111558318982,2.494805913322072,1.2380529152329947,1.8045543548361371,1.0,0.0,1.0,0.0,0.0,0.0,0.0,1.0,0.0,0.0,1.0,0.0,0.0,1.0,0.0,0.0,0.0,0.0,0.0,0.0,0.0,0.0,0.0,0.0,0.0,0.0,0.0,0.0,0.0
-0.5348467058854599,0.4500267035734388,-0.23231939976790503,-1.3242586902458844,-0.5044544416933584,-0.35418948698466474,-0.6513847719133283,1.485248265904505,-0.3358111558318982,-0.5694783512596513,-1.1100688849780558,0.3220359437430076,0.0,0.0,0.0,0.0,0.0,0.0,0.0,0.0,0.0,1.0,0.0,0.0,1.0,0.0,0.0,0.0,0.0,0.0,0.0,0.0,0.0,0.0,0.0,0.0,1.0,0.0,1.0,1.0,0.0
0.13442699178408696,-0.35323815142259707,-0.7798829521951774,-1.5602734281435924,0.17137084608568814,-0.35418948698466474,-0.6513847719133283,-1.1378354062188356,-0.3358111558318982,-0.2939715977195614,-0.33808363559360066,-0.9957581994508853,0.0,0.0,0.0,0.0,0.0,0.0,0.0,1.0,0.0,0.0,1.0,0.0,0.0,1.0,0.0,0.0,0.0,0.0,0.0,0.0,0.0,0.0,0.0,0.0,1.0,0.0,1.0,1.0,0.0
-1.03680197913762,-1.2903804822513056,-0.8895769751152105,0.1241052568528708,-0.9643423948060171,-0.35418948698466474,1.6291746045884776,-1.3127076510270583,4.920363457189116,-0.6352581244689725,-0.482830869853186,-1.407568869198977,0.0,0.0,1.0,0.0,0.0,0.0,0.0,0.0,0.0,1.0,1.0,0.0,1.0,0.0,0.0,0.0,0.0,0.0,0.0,0.0,0.0,0.0,0.0,0.0,0.0,1.0,0.0,0.0,1.0
-1.0925747872767488,-1.0761765209190293,-0.4816239973134348,-0.035255121727632746,-1.0372077588056852,-0.35418948698466474,0.4888949163375746,-0.7880909166023902,-0.3358111558318982,-0.45868000622794036,0.9887660117859308,-1.407568869198977,0.0,0.0,1.0,0.0,0.0,0.0,0.0,0.0,0.0,1.0,0.0,1.0,1.0,0.0,0.0,0.0,0.0,0.0,0.0,0.0,0.0,0.0,0.0,0.0,0.0,1.0,0.0,0.0,1.0
-1.0702656640210975,-1.102952016085564,1.2743869315799863,0.28548285541540636,-0.9958621556477563,0.9164454439020248,-0.6513847719133283,-0.6132186717941674,1.4162470485084402,-0.499554970289113,-0.9210933291391525,-0.8310339315516487,0.0,0.0,1.0,0.0,0.0,0.0,0.0,0.0,0.0,1.0,1.0,0.0,1.0,0.0,0.0,0.0,0.0,0.0,0.0,0.0,0.0,0.0,0.0,0.0,0.0,1.0,0.0,0.0,1.0
1.0267919220101493,2.4581888410635284,0.14299733980972867,-0.4326474581878763,1.3384111842443054,4.728350236562093,-0.6513847719133283,0.08627030743872333,-0.3358111558318982,3.162660526752404,0.8239149949902923,0.15731167584377098,0.0,1.0,0.0,0.0,0.0,0.0,0.0,0.0,1.0,0.0,0.0,1.0,1.0,0.0,0.0,0.0,0.0,0.0,0.0,0.0,0.0,0.0,0.0,0.0,1.0,0.0,0.0,1.0,0.0
0.6698459499197245,-0.21936067558992442,0.1611285832675853,2.3793571967643032,0.6601198027074696,-0.35418948698466474,-0.6513847719133283,-1.1378354062188356,-0.3358111558318982,0.1511209359645067,1.3425925844204731,-0.5839475297027937,1.0,0.0,0.0,0.0,1.0,0.0,0.0,1.0,0.0,0.0,1.0,0.0,0.0,1.0,0.0,0.0,0.0,0.0,0.0,0.0,0.0,0.0,0.0,0.0,0.0,0.0,1.0,1.0,0.0
0.13442699178408696,1.7888014619001653,-1.133442199623383,-0.9268663537856409,0.2598034269313986,-0.35418948698466474,0.4888949163375746,-0.9629631614106129,-0.3358111558318982,-0.46101078559362496,-0.7240762602858282,-1.160482467350122,0.0,0.0,0.0,0.0,0.0,0.0,0.0,1.0,0.0,0.0,0.0,0.0,0.0,1.0,0.0,0.0,0.0,0.0,0.0,0.0,0.0,0.0,0.0,0.0,0.0,0.0,0.0,1.0,0.0
2.2537937010709856,0.9855366069041295,-0.04828727867065977,1.8952244010766968,2.074116311079663,-0.35418948698466474,1.6291746045884776,1.3103760210962823,1.4162470485084402,-0.4098199647102556,-0.6275781041127714,1.7221922208865188,1.0,0.0,0.0,0.0,1.0,0.0,0.0,1.0,0.0,0.0,0.0,1.0,0.0,1.0,0.0,0.0,0.0,0.0,0.0,0.0,0.0,0.0,0.0,0.0,0.0,0.0,0.0,0.0,0.0
-0.6463923221637177,-0.018544461840915436,-0.5006618029441843,-1.0277273528872257,-0.5991678550784372,-0.35418948698466474,2.7694542928393804,0.6108870418633914,-0.3358111558318982,-0.6339200844627461,-1.8820541343625103,-0.25449899390432057,0.0,0.0,0.0,0.0,0.0,0.0,0.0,1.0,0.0,0.0,0.0,1.0,0.0,1.0,0.0,0.0,0.0,0.0,0.0,0.0,0.0,0.0,0.0,0.0,0.0,0.0,1.0,0.0,1.0
-0.780247061697627,-0.6209931030879423,1.3070231698041284,0.5981519526303185,-0.6282985875923182,-0.35418948698466474,-0.6513847719133283,1.485248265904505,-0.3358111558318982,0.16389705989492603,-0.2375647229133331,0.3220359437430076,0.0,0.0,1.0,0.0,0.0,0.0,0.0,0.0,0.0,1.0,0.0,0.0,0.0,1.0,0.0,0.0,0.0,0.0,0.0,0.0,0.0,0.0,0.0,0.0,1.0,0.0,1.0,0.0,1.0
-1.2041204035550068,-0.6745440934210114,-0.6266739449762884,-1.287948730569314,-1.2116838921692479,0.9164454439020248,-0.6513847719133283,-0.4383464269859448,-0.3358111558318982,-0.5658095318877403,-0.9492386246896276,-1.0781203334005036,0.0,0.0,0.0,0.0,0.0,0.0,0.0,0.0,0.0,1.0,0.0,0.0,0.0,1.0,0.0,0.0,0.0,0.0,0.0,0.0,0.0,0.0,0.0,0.0,1.0,1.0,0.0,0.0,1.0
-0.9810291709984912,1.7888014619001653,-1.0065234954183861,0.39642995442714923,-0.8835778242384317,2.187080374788714,-0.6513847719133283,-0.7880909166023902,-0.3358111558318982,-0.5549325615145455,0.3172996750817437,0.2396738097933893,0.0,0.0,1.0,0.0,0.0,0.0,0.0,1.0,0.0,0.0,0.0,0.0,0.0,1.0,0.0,0.0,0.0,0.0,0.0,0.0,0.0,0.0,0.0,0.0,0.0,0.0,0.0,0.0,1.0
-0.8694835547202333,-0.6209931030879423,-0.8678194829657825,-0.31564869923003813,-0.7959544304069959,-0.35418948698466474,0.4888949163375746,-0.26347418217772206,3.1683052528487785,-0.307783623590285,-0.3099383400431259,-0.5015853957531755,0.0,1.0,0.0,0.0,0.0,0.0,0.0,1.0,0.0,0.0,0.0,1.0,0.0,1.0,0.0,0.0,0.0,0.0,0.0,0.0,0.0,0.0,0.0,0.0,0.0,0.0,1.0,0.0,1.0
2.2537937010709856,1.4139445295686819,-0.12262537684787225,1.6935024028735275,1.9974747410133806,-0.35418948698466474,-0.6513847719133283,-0.9629631614106129,-0.3358111558318982,-0.1855040320535351,1.9698305995453425,-0.17213685995470224,1.0,0.0,0.0,1.0,0.0,0.0,0.0,0.0,1.0,0.0,0.0,1.0,0.0,0.0,1.0,0.0,0.0,0.0,0.0,0.0,0.0,0.0,0.0,0.0,0.0,0.0,0.0,0.0,0.0
-1.5164481291341285,-0.4871156272552697,0.5010893981023984,-0.2974937193917529,-1.5326228751164896,-0.35418948698466474,1.6291746045884776,1.1355037762880595,1.4162470485084402,0.2579483235583846,1.0410358463796705,0.8985708813903357,0.0,1.0,0.0,0.0,0.0,0.0,0.0,0.0,0.0,1.0,0.0,0.0,0.0,0.0,0.0,0.0,0.0,0.0,0.0,1.0,0.0,0.0,0.0,0.0,1.0,0.0,1.0,0.0,1.0
2.594704990821411,2.163658394231649,-0.8877638507694248,-0.21680492011048513,3.4326257099016066,-0.35418948698466474,-0.6513847719133283,-0.9629631614106129,1.4162470485084402,0.39132069837255934,0.7917489429326068,-1.3252067352493586,0.0,1.0,0.0,0.0,0.0,0.0,0.0,0.0,0.0,1.0,0.0,1.0,0.0,1.0,0.0,0.0,0.0,0.0,0.0,0.0,0.0,0.0,0.0,0.0,0.0,0.0,0.0,0.0,0.0
-0.9531427669289266,-1.2904875842319719,0.9725017280066725,-0.31564869923003813,-1.1557343900394126,-0.35418948698466474,0.4888949163375746,-0.7880909166023902,-0.3358111558318982,-0.5882540739276662,-0.8567612250237814,-0.8310339315516487,1.0,1.0,0.0,0.0,0.0,0.0,0.0,0.0,1.0,0.0,0.0,1.0,0.0,1.0,0.0,0.0,0.0,0.0,0.0,0.0,0.0,0.0,0.0,0.0,0.0,1.0,0.0,0.0,1.0
-0.7690925000698013,0.9855366069041295,0.7041593248303933,0.2834656354333747,-0.6380473644785775,-0.35418948698466474,-0.6513847719133283,-0.4383464269859448,-0.3358111558318982,-0.438048292583547,-0.07271370611769425,-0.6663096636524121,0.0,0.0,1.0,0.0,0.0,0.0,0.0,1.0,0.0,0.0,1.0,0.0,0.0,1.0,0.0,0.0,0.0,0.0,0.0,0.0,0.0,0.0,0.0,0.0,0.0,0.0,0.0,0.0,1.0
0.49137296387451196,-0.21936067558992442,1.5644868269056937,0.39642995442714923,0.07553998396661148,-0.35418948698466474,-0.6513847719133283,0.9606315314798368,-0.3358111558318982,0.4557192689948082,1.217949132696941,2.1340028906346102,1.0,0.0,1.0,0.0,0.0,0.0,0.0,1.0,0.0,0.0,0.0,1.0,0.0,1.0,0.0,0.0,0.0,0.0,0.0,0.0,0.0,0.0,0.0,0.0,0.0,0.0,1.0,1.0,0.0
-0.4456102128628536,-0.26220146785637966,0.20645669191222704,0.622358592414699,-0.21931235094902038,2.187080374788714,-0.6513847719133283,0.4360147970551687,-0.3358111558318982,-0.3955331504502259,-1.009549972297788,-0.33686112785393885,0.0,0.0,1.0,0.0,0.0,0.0,0.0,1.0,0.0,0.0,1.0,0.0,0.0,1.0,0.0,0.0,0.0,0.0,0.0,0.0,0.0,0.0,0.0,0.0,0.0,0.0,1.0,1.0,0.0
1.6960656196796964,0.3161492277407662,0.16203514544047795,-0.15427110066750294,2.1702554349184635,-0.35418948698466474,-0.6513847719133283,0.9606315314798368,-0.3358111558318982,0.6055797496921592,-0.08075521913211577,1.0632951492895724,0.0,0.0,1.0,0.0,0.0,0.0,0.0,0.0,0.0,1.0,0.0,1.0,0.0,1.0,0.0,0.0,0.0,0.0,0.0,0.0,0.0,0.0,0.0,0.0,1.0,0.0,1.0,0.0,0.0
-0.7579379384419755,-0.4871156272552697,-1.122563453548669,0.011140937859095913,-0.6449832531723585,-0.35418948698466474,-0.6513847719133283,-1.1378354062188356,1.4162470485084402,-0.37175056840407367,1.3224888018844196,-1.0781203334005036,0.0,1.0,0.0,0.0,0.0,0.0,0.0,1.0,0.0,0.0,0.0,1.0,1.0,0.0,0.0,0.0,0.0,0.0,0.0,0.0,0.0,0.0,0.0,0.0,1.0,0.0,1.0,0.0,1.0
2.2537937010709856,0.08320241979191578,-1.0255613010491356,0.10796749699661724,1.4241850077573996,0.9164454439020248,-0.6513847719133283,-0.7880909166023902,-0.3358111558318982,-0.4855271315141594,-0.9291348421535741,-0.7486717976020304,1.0,0.0,1.0,0.0,0.0,0.0,0.0,1.0,0.0,0.0,0.0,1.0,0.0,1.0,0.0,0.0,0.0,0.0,0.0,0.0,0.0,0.0,0.0,0.0,1.0,0.0,1.0,0.0,0.0
1.0267919220101493,1.2532915585694748,-0.20149628588954865,0.9108210498452309,0.641508501379157,0.9164454439020248,0.4888949163375746,-0.4383464269859448,1.4162470485084402,-0.25503894979645925,1.3586756104493156,-0.17213685995470224,1.0,0.0,0.0,1.0,0.0,0.0,0.0,1.0,0.0,0.0,1.0,0.0,0.0,1.0,0.0,0.0,0.0,0.0,0.0,0.0,0.0,0.0,0.0,0.0,0.0,0.0,0.0,1.0,0.0
-0.7579379384419755,-1.0494010257524948,-0.9784200680587082,-1.2778626306591556,-0.7373847036595103,-0.35418948698466474,-0.6513847719133283,-1.1378354062188356,-0.3358111558318982,-0.35975137092888254,0.6550432216874427,-0.08977472600508395,0.0,0.0,0.0,0.0,0.0,0.0,0.0,1.0,0.0,0.0,0.0,0.0,1.0,0.0,0.0,0.0,0.0,0.0,0.0,0.0,0.0,0.0,0.0,0.0,1.0,1.0,0.0,0.0,1.0
-0.31175547332894427,-0.643216764076166,-0.04647415432487413,1.2093696071859215,-0.48453302805622017,-0.35418948698466474,0.4888949163375746,-0.7880909166023902,-0.3358111558318982,-0.4065396085659588,-0.3461251486080222,0.07494954189415268,1.0,0.0,0.0,1.0,0.0,0.0,0.0,1.0,0.0,0.0,1.0,0.0,0.0,1.0,0.0,0.0,0.0,0.0,0.0,0.0,0.0,0.0,0.0,0.0,1.0,1.0,0.0,1.0,0.0
-1.03680197913762,-0.7147073361708132,1.1927963360196314,0.9955442890905617,-0.9191820528665084,-0.35418948698466474,2.7694542928393804,0.7857592866716141,1.4162470485084402,-0.5472496221239554,-1.1583179630645841,-0.08977472600508395,0.0,0.0,0.0,1.0,0.0,0.0,0.0,0.0,1.0,0.0,0.0,1.0,0.0,1.0,0.0,0.0,0.0,0.0,0.0,0.0,0.0,0.0,0.0,0.0,1.0,1.0,0.0,0.0,1.0
2.2537937010709856,1.1943854692030988,0.4466956677288282,0.28548285541540636,1.4857602862721904,2.187080374788714,0.4888949163375746,2.8842262243702863,-0.3358111558318982,0.33905081296803974,0.24090530144474043,1.1456572832391907,1.0,0.0,1.0,0.0,0.0,0.0,0.0,0.0,0.0,1.0,0.0,1.0,0.0,1.0,0.0,0.0,0.0,0.0,0.0,0.0,0.0,0.0,0.0,0.0,1.0,0.0,0.0,0.0,0.0
-1.4272116361115224,2.0565564135655108,-1.3736811754399842,-1.0398306727794158,-1.4441132288408485,-0.35418948698466474,0.4888949163375746,-1.1378354062188356,-0.3358111558318982,-0.6631843142763417,-0.4627270873171325,-0.9957581994508853,0.0,0.0,0.0,0.0,0.0,0.0,0.0,0.0,0.0,1.0,1.0,0.0,0.0,0.0,0.0,0.0,0.0,0.0,0.0,1.0,0.0,0.0,0.0,0.0,1.0,0.0,0.0,0.0,1.0
-0.4233010896072021,0.5839041794061115,0.6742427731249299,1.108508608084337,-0.5962393687410629,-0.35418948698466474,0.4888949163375746,1.485248265904505,-0.3358111558318982,-0.6103533153208239,-1.6609125264659217,0.40439807769262587,1.0,0.0,0.0,0.0,1.0,0.0,0.0,1.0,0.0,0.0,0.0,0.0,0.0,0.0,0.0,0.0,0.0,0.0,0.0,1.0,0.0,0.0,0.0,0.0,1.0,0.0,1.0,1.0,0.0
0.38540462841016704,-1.0225184286052942,-0.026529786521231547,-0.31564869923003813,0.6333395658064814,-0.35418948698466474,0.4888949163375746,-1.1378354062188356,-0.3358111558318982,-0.5103456155006159,0.42183934426922204,-0.25449899390432057,0.0,1.0,0.0,0.0,0.0,0.0,0.0,0.0,0.0,1.0,1.0,0.0,0.0,1.0,0.0,0.0,0.0,0.0,0.0,0.0,0.0,0.0,0.0,0.0,1.0,1.0,0.0,1.0,0.0
-1.0256474175097943,1.922678937732838,-0.3710234122205089,-0.8199536947379613,-0.9991759691347849,0.9164454439020248,0.4888949163375746,-0.4383464269859448,-0.3358111558318982,-0.08730916062885949,-1.0537782938771056,-0.8310339315516487,0.0,1.0,0.0,0.0,0.0,0.0,0.0,1.0,0.0,0.0,1.0,0.0,0.0,0.0,0.0,0.0,1.0,0.0,0.0,0.0,0.0,0.0,0.0,0.0,1.0,0.0,0.0,0.0,1.0
0.9152463057318916,-0.4469523845054679,0.8084139747130695,-0.3257347991401967,0.2611520719551892,-0.35418948698466474,-0.6513847719133283,0.7857592866716141,-0.3358111558318982,0.3596393640315871,0.5344205264711216,-0.33686112785393885,1.0,1.0,0.0,0.0,0.0,0.0,0.0,0.0,0.0,1.0,1.0,0.0,1.0,0.0,0.0,0.0,0.0,0.0,0.0,0.0,0.0,0.0,0.0,0.0,0.0,0.0,1.0,1.0,0.0
-0.20020985705068647,0.18227175190809353,-1.0890206531516342,-0.30354537933784786,-0.03223601979175532,-0.35418948698466474,0.4888949163375746,-0.6132186717941674,-0.3358111558318982,-0.6166982147051876,-1.4236878925404903,-0.5839475297027937,0.0,1.0,0.0,0.0,0.0,0.0,0.0,0.0,1.0,0.0,1.0,0.0,0.0,1.0,0.0,0.0,0.0,0.0,0.0,0.0,0.0,0.0,0.0,0.0,1.0,0.0,1.0,1.0,0.0
1.1383375382884073,0.7981081407383878,0.7032527626575006,0.40248161437324453,1.6564602135691386,-0.35418948698466474,0.4888949163375746,1.8349927555209502,-0.3358111558318982,0.9989635115227059,0.9927867682931419,0.980933015339954,0.0,0.0,1.0,0.0,0.0,0.0,0.0,0.0,0.0,1.0,0.0,1.0,0.0,1.0,0.0,0.0,0.0,0.0,0.0,0.0,0.0,0.0,0.0,0.0,0.0,0.0,0.0,0.0,0.0
-0.9810291709984912,-0.9690745402528912,1.8101651757596522,-0.4326474581878763,-0.9293546896173875,-0.35418948698466474,-0.6513847719133283,-0.4383464269859448,-0.3358111558318982,-0.5179853923103598,-0.888927277081467,-0.7486717976020304,0.0,1.0,0.0,0.0,0.0,0.0,0.0,0.0,0.0,1.0,0.0,0.0,0.0,1.0,0.0,0.0,0.0,0.0,0.0,0.0,0.0,0.0,0.0,0.0,0.0,1.0,0.0,0.0,1.0
2.150614006013597,0.8248836359049223,0.9407720519554231,-0.5214051373972707,2.58043618572569,-0.35418948698466474,-0.6513847719133283,-0.26347418217772206,-0.3358111558318982,0.9588223113359154,0.027805206562573313,-0.4192232618035572,0.0,1.0,0.0,0.0,0.0,0.0,0.0,1.0,0.0,0.0,0.0,0.0,0.0,1.0,0.0,0.0,0.0,0.0,0.0,0.0,0.0,0.0,0.0,0.0,1.0,0.0,0.0,0.0,0.0
-0.6268718393150225,-1.1372246498987282,0.6252884157887165,1.8024322819032388,-0.335295822995028,-0.35418948698466474,-0.6513847719133283,-1.3127076510270583,-0.3358111558318982,-0.7228350010055292,-2.05092590766536,-1.3252067352493586,0.0,0.0,0.0,0.0,1.0,0.0,0.0,0.0,0.0,1.0,0.0,0.0,0.0,1.0,0.0,0.0,0.0,0.0,0.0,0.0,0.0,0.0,0.0,0.0,1.0,1.0,0.0,0.0,1.0
1.9191568522362121,0.4500267035734388,0.11398735027715794,-0.731196015528567,0.9001400842272648,-0.35418948698466474,0.4888949163375746,1.8349927555209502,-0.3358111558318982,0.7834959079394177,-0.5029346523892395,0.3220359437430076,1.0,1.0,0.0,0.0,0.0,0.0,0.0,0.0,0.0,1.0,1.0,0.0,1.0,0.0,0.0,0.0,0.0,0.0,0.0,0.0,0.0,0.0,0.0,0.0,1.0,0.0,1.0,0.0,0.0
1.0267919220101493,1.9943837137888174,-0.3828087204681158,-0.11392670102686887,0.3948220601703392,-0.35418948698466474,0.4888949163375746,-0.26347418217772206,-0.3358111558318982,1.3144819775070482,-0.18931564482680485,0.6514844795414808,1.0,1.0,0.0,0.0,0.0,0.0,0.0,0.0,1.0,0.0,1.0,0.0,0.0,0.0,0.0,0.0,1.0,0.0,0.0,0.0,0.0,0.0,0.0,0.0,1.0,0.0,0.0,1.0,0.0
-1.0925747872767488,-0.6209931030879423,0.9861001606000649,-1.1225366920427151,-1.086067241381877,2.187080374788714,-0.6513847719133283,3.4088429587949545,-0.3358111558318982,-0.3136537345853425,-0.6838686952137212,1.228019417188809,0.0,0.0,0.0,0.0,0.0,0.0,0.0,1.0,0.0,0.0,0.0,0.0,0.0,0.0,0.0,0.0,0.0,0.0,0.0,1.0,0.0,0.0,0.0,0.0,1.0,0.0,1.0,0.0,1.0
-0.14443704891155756,0.42057365889025083,0.2155223136411552,-0.5314912373074293,0.003522339696183185,-0.35418948698466474,-0.6513847719133283,-0.4383464269859448,1.4162470485084402,-0.7060015944755849,-0.7441800428218817,0.3220359437430076,0.0,1.0,0.0,0.0,0.0,0.0,0.0,1.0,0.0,0.0,1.0,0.0,0.0,1.0,0.0,0.0,0.0,0.0,0.0,0.0,0.0,0.0,0.0,0.0,1.0,0.0,1.0,1.0,0.0
1.185744425206667,-0.5406666175883388,-0.05372665170801666,0.7050646116779984,0.7258951471534948,-0.35418948698466474,0.4888949163375746,0.7857592866716141,-0.3358111558318982,0.1448623617418351,0.09213731067794433,0.3220359437430076,1.0,0.0,0.0,1.0,0.0,0.0,0.0,0.0,1.0,0.0,1.0,0.0,1.0,0.0,0.0,0.0,0.0,0.0,0.0,0.0,0.0,0.0,0.0,0.0,1.0,0.0,1.0,0.0,0.0
-0.6463923221637177,-0.754870578920615,0.19648450801040593,0.40248161437324453,-0.48225959787325867,-0.35418948698466474,-0.6513847719133283,-0.26347418217772206,-0.3358111558318982,-0.42980423964195885,0.08007504115631234,-0.9957581994508853,0.0,0.0,1.0,0.0,0.0,0.0,0.0,1.0,0.0,0.0,0.0,0.0,0.0,1.0,0.0,0.0,0.0,0.0,0.0,0.0,0.0,0.0,0.0,0.0,0.0,1.0,0.0,0.0,1.0
0.9152463057318916,1.0926385875702675,0.4285644242709715,-1.051933992671606,0.10494044548525064,-0.35418948698466474,-0.6513847719133283,0.4360147970551687,-0.3358111558318982,0.5250815364143483,-0.9492386246896276,1.6398300869369005,1.0,0.0,0.0,0.0,0.0,0.0,0.0,1.0,0.0,0.0,1.0,0.0,0.0,1.0,0.0,0.0,0.0,0.0,0.0,0.0,0.0,0.0,0.0,0.0,1.0,0.0,0.0,1.0,0.0
-0.5348467058854599,-0.4871156272552697,0.3723575695516157,-0.6303350164269823,-0.4431874248982911,-0.35418948698466474,0.4888949163375746,1.1355037762880595,-0.3358111558318982,-0.11514902527453674,-0.6436611301416141,0.40439807769262587,0.0,1.0,0.0,0.0,0.0,0.0,0.0,1.0,0.0,0.0,0.0,0.0,0.0,1.0,0.0,0.0,0.0,0.0,0.0,0.0,0.0,0.0,0.0,0.0,1.0,0.0,1.0,1.0,0.0
-0.7579379384419755,0.7177816552387841,0.41496599167757914,-1.2233976911442999,-0.7335699648779306,-0.35418948698466474,-0.6513847719133283,-0.08860193736949937,-0.3358111558318982,-0.2055314695660843,0.289154379531269,-0.17213685995470224,0.0,0.0,0.0,0.0,0.0,0.0,0.0,1.0,0.0,0.0,0.0,0.0,1.0,0.0,0.0,0.0,0.0,0.0,0.0,0.0,0.0,0.0,0.0,0.0,1.0,0.0,0.0,0.0,1.0
-0.7579379384419755,-0.00515671425764817,-1.0645434744835276,-1.2859315105872824,-0.737962694383992,-0.35418948698466474,-0.6513847719133283,0.6108870418633914,-0.3358111558318982,-0.4557017881495656,1.720543696098279,-0.5839475297027937,0.0,0.0,0.0,0.0,0.0,0.0,0.0,1.0,0.0,0.0,0.0,0.0,1.0,0.0,0.0,0.0,0.0,0.0,0.0,0.0,0.0,0.0,0.0,0.0,0.0,0.0,1.0,0.0,1.0
-0.9141018012315364,-0.35323815142259707,0.09857579333797958,0.5981519526303185,-0.7909066447465217,-0.35418948698466474,-0.6513847719133283,-0.7880909166023902,-0.3358111558318982,-0.273339884075168,1.937664547487657,-0.913396065501267,0.0,0.0,1.0,0.0,0.0,0.0,0.0,0.0,0.0,1.0,1.0,0.0,0.0,0.0,0.0,0.0,0.0,0.0,0.0,0.0,0.0,0.0,0.0,0.0,0.0,0.0,1.0,0.0,1.0
0.3575182243406026,-0.08548319975725176,-1.122563453548669,-0.01306570192528424,-0.10749041211928119,-0.35418948698466474,-0.6513847719133283,-0.08860193736949937,-0.3358111558318982,-0.5427175511351243,-1.1181103979924771,0.5691223455918625,1.0,0.0,1.0,0.0,0.0,0.0,0.0,1.0,0.0,0.0,1.0,0.0,0.0,0.0,1.0,0.0,0.0,0.0,0.0,0.0,0.0,0.0,0.0,0.0,1.0,0.0,1.0,1.0,0.0
0.2180862039927803,-0.9315888470197429,0.39411506170104393,-1.0438651127434793,0.33367064152016834,-0.35418948698466474,-0.6513847719133283,1.6601205107127277,-0.3358111558318982,0.0751547936755269,-1.508123779191915,2.1340028906346102,0.0,0.0,0.0,0.0,0.0,0.0,0.0,1.0,0.0,0.0,0.0,1.0,0.0,0.0,0.0,0.0,0.0,0.0,0.0,1.0,0.0,0.0,0.0,0.0,0.0,1.0,0.0,1.0,0.0
-0.5348467058854599,-0.11225869492378629,-0.4027530882717581,-0.5839389568402532,-0.43902589168202244,-0.35418948698466474,-0.6513847719133283,-0.7880909166023902,-0.3358111558318982,-0.17695784104602488,0.44194312680527553,-0.0074125920554656355,0.0,1.0,0.0,0.0,0.0,0.0,0.0,1.0,0.0,0.0,1.0,0.0,0.0,1.0,0.0,0.0,0.0,0.0,0.0,0.0,0.0,0.0,0.0,0.0,0.0,0.0,1.0,1.0,0.0
-1.0925747872767488,-0.35323815142259707,-0.6692823671022515,0.011140937859095913,-1.0350884594825853,-0.35418948698466474,0.4888949163375746,-1.1378354062188356,-0.3358111558318982,-0.20479770569170214,1.0370150898724595,-0.08977472600508395,0.0,1.0,0.0,0.0,0.0,0.0,0.0,1.0,0.0,0.0,0.0,0.0,0.0,0.0,0.0,0.0,0.0,0.0,0.0,1.0,0.0,0.0,0.0,0.0,1.0,0.0,1.0,0.0,1.0
-1.3714388279723935,-1.156503006418633,1.2145538281690595,0.652616892145174,-1.3451997495245358,-0.35418948698466474,-0.6513847719133283,0.08627030743872333,-0.3358111558318982,-0.357636404467428,1.1576377850887805,-0.33686112785393885,0.0,0.0,0.0,1.0,0.0,0.0,0.0,0.0,0.0,1.0,0.0,1.0,0.0,0.0,0.0,0.0,0.0,1.0,0.0,0.0,0.0,0.0,0.0,0.0,1.0,1.0,0.0,0.0,1.0
-0.6463923221637177,0.04839427607542089,-0.5450833494159332,-1.051933992671606,-0.6010944908267097,-0.35418948698466474,-0.6513847719133283,-1.487579895835281,-0.3358111558318982,0.08266508274273285,1.3586756104493156,-1.73701740499745,0.0,0.0,0.0,0.0,0.0,0.0,0.0,1.0,0.0,0.0,0.0,0.0,0.0,0.0,0.0,0.0,1.0,0.0,0.0,0.0,0.0,0.0,0.0,0.0,1.0,0.0,1.0,0.0,1.0
1.9191568522362121,1.2532915585694748,-0.3130034331553674,1.9537237805556156,3.071111778095745,-0.35418948698466474,-0.6513847719133283,-0.26347418217772206,-0.3358111558318982,0.26968854554849964,1.2259906457113625,-0.5015853957531755,0.0,0.0,0.0,0.0,1.0,0.0,0.0,0.0,0.0,1.0,0.0,1.0,0.0,0.0,0.0,0.0,0.0,0.0,0.0,1.0,0.0,0.0,0.0,0.0,1.0,0.0,0.0,0.0,0.0
-1.2598932116941357,-0.8218093168369514,0.9443983006469947,-0.20268438023626323,-1.236999885901549,-0.35418948698466474,-0.6513847719133283,0.26114255224694605,-0.3358111558318982,-0.2866771215565855,-0.3983949832017612,-0.4192232618035572,0.0,0.0,1.0,0.0,0.0,0.0,0.0,1.0,0.0,0.0,0.0,1.0,0.0,0.0,0.0,0.0,0.0,0.0,0.0,1.0,0.0,0.0,0.0,0.0,0.0,1.0,0.0,0.0,1.0
-0.5348467058854599,0.02161878090888636,-0.41181871000068637,0.9955442890905617,-0.292408911238481,-0.35418948698466474,2.7694542928393804,2.8842262243702863,1.4162470485084402,0.1929454768042916,-0.26168926195659736,2.6281756943323202,0.0,0.0,0.0,1.0,0.0,0.0,0.0,0.0,0.0,1.0,0.0,1.0,0.0,1.0,0.0,0.0,0.0,0.0,0.0,0.0,0.0,0.0,0.0,0.0,0.0,0.0,1.0,1.0,0.0
-0.5348467058854599,0.7177816552387841,-0.5287652303038621,-0.15427110066750294,-0.400107849566917,-0.35418948698466474,-0.6513847719133283,-1.1378354062188356,1.4162470485084402,0.07584539496906308,2.106536320790507,-1.407568869198977,0.0,0.0,1.0,0.0,0.0,0.0,0.0,0.0,0.0,1.0,1.0,0.0,0.0,0.0,0.0,0.0,0.0,0.0,1.0,0.0,0.0,0.0,0.0,0.0,0.0,0.0,0.0,1.0,0.0
-0.31175547332894427,0.18227175190809353,0.6742427731249299,-1.1790188515396025,-0.2531055419737209,-0.35418948698466474,-0.6513847719133283,2.009865000329173,-0.3358111558318982,-0.09132328064753853,0.019763693548151794,2.2163650245842286,0.0,0.0,0.0,0.0,0.0,0.0,0.0,1.0,0.0,0.0,0.0,0.0,1.0,0.0,0.0,0.0,0.0,0.0,0.0,0.0,0.0,0.0,0.0,0.0,1.0,0.0,1.0,1.0,0.0
-1.5387572523897801,0.7476631078446366,-0.3791824717765444,-0.5314912373074293,-1.5601737663167872,-0.35418948698466474,-0.6513847719133283,-1.1378354062188356,-0.3358111558318982,-0.552990245376475,0.20873924938705493,-0.25449899390432057,0.0,1.0,0.0,0.0,0.0,0.0,0.0,1.0,0.0,0.0,1.0,0.0,0.0,0.0,0.0,0.0,0.0,0.0,0.0,1.0,0.0,0.0,0.0,0.0,1.0,0.0,0.0,0.0,1.0
-1.0925747872767488,0.5303531890730424,-1.25401496861813,-1.3303103501919795,-1.0951224293987583,-0.35418948698466474,0.4888949163375746,0.08627030743872333,1.4162470485084402,-0.5521701563404008,-1.5121445356991259,0.4867602116422442,0.0,0.0,0.0,0.0,0.0,0.0,0.0,1.0,0.0,0.0,0.0,1.0,1.0,0.0,0.0,0.0,0.0,0.0,0.0,0.0,0.0,0.0,0.0,0.0,1.0,0.0,1.0,0.0,1.0
2.2537937010709856,0.3161492277407662,-1.1914621786885244,1.0883364082640197,1.7725207510450773,-0.35418948698466474,0.4888949163375746,-0.4383464269859448,-0.3358111558318982,0.1322588881347998,0.13636563225726211,-0.33686112785393885,1.0,0.0,0.0,1.0,0.0,0.0,0.0,1.0,0.0,0.0,0.0,1.0,0.0,1.0,0.0,0.0,0.0,0.0,0.0,0.0,0.0,0.0,0.0,0.0,1.0,0.0,1.0,0.0,0.0
-0.20020985705068647,-1.0547561247858017,0.26447667097736854,0.10393305703255394,0.01631520106471314,-0.35418948698466474,2.7694542928393804,0.9606315314798368,-0.3358111558318982,0.3185485870661844,0.7837074299181853,1.8869164887857555,0.0,0.0,1.0,0.0,0.0,0.0,0.0,0.0,0.0,1.0,0.0,0.0,0.0,1.0,0.0,0.0,0.0,0.0,0.0,0.0,0.0,0.0,0.0,0.0,0.0,1.0,0.0,1.0,0.0
0.49137296387451196,1.0926385875702675,-0.08183007906769442,0.4912392935826389,0.8971730651749251,-0.35418948698466474,-0.6513847719133283,-0.9629631614106129,-0.3358111558318982,0.7007964030384601,0.21678076240147615,-0.7486717976020304,0.0,0.0,1.0,0.0,0.0,0.0,0.0,1.0,0.0,0.0,0.0,0.0,0.0,0.0,1.0,0.0,0.0,0.0,0.0,0.0,0.0,0.0,0.0,0.0,0.0,0.0,0.0,1.0,0.0
-0.31175547332894427,-0.0319322094241827,-0.2685818866836185,0.5114114934029558,-0.06899622986879574,-0.35418948698466474,-0.6513847719133283,-0.7880909166023902,-0.3358111558318982,-0.24165854973419576,0.7314375953244463,-1.2428446012997403,0.0,0.0,1.0,0.0,0.0,0.0,0.0,0.0,0.0,1.0,0.0,1.0,0.0,1.0,0.0,0.0,0.0,0.0,0.0,0.0,0.0,0.0,0.0,0.0,0.0,0.0,1.0,1.0,0.0
0.13442699178408696,-0.8351970644202186,-0.49612899207972017,-0.8562636544145317,0.2698219328224157,-0.35418948698466474,-0.6513847719133283,-0.4383464269859448,-0.3358111558318982,0.0514153742102207,0.019763693548151794,-1.2428446012997403,0.0,0.0,0.0,0.0,0.0,0.0,0.0,0.0,1.0,0.0,1.0,0.0,1.0,0.0,0.0,0.0,0.0,0.0,0.0,0.0,0.0,0.0,0.0,0.0,0.0,1.0,0.0,1.0,0.0
2.45457581037185,2.2077308592757645,0.25722417359422567,-0.5214051373972707,1.3604518972045432,-0.35418948698466474,1.6291746045884776,1.1355037762880595,-0.3358111558318982,-0.35888811931196235,-1.849888082304825,2.2163650245842286,1.0,1.0,0.0,0.0,0.0,0.0,0.0,0.0,1.0,0.0,1.0,0.0,0.0,0.0,1.0,0.0,0.0,0.0,0.0,0.0,0.0,0.0,0.0,0.0,0.0,0.0,0.0,0.0,0.0
-0.5348467058854599,-0.6745440934210114,0.08679048509037282,0.18663907629585336,-0.3687036868700742,-0.35418948698466474,1.6291746045884776,-1.1378354062188356,1.4162470485084402,-0.5192371071548941,0.32132043158895446,-1.160482467350122,0.0,0.0,1.0,0.0,0.0,0.0,0.0,1.0,0.0,0.0,1.0,0.0,0.0,1.0,0.0,0.0,0.0,0.0,0.0,0.0,0.0,0.0,0.0,0.0,0.0,1.0,0.0,1.0,0.0
0.5806094568971182,1.4136232236266835,-0.3828087204681158,0.5114114934029558,0.17206443495506626,0.9164454439020248,-0.6513847719133283,-0.08860193736949937,-0.3358111558318982,2.5661536594605288,0.9284546641777703,-0.5015853957531755,1.0,0.0,1.0,0.0,0.0,0.0,0.0,1.0,0.0,0.0,1.0,0.0,1.0,0.0,0.0,0.0,0.0,0.0,0.0,0.0,0.0,0.0,0.0,0.0,0.0,0.0,0.0,1.0,0.0
-0.31175547332894427,-0.4871156272552697,-0.5487095981075046,-0.7190926956363767,-0.714380672825136,-0.35418948698466474,-0.6513847719133283,-0.7880909166023902,-0.3358111558318982,-0.11558065108299687,0.059971258620258816,-0.913396065501267,1.0,1.0,0.0,0.0,0.0,0.0,0.0,1.0,0.0,0.0,1.0,0.0,1.0,0.0,0.0,0.0,0.0,0.0,0.0,0.0,0.0,0.0,0.0,0.0,1.0,0.0,1.0,1.0,0.0
-0.08866424077242865,-0.8887480547532877,0.5980915506019318,0.7938222908873924,0.23776271397116042,-0.35418948698466474,-0.6513847719133283,-0.4383464269859448,-0.3358111558318982,-0.11048746654316753,1.8894154694011285,-0.7486717976020304,0.0,0.0,0.0,1.0,0.0,0.0,0.0,0.0,1.0,0.0,0.0,1.0,0.0,1.0,0.0,0.0,0.0,0.0,0.0,0.0,0.0,0.0,0.0,0.0,0.0,1.0,0.0,1.0,0.0
-0.9810291709984912,0.3161492277407662,0.41677911602336476,1.6027275036821014,-0.8142189373006197,-0.35418948698466474,6.19029335759209,0.4360147970551687,1.4162470485084402,-0.2744621111771643,0.027805206562573313,0.3220359437430076,0.0,0.0,0.0,0.0,1.0,0.0,0.0,1.0,0.0,0.0,1.0,0.0,0.0,0.0,0.0,0.0,0.0,0.0,0.0,1.0,0.0,0.0,0.0,0.0,0.0,0.0,1.0,0.0,1.0
-0.22530762071329447,-0.43356463692220065,1.4103712575139116,1.3788160856765836,-0.3841167728562546,-0.35418948698466474,0.4888949163375746,-0.08860193736949937,1.4162470485084402,0.2312738485955496,1.2782604803051016,-0.33686112785393885,1.0,0.0,0.0,0.0,1.0,0.0,0.0,1.0,0.0,0.0,0.0,1.0,0.0,1.0,0.0,0.0,0.0,0.0,0.0,0.0,0.0,0.0,0.0,0.0,1.0,0.0,1.0,1.0,0.0
-0.2838690692593798,-0.754870578920615,1.7294811423721899,1.3989882854969002,-0.4349414238956846,-0.35418948698466474,0.4888949163375746,0.4360147970551687,-0.3358111558318982,-0.3990293194987528,-0.820574416458885,-0.0074125920554656355,1.0,0.0,0.0,0.0,1.0,0.0,0.0,0.0,0.0,1.0,0.0,0.0,0.0,0.0,0.0,0.0,0.0,0.0,0.0,1.0,0.0,0.0,0.0,0.0,0.0,1.0,0.0,1.0,0.0
0.02288137550582915,-1.1748174451125426,0.32159008786961707,-0.533508457289461,0.190906932573172,-0.35418948698466474,0.4888949163375746,0.9606315314798368,1.4162470485084402,-0.18148991203485604,-0.997487702776156,-0.33686112785393885,0.0,1.0,0.0,0.0,0.0,0.0,0.0,0.0,0.0,1.0,1.0,0.0,0.0,1.0,0.0,0.0,0.0,0.0,0.0,0.0,0.0,0.0,0.0,0.0,0.0,1.0,0.0,1.0,0.0
1.4729743871231806,2.4581888410635284,-0.6402723775696809,1.6935024028735275,2.4045343419084064,-0.35418948698466474,1.6291746045884776,1.8349927555209502,-0.3358111558318982,-0.3549171618741293,-0.16921186229075133,-0.0074125920554656355,0.0,0.0,0.0,1.0,0.0,0.0,0.0,0.0,0.0,1.0,1.0,0.0,0.0,1.0,0.0,0.0,0.0,0.0,0.0,0.0,0.0,0.0,0.0,0.0,1.0,0.0,0.0,0.0,0.0
-0.5348467058854599,0.4500267035734388,-0.8061732552090697,0.4912392935826389,-0.3402665432255713,-0.35418948698466474,-0.6513847719133283,-0.9629631614106129,-0.3358111558318982,-0.514791361327755,-0.1330250537258548,-1.489931003148595,0.0,0.0,1.0,0.0,0.0,0.0,0.0,0.0,0.0,1.0,1.0,0.0,0.0,1.0,0.0,0.0,0.0,0.0,0.0,0.0,0.0,0.0,0.0,0.0,0.0,0.0,1.0,1.0,0.0
-0.9587200477428396,2.4581888410635284,-0.45986650516400673,0.12208803687083915,-0.8727115986181745,-0.35418948698466474,0.4888949163375746,1.6601205107127277,1.4162470485084402,-0.04293802751915991,-0.4989138958820288,0.7338466134910991,0.0,0.0,1.0,0.0,0.0,0.0,0.0,0.0,0.0,1.0,0.0,0.0,0.0,0.0,0.0,0.0,0.0,0.0,0.0,0.0,0.0,0.0,1.0,0.0,1.0,0.0,0.0,0.0,1.0
-1.3156660198332646,-0.4187845635902736,-1.171517810884882,-0.2147877001284535,-1.3013880526088177,-0.35418948698466474,0.4888949163375746,-1.3127076510270583,4.920363457189116,-0.5913186171677329,1.4511530101151617,0.4867602116422442,0.0,1.0,0.0,0.0,0.0,0.0,0.0,1.0,0.0,0.0,0.0,0.0,0.0,1.0,0.0,0.0,0.0,0.0,0.0,0.0,0.0,0.0,0.0,0.0,1.0,0.0,1.0,0.0,1.0
-0.9810291709984912,-0.6209931030879423,0.49383690071925557,-0.01306570192528424,-0.9063891914979787,0.9164454439020248,-0.6513847719133283,4.807820917260736,3.1683052528487785,-0.5078421858115472,-0.5672667565046108,2.545813560382702,0.0,0.0,1.0,0.0,0.0,0.0,0.0,0.0,0.0,1.0,1.0,0.0,0.0,1.0,0.0,0.0,0.0,0.0,0.0,0.0,0.0,0.0,0.0,0.0,1.0,0.0,1.0,0.0,1.0
2.03070246851447,0.664230664905715,-0.07185789516587329,1.6027275036821014,1.7547957021609697,-0.35418948698466474,0.4888949163375746,-0.26347418217772206,-0.3358111558318982,0.7353696302961151,0.9927867682931419,0.8985708813903357,1.0,0.0,0.0,0.0,1.0,0.0,0.0,0.0,0.0,1.0,1.0,0.0,0.0,1.0,0.0,0.0,0.0,0.0,0.0,0.0,0.0,0.0,0.0,0.0,1.0,0.0,1.0,0.0,0.0
-1.148347595415878,-1.1297275112520984,-1.1642653135017393,0.9108210498452309,-1.062138425388332,-0.35418948698466474,1.6291746045884776,-1.3127076510270583,-0.3358111558318982,-0.5132375084172985,0.027805206562573313,-1.6546552710478317,0.0,0.0,0.0,1.0,0.0,0.0,0.0,0.0,0.0,1.0,0.0,0.0,0.0,1.0,0.0,0.0,0.0,0.0,0.0,0.0,0.0,0.0,0.0,0.0,0.0,1.0,0.0,0.0,1.0
2.2537937010709856,2.0565564135655108,0.2073632540851197,-1.168932751629444,2.495009156647285,-0.35418948698466474,-0.6513847719133283,-0.26347418217772206,-0.3358111558318982,0.05145853679106671,1.3023850193483661,-0.4192232618035572,0.0,0.0,0.0,0.0,0.0,0.0,0.0,1.0,0.0,0.0,0.0,1.0,1.0,0.0,0.0,0.0,0.0,0.0,0.0,0.0,0.0,0.0,0.0,0.0,0.0,0.0,0.0,0.0,0.0
2.594704990821411,1.2532915585694748,-0.5586817820093257,0.39642995442714923,1.9831020383312674,0.9164454439020248,-0.6513847719133283,1.485248265904505,-0.3358111558318982,0.44367690893877104,-0.39035347018733996,0.5691223455918625,1.0,0.0,1.0,0.0,0.0,0.0,0.0,1.0,0.0,0.0,1.0,0.0,0.0,1.0,0.0,0.0,0.0,0.0,0.0,0.0,0.0,0.0,0.0,0.0,1.0,0.0,0.0,0.0,0.0
-0.6463923221637177,-0.08548319975725176,-0.4770911864489706,-1.5602734281435924,-0.6408987853860206,-0.35418948698466474,1.6291746045884776,-0.26347418217772206,1.4162470485084402,-0.2831809525080586,-0.5270591914325038,0.2396738097933893,0.0,0.0,0.0,0.0,0.0,0.0,0.0,0.0,0.0,1.0,0.0,0.0,0.0,1.0,0.0,0.0,0.0,0.0,0.0,0.0,0.0,0.0,0.0,0.0,0.0,0.0,1.0,0.0,1.0
0.13442699178408696,0.664230664905715,-0.09542851166108714,-0.9409868936598628,-0.4236513384108074,-0.35418948698466474,0.4888949163375746,0.9606315314798368,-0.3358111558318982,0.04899826968284407,-0.7441800428218817,2.4634514264330836,1.0,1.0,0.0,0.0,0.0,0.0,0.0,1.0,0.0,0.0,0.0,0.0,1.0,0.0,0.0,0.0,0.0,0.0,0.0,0.0,0.0,0.0,0.0,0.0,1.0,0.0,1.0,1.0,0.0
-0.9810291709984912,-0.754870578920615,-0.7046382918450721,-0.6303350164269823,-0.9400282516628174,-0.35418948698466474,1.6291746045884776,1.3103760210962823,-0.3358111558318982,-0.5355957252955325,-1.7614314391461894,0.6514844795414808,0.0,1.0,0.0,0.0,0.0,0.0,0.0,1.0,0.0,0.0,1.0,0.0,0.0,1.0,0.0,0.0,0.0,0.0,0.0,0.0,0.0,0.0,0.0,0.0,0.0,1.0,0.0,0.0,1.0
0.02288137550582915,-0.6209931030879423,-0.2803671949312254,-0.7291787955465352,0.16458908825176877,-0.35418948698466474,-0.6513847719133283,-0.7880909166023902,-0.3358111558318982,0.057026509720202165,1.2501151847546266,0.4867602116422442,0.0,1.0,0.0,0.0,0.0,0.0,0.0,1.0,0.0,0.0,0.0,0.0,1.0,0.0,0.0,0.0,0.0,0.0,0.0,0.0,0.0,0.0,0.0,0.0,0.0,0.0,1.0,1.0,0.0
-0.5348467058854599,-1.156503006418633,1.8128848622783307,0.515445933367019,-0.33799311304260976,0.9164454439020248,1.6291746045884776,0.4360147970551687,1.4162470485084402,-0.34900388829822576,-0.49087238286760754,-0.0074125920554656355,0.0,0.0,0.0,1.0,0.0,0.0,0.0,1.0,0.0,0.0,1.0,0.0,0.0,1.0,0.0,0.0,0.0,0.0,0.0,0.0,0.0,0.0,0.0,0.0,0.0,1.0,0.0,1.0,0.0
-0.5906195140245888,-0.6745440934210114,-0.7082645405366436,0.18865629627788502,-0.4343249004562375,-0.35418948698466474,-0.6513847719133283,-0.9629631614106129,-0.3358111558318982,-0.5651189305942041,-0.6798479387065104,-1.2428446012997403,0.0,0.0,1.0,0.0,0.0,0.0,0.0,0.0,0.0,1.0,1.0,0.0,0.0,1.0,0.0,0.0,0.0,0.0,0.0,0.0,0.0,0.0,0.0,0.0,0.0,1.0,0.0,0.0,1.0
-0.5348467058854599,-0.670715197612197,0.7331693143629641,-1.4069647095091837,-0.5116215266769324,-0.35418948698466474,0.4888949163375746,0.9606315314798368,1.4162470485084402,-0.1417803376565257,-1.1341934240213198,0.40439807769262587,0.0,0.0,0.0,0.0,0.0,0.0,0.0,1.0,0.0,0.0,0.0,1.0,0.0,1.0,0.0,0.0,0.0,0.0,0.0,0.0,0.0,0.0,0.0,0.0,1.0,1.0,0.0,1.0,0.0
-0.31175547332894427,-0.19258518042338987,0.21370918929536958,-0.5859561768222848,-0.18998895486031206,-0.35418948698466474,-0.6513847719133283,0.9606315314798368,1.4162470485084402,-0.22318496513210292,0.24090530144474043,0.8162087474407175,0.0,1.0,0.0,0.0,0.0,0.0,0.0,0.0,0.0,1.0,1.0,0.0,1.0,0.0,0.0,0.0,0.0,0.0,0.0,0.0,0.0,0.0,0.0,0.0,0.0,0.0,1.0,1.0,0.0
0.13442699178408696,0.7177816552387841,0.05052799817465923,-1.025710132905194,-0.43605887262968274,-0.35418948698466474,-0.6513847719133283,0.4360147970551687,-0.3358111558318982,-0.09002840322215819,-0.917072572631942,0.2396738097933893,1.0,0.0,0.0,0.0,0.0,0.0,0.0,0.0,0.0,1.0,0.0,0.0,0.0,0.0,0.0,0.0,1.0,0.0,0.0,0.0,0.0,0.0,0.0,0.0,0.0,0.0,0.0,1.0,0.0
-1.2041204035550068,1.172965073069871,-0.3791824717765444,-0.6303350164269823,-1.1884486650450807,-0.35418948698466474,-0.6513847719133283,-0.9629631614106129,1.4162470485084402,-0.2852527563886671,1.72456445260549,-0.7486717976020304,0.0,1.0,0.0,0.0,0.0,0.0,0.0,1.0,0.0,0.0,1.0,0.0,0.0,0.0,0.0,0.0,0.0,0.0,0.0,1.0,0.0,0.0,0.0,0.0,1.0,0.0,0.0,0.0,1.0
0.4077137516658186,-0.8619725595867531,0.08860360943615846,-0.31564869923003813,-0.12209431109118724,-0.35418948698466474,-0.6513847719133283,-0.9629631614106129,-0.3358111558318982,0.08365782210219111,1.3265095583916302,-0.8310339315516487,1.0,1.0,0.0,0.0,0.0,0.0,0.0,1.0,0.0,0.0,0.0,1.0,1.0,0.0,0.0,0.0,0.0,0.0,0.0,0.0,0.0,0.0,0.0,0.0,1.0,1.0,0.0,1.0,0.0
-0.31175547332894427,-0.7816460740871496,1.753958321040296,-0.533508457289461,-0.18432464576039087,-0.35418948698466474,-0.6513847719133283,0.26114255224694605,-0.3358111558318982,0.06889621945285526,-0.5511837304757681,-0.33686112785393885,0.0,1.0,0.0,0.0,0.0,0.0,0.0,0.0,0.0,1.0,0.0,0.0,1.0,0.0,0.0,0.0,0.0,0.0,0.0,0.0,0.0,0.0,0.0,0.0,0.0,1.0,0.0,1.0,0.0
0.02288137550582915,0.8516591310714567,-0.6511511236443949,-1.1790188515396025,0.10494044548525064,-0.35418948698466474,-0.6513847719133283,-0.08860193736949937,-0.3358111558318982,0.1702851218601357,-0.6878894517209319,-0.08977472600508395,0.0,0.0,0.0,0.0,0.0,0.0,0.0,1.0,0.0,0.0,0.0,0.0,0.0,0.0,0.0,0.0,0.0,0.0,0.0,0.0,0.0,1.0,0.0,0.0,0.0,0.0,0.0,1.0,0.0
-0.8694835547202333,-1.156503006418633,-1.117124080511312,-1.2233976911442999,-0.8525589886912435,-0.35418948698466474,0.4888949163375746,-0.26347418217772206,-0.3358111558318982,-0.5430196892010464,-1.2347123367015873,-0.4192232618035572,0.0,0.0,0.0,0.0,0.0,0.0,0.0,0.0,1.0,0.0,1.0,0.0,0.0,1.0,0.0,0.0,0.0,0.0,0.0,0.0,0.0,0.0,0.0,0.0,0.0,1.0,0.0,0.0,1.0
2.594704990821411,2.4581888410635284,-0.7744435791578204,-1.150777771791159,1.392202854336075,-0.35418948698466474,-0.6513847719133283,0.4360147970551687,-0.3358111558318982,9.189710665766032,-1.375438814453962,0.2396738097933893,1.0,0.0,0.0,0.0,0.0,0.0,0.0,1.0,0.0,0.0,1.0,0.0,0.0,1.0,0.0,0.0,0.0,0.0,0.0,0.0,0.0,0.0,0.0,0.0,1.0,0.0,0.0,0.0,0.0
0.8929371824762401,-0.21936067558992442,0.2671963574960468,2.587130854913567,0.9389039954825084,-0.35418948698466474,0.4888949163375746,-0.08860193736949937,-0.3358111558318982,-0.4325666448161035,-0.430561035259447,-0.913396065501267,1.0,0.0,0.0,0.0,0.0,1.0,0.0,1.0,0.0,0.0,0.0,0.0,0.0,1.0,0.0,0.0,0.0,0.0,0.0,0.0,0.0,0.0,0.0,0.0,0.0,0.0,1.0,1.0,0.0
-1.0925747872767488,-1.210053996751702,-0.78713544957832,-1.1084161521684934,-1.08545071794243,-0.35418948698466474,-0.6513847719133283,-0.4383464269859448,-0.3358111558318982,-0.7224465377779151,-2.0469051511581493,0.7338466134910991,0.0,0.0,0.0,0.0,0.0,0.0,0.0,0.0,1.0,0.0,1.0,0.0,0.0,1.0,0.0,0.0,0.0,0.0,0.0,0.0,0.0,0.0,0.0,0.0,0.0,1.0,0.0,0.0,1.0
2.594704990821411,1.7888014619001653,-0.298498438389082,0.40248161437324453,3.6615100367963858,-0.35418948698466474,-0.6513847719133283,-0.6132186717941674,-0.3358111558318982,-0.49156989283260094,1.3667171234637372,-0.7486717976020304,0.0,0.0,1.0,0.0,0.0,0.0,0.0,1.0,0.0,0.0,0.0,1.0,0.0,1.0,0.0,0.0,0.0,0.0,0.0,0.0,0.0,0.0,0.0,0.0,0.0,0.0,0.0,0.0,0.0
0.38540462841016704,-0.4067891417556661,0.44760222990172116,0.011140937859095913,0.68790189019756,-0.35418948698466474,-0.6513847719133283,0.6108870418633914,-0.3358111558318982,0.12798579263104468,0.4821506918773826,0.07494954189415268,0.0,1.0,0.0,0.0,0.0,0.0,0.0,0.0,0.0,1.0,0.0,0.0,0.0,1.0,0.0,0.0,0.0,0.0,0.0,0.0,0.0,0.0,0.0,0.0,0.0,0.0,1.0,1.0,0.0
0.9152463057318916,0.7177816552387841,-1.6365842055789066,-0.7009377157980914,0.17950124894339836,0.9164454439020248,0.4888949163375746,-1.1378354062188356,-0.3358111558318982,-0.5349482865828422,-1.998656073071621,-0.8310339315516487,1.0,1.0,0.0,0.0,0.0,0.0,0.0,0.0,1.0,0.0,0.0,0.0,0.0,1.0,0.0,0.0,0.0,0.0,0.0,0.0,0.0,0.0,0.0,0.0,1.0,0.0,0.0,1.0,0.0
0.46906384061886036,0.20904724707462807,-0.8061732552090697,-1.2798798506411873,0.5655990528972182,-0.35418948698466474,-0.6513847719133283,-0.26347418217772206,-0.3358111558318982,0.11318102740086282,-0.5873705390406644,-0.4192232618035572,0.0,0.0,0.0,0.0,0.0,0.0,0.0,1.0,0.0,0.0,0.0,0.0,0.0,1.0,0.0,0.0,0.0,0.0,0.0,0.0,0.0,0.0,0.0,0.0,1.0,0.0,1.0,1.0,0.0
0.6084958609666826,0.14210850915829173,0.5554831284759683,1.5018665045805168,0.4038001827572891,-0.35418948698466474,1.6291746045884776,1.6601205107127277,-0.3358111558318982,-0.23807605552397682,-1.106048128470845,2.051640756684992,1.0,0.0,0.0,0.0,1.0,0.0,0.0,0.0,0.0,1.0,1.0,0.0,0.0,1.0,0.0,0.0,0.0,0.0,0.0,0.0,0.0,0.0,0.0,0.0,1.0,0.0,1.0,1.0,0.0
-1.137193033788052,0.4500267035734388,-0.10540069556290828,-0.3923030585472426,-1.1040620192707427,-0.35418948698466474,2.7694542928393804,0.7857592866716141,-0.3358111558318982,-0.055023550156043065,0.7877281864253958,0.07494954189415268,0.0,1.0,0.0,0.0,0.0,0.0,0.0,1.0,0.0,0.0,0.0,0.0,0.0,1.0,0.0,0.0,0.0,0.0,0.0,0.0,0.0,0.0,0.0,0.0,0.0,0.0,1.0,0.0,1.0
0.02288137550582915,-0.16580968525685535,-0.2223472158660839,-1.0963128322763032,0.11584520382047324,-0.35418948698466474,-0.6513847719133283,2.009865000329173,-0.3358111558318982,0.05184700001868081,-0.43458179176665745,1.8045543548361371,0.0,0.0,0.0,0.0,0.0,0.0,0.0,1.0,0.0,0.0,0.0,1.0,0.0,1.0,0.0,0.0,0.0,0.0,0.0,0.0,0.0,0.0,0.0,0.0,0.0,0.0,1.0,1.0,0.0
0.8483189359649369,0.04839427607542089,-1.0609172257919561,-1.0418478927614476,1.0150831729692051,-0.35418948698466474,-0.6513847719133283,-0.4383464269859448,4.920363457189116,-0.4039930162960441,-1.0457367808626843,-0.6663096636524121,0.0,0.0,0.0,0.0,0.0,0.0,0.0,1.0,0.0,0.0,1.0,0.0,0.0,1.0,0.0,0.0,0.0,0.0,0.0,0.0,0.0,0.0,0.0,0.0,0.0,0.0,1.0,1.0,0.0
-0.31175547332894427,-0.20597292800665715,-0.09724163600687277,-0.6827827359598062,-0.20043132061594923,-0.35418948698466474,-0.6513847719133283,0.9606315314798368,-0.3358111558318982,-0.5248482426648756,-0.41849876573781475,0.15731167584377098,0.0,1.0,0.0,0.0,0.0,0.0,0.0,0.0,0.0,1.0,0.0,0.0,0.0,1.0,0.0,0.0,0.0,0.0,0.0,0.0,0.0,0.0,0.0,0.0,0.0,0.0,1.0,1.0,0.0
2.2537937010709856,0.3589900200072214,0.24181261665504766,1.639037463358672,3.4082345013284754,-0.35418948698466474,-0.6513847719133283,0.7857592866716141,-0.3358111558318982,0.18310440837140105,1.3265095583916302,-0.08977472600508395,0.0,0.0,0.0,0.0,1.0,0.0,0.0,1.0,0.0,0.0,1.0,0.0,0.0,1.0,0.0,0.0,0.0,0.0,0.0,0.0,0.0,0.0,0.0,0.0,1.0,0.0,1.0,0.0,0.0
-0.9196790820454493,0.28937373257423166,0.053247684693337835,-1.5602734281435924,-0.9251931564011189,-0.35418948698466474,0.4888949163375746,0.26114255224694605,-0.3358111558318982,-0.7228350010055292,-2.05092590766536,1.228019417188809,0.0,0.0,0.0,0.0,0.0,0.0,0.0,1.0,0.0,0.0,0.0,0.0,0.0,0.0,0.0,0.0,0.0,0.0,0.0,1.0,0.0,0.0,0.0,0.0,1.0,0.0,1.0,0.0,1.0
-0.6129286372802404,-0.6209931030879423,0.9208276841517808,0.9955442890905617,-0.3898966801010723,-0.35418948698466474,-0.6513847719133283,-0.6132186717941674,-0.3358111558318982,-0.28572754477797324,0.2006977363726334,-0.6663096636524121,0.0,0.0,0.0,1.0,0.0,0.0,0.0,1.0,0.0,0.0,1.0,0.0,0.0,1.0,0.0,0.0,0.0,0.0,0.0,0.0,0.0,0.0,0.0,0.0,0.0,0.0,1.0,0.0,1.0
0.5471457720136409,-0.7382697719173636,-0.06823164647430204,1.9960854001782813,0.4524670017586538,-0.35418948698466474,0.4888949163375746,-0.4383464269859448,-0.3358111558318982,0.038811900603185415,0.8319565080047138,0.40439807769262587,1.0,0.0,0.0,0.0,0.0,1.0,0.0,1.0,0.0,0.0,0.0,1.0,1.0,0.0,0.0,0.0,0.0,0.0,0.0,0.0,0.0,0.0,0.0,0.0,1.0,1.0,0.0,1.0,0.0
-0.8694835547202333,0.6910061600722496,-0.84787511516214,-0.7291787955465352,-0.8220025457236408,0.9164454439020248,1.6291746045884776,-0.4383464269859448,-0.3358111558318982,-0.231083717426923,0.14038638876447287,-0.33686112785393885,0.0,1.0,0.0,0.0,0.0,0.0,0.0,0.0,0.0,1.0,1.0,0.0,0.0,0.0,0.0,0.0,0.0,0.0,0.0,1.0,0.0,0.0,0.0,0.0,0.0,0.0,1.0,0.0,1.0
0.5583003336414666,-0.754870578920615,-0.24591783236129774,-0.05341010156591831,0.8776755114024066,-0.35418948698466474,-0.6513847719133283,-0.4383464269859448,-0.3358111558318982,-0.22978884000154265,0.8560810470479778,-0.7486717976020304,0.0,0.0,1.0,0.0,0.0,0.0,0.0,0.0,0.0,1.0,1.0,0.0,1.0,0.0,0.0,0.0,0.0,0.0,0.0,0.0,0.0,0.0,0.0,0.0,0.0,1.0,0.0,1.0,0.0
0.8483189359649369,-0.35323815142259707,0.6724296487791442,-1.5602734281435924,0.9140503943297926,-0.35418948698466474,-0.6513847719133283,-0.7880909166023902,-0.3358111558318982,-0.1539953480359469,-0.6275781041127714,-0.4192232618035572,0.0,0.0,0.0,0.0,0.0,0.0,0.0,1.0,0.0,0.0,0.0,0.0,1.0,0.0,0.0,0.0,0.0,0.0,0.0,0.0,0.0,0.0,0.0,0.0,0.0,0.0,1.0,1.0,0.0
-0.6854332878611079,-0.35323815142259707,-0.43357620215011444,-1.4069647095091837,-0.6700680506148671,-0.35418948698466474,-0.6513847719133283,0.26114255224694605,-0.3358111558318982,0.38773820416234045,-0.9371763551679955,-0.4192232618035572,0.0,0.0,0.0,0.0,0.0,0.0,0.0,0.0,0.0,1.0,1.0,0.0,1.0,0.0,0.0,0.0,0.0,0.0,0.0,0.0,0.0,0.0,0.0,0.0,0.0,0.0,1.0,0.0,1.0
0.8037006894536338,-0.6209931030879423,1.2036750820943452,1.7439329024243198,0.6415855668090878,-0.35418948698466474,0.4888949163375746,1.6601205107127277,-0.3358111558318982,0.3483739304307782,0.6027733870937036,1.5574679529872821,1.0,0.0,0.0,0.0,1.0,0.0,0.0,0.0,1.0,0.0,0.0,1.0,0.0,1.0,0.0,0.0,0.0,0.0,0.0,0.0,0.0,0.0,0.0,0.0,0.0,0.0,1.0,1.0,0.0
0.13442699178408696,0.6374551697391806,-0.5768130254671824,-0.5173706974332074,0.31829608824895333,-0.35418948698466474,0.4888949163375746,0.6108870418633914,-0.3358111558318982,-0.48651987087361764,0.47812993537017184,0.8985708813903357,0.0,1.0,0.0,0.0,0.0,0.0,0.0,0.0,0.0,1.0,1.0,0.0,0.0,1.0,0.0,0.0,0.0,0.0,0.0,0.0,0.0,0.0,0.0,0.0,1.0,0.0,1.0,1.0,0.0
-0.9810291709984912,-0.5674421127548733,-0.10993350642737251,0.20882849609820187,-0.8940972554239998,-0.35418948698466474,-0.6513847719133283,-1.1378354062188356,-0.3358111558318982,-0.5236396904011873,1.6602323484901182,-0.25449899390432057,0.0,1.0,0.0,0.0,0.0,0.0,0.0,0.0,0.0,1.0,0.0,0.0,0.0,1.0,0.0,0.0,0.0,0.0,0.0,0.0,0.0,0.0,0.0,0.0,1.0,0.0,1.0,0.0,1.0
-0.9252563628593622,-0.24613617075645894,-0.4236040182482933,-0.43466467816990795,-0.8664692987937713,-0.35418948698466474,0.4888949163375746,-0.7880909166023902,-0.3358111558318982,0.31539771866442556,1.2621774542762592,-0.913396065501267,0.0,1.0,0.0,0.0,0.0,0.0,0.0,0.0,0.0,1.0,0.0,0.0,0.0,0.0,0.0,0.0,1.0,0.0,0.0,0.0,0.0,0.0,0.0,0.0,1.0,0.0,1.0,0.0,1.0
-1.5387572523897801,-0.2288927518692107,-0.08908257645083727,0.40248161437324453,-1.551619503594457,0.9164454439020248,-0.6513847719133283,0.08627030743872333,1.4162470485084402,-0.10340880328442169,-0.3782912006657077,-0.25449899390432057,0.0,0.0,1.0,0.0,0.0,0.0,0.0,0.0,0.0,1.0,1.0,0.0,0.0,0.0,0.0,0.0,0.0,0.0,0.0,1.0,0.0,0.0,0.0,0.0,1.0,0.0,1.0,0.0,1.0
2.2537937010709856,0.7177816552387841,0.20192388104776282,-0.9833485132825285,2.5521146402260837,2.187080374788714,-0.6513847719133283,-0.08860193736949937,-0.3358111558318982,0.6462389008491018,0.1484279017788944,0.4867602116422442,0.0,1.0,0.0,0.0,0.0,0.0,0.0,1.0,0.0,0.0,1.0,0.0,1.0,0.0,0.0,0.0,0.0,0.0,0.0,0.0,0.0,0.0,0.0,0.0,1.0,0.0,0.0,0.0,0.0
1.3893151749144874,0.04839427607542089,-0.332041238786117,0.9955442890905617,2.110259997717256,0.9164454439020248,0.4888949163375746,-0.9629631614106129,-0.3358111558318982,-0.19405022306104533,1.1697000546104124,-0.17213685995470224,0.0,0.0,0.0,1.0,0.0,0.0,0.0,0.0,0.0,1.0,0.0,1.0,0.0,1.0,0.0,0.0,0.0,0.0,0.0,0.0,0.0,0.0,0.0,0.0,1.0,0.0,1.0,0.0,0.0
-0.6463923221637177,-0.38269119610578506,-0.07004477082008766,0.4549293339060685,-0.47782833565223165,-0.35418948698466474,-0.6513847719133283,-0.26347418217772206,-0.3358111558318982,0.2507401725571007,1.085264167958988,-0.08977472600508395,0.0,0.0,1.0,0.0,0.0,0.0,0.0,1.0,0.0,0.0,1.0,0.0,0.0,1.0,0.0,0.0,0.0,0.0,0.0,0.0,0.0,0.0,0.0,0.0,1.0,0.0,1.0,0.0,1.0
-0.31175547332894427,1.2532915585694748,-0.46167962950979236,-0.8381086745762465,-0.21703892076605866,-0.35418948698466474,-0.6513847719133283,0.4360147970551687,-0.3358111558318982,0.007562192070673262,-0.6235573476055606,-0.33686112785393885,0.0,0.0,0.0,0.0,0.0,0.0,0.0,1.0,0.0,0.0,0.0,0.0,0.0,0.0,0.0,0.0,0.0,0.0,0.0,1.0,0.0,0.0,0.0,0.0,1.0,0.0,0.0,1.0,0.0
1.1383375382884073,0.1287207615750245,0.1910451349730487,-1.3303103501919795,1.2654302220997409,-0.35418948698466474,-0.6513847719133283,1.1355037762880595,-0.3358111558318982,1.3017921787383209,0.4660676658485398,0.4867602116422442,0.0,0.0,0.0,0.0,0.0,0.0,0.0,1.0,0.0,0.0,0.0,1.0,0.0,1.0,0.0,0.0,0.0,0.0,0.0,0.0,0.0,0.0,0.0,0.0,1.0,0.0,1.0,0.0,0.0
2.2537937010709856,0.04839427607542089,-0.15163536638044267,0.28548285541540636,1.4857602862721904,-0.35418948698466474,-0.6513847719133283,0.08627030743872333,-0.3358111558318982,0.8658069496127612,-0.523038434925293,-0.08977472600508395,1.0,0.0,1.0,0.0,0.0,0.0,0.0,1.0,0.0,0.0,0.0,1.0,0.0,1.0,0.0,0.0,0.0,0.0,0.0,0.0,0.0,0.0,0.0,0.0,0.0,0.0,1.0,0.0,0.0
2.2537937010709856,0.6240674221559133,-0.32750842792165274,-1.0418478927614476,2.534042796907287,-0.35418948698466474,-0.6513847719133283,-0.7880909166023902,-0.3358111558318982,0.9514846725920935,1.72456445260549,-0.6663096636524121,0.0,0.0,0.0,0.0,0.0,0.0,0.0,1.0,0.0,0.0,0.0,1.0,0.0,1.0,0.0,0.0,0.0,0.0,0.0,0.0,0.0,0.0,0.0,0.0,1.0,0.0,1.0,0.0,0.0
-1.3714388279723935,0.3161492277407662,-1.578564226513765,0.08779529717630039,-1.3584164707576853,-0.35418948698466474,-0.6513847719133283,-0.7880909166023902,-0.3358111558318982,-0.514748198746909,-0.012402358509533713,-0.9957581994508853,0.0,0.0,1.0,0.0,0.0,0.0,0.0,1.0,0.0,0.0,1.0,0.0,0.0,0.0,0.0,0.0,0.0,0.0,0.0,1.0,0.0,0.0,0.0,0.0,0.0,0.0,1.0,0.0,1.0
0.4160796728866879,0.18227175190809353,-0.8415291799518901,1.441349905119566,0.9748164858303089,4.728350236562093,2.7694542928393804,0.4360147970551687,-0.3358111558318982,-0.3089490132731273,0.329361944603376,1.7221922208865188,0.0,0.0,0.0,0.0,1.0,0.0,0.0,1.0,0.0,0.0,1.0,0.0,0.0,1.0,0.0,0.0,0.0,0.0,0.0,0.0,0.0,0.0,0.0,0.0,0.0,0.0,1.0,1.0,0.0
-0.579464952396763,-0.5406666175883388,0.6298212266531807,-1.3444308900662014,-0.5533524569845159,-0.35418948698466474,-0.6513847719133283,0.7857592866716141,-0.3358111558318982,-0.5947284610545679,-1.5483313442640223,1.7221922208865188,0.0,0.0,0.0,0.0,0.0,0.0,0.0,0.0,0.0,1.0,0.0,0.0,0.0,0.0,0.0,0.0,0.0,1.0,0.0,0.0,0.0,0.0,0.0,0.0,1.0,0.0,1.0,0.0,1.0
-1.1818112802993552,0.18227175190809353,0.9942592201561004,0.025261477733317817,-1.138587331879787,-0.35418948698466474,2.7694542928393804,0.6108870418633914,-0.3358111558318982,-0.5072810722605491,-1.4156463795260692,0.2396738097933893,0.0,0.0,1.0,0.0,0.0,0.0,0.0,0.0,0.0,1.0,0.0,1.0,0.0,0.0,0.0,0.0,0.0,0.0,0.0,1.0,0.0,0.0,0.0,0.0,1.0,0.0,1.0,0.0,1.0
-0.8137107465811044,-0.6209931030879423,-0.7291154705131786,0.6606857720733007,-0.6645193396598421,-0.35418948698466474,-0.6513847719133283,-1.3127076510270583,-0.3358111558318982,-0.7228350010055292,0.023784450055362553,-1.2428446012997403,0.0,0.0,0.0,0.0,0.0,1.0,0.0,1.0,0.0,0.0,0.0,0.0,1.0,0.0,0.0,0.0,0.0,0.0,0.0,0.0,0.0,0.0,0.0,0.0,0.0,0.0,1.0,0.0,1.0
-0.40099196635155054,-0.19258518042338987,-0.00477229437180365,-0.618231696534792,-0.2929483692479975,-0.35418948698466474,-0.6513847719133283,1.1355037762880595,1.4162470485084402,-0.24942781428647778,-0.7441800428218817,0.2396738097933893,0.0,1.0,0.0,0.0,0.0,0.0,0.0,0.0,0.0,1.0,1.0,0.0,0.0,1.0,0.0,0.0,0.0,0.0,0.0,0.0,0.0,0.0,0.0,0.0,0.0,0.0,1.0,1.0,0.0
1.6960656196796964,0.4500267035734388,-0.7137039135740004,0.515445933367019,1.1019359125013322,-0.35418948698466474,-0.6513847719133283,-0.6132186717941674,-0.3358111558318982,-0.012119944795107872,-0.402415739708972,-0.913396065501267,1.0,0.0,0.0,1.0,0.0,0.0,0.0,1.0,0.0,0.0,0.0,1.0,0.0,1.0,0.0,0.0,0.0,0.0,0.0,0.0,0.0,0.0,0.0,0.0,1.0,0.0,1.0,0.0,0.0
0.3575182243406026,-0.5138911224218042,1.1583469734497038,-0.01306570192528424,0.6513728764103123,-0.35418948698466474,-0.6513847719133283,0.4360147970551687,-0.3358111558318982,-0.3240559165692312,-0.41447800923060396,-0.33686112785393885,0.0,0.0,1.0,0.0,0.0,0.0,0.0,0.0,0.0,1.0,0.0,0.0,0.0,0.0,1.0,0.0,0.0,0.0,0.0,0.0,0.0,0.0,0.0,0.0,1.0,0.0,1.0,1.0,0.0
-0.5348467058854599,-1.5581354339166509,0.5038090846210767,2.3793571967643032,-0.5576681210606464,-0.35418948698466474,-0.6513847719133283,-0.9629631614106129,-0.3358111558318982,-0.307913111332823,-0.22952320989891187,-0.9957581994508853,1.0,0.0,0.0,0.0,1.0,0.0,0.0,0.0,0.0,1.0,0.0,0.0,1.0,0.0,0.0,0.0,0.0,0.0,0.0,0.0,0.0,0.0,0.0,0.0,0.0,1.0,0.0,1.0,0.0
-0.013370949784604638,-0.8887480547532877,0.3587591369582233,0.5921002926842235,-0.3104807545572775,-0.35418948698466474,-0.6513847719133283,0.08627030743872333,-0.3358111558318982,-0.3796061581180477,-1.106048128470845,0.4867602116422442,1.0,0.0,1.0,0.0,0.0,0.0,0.0,1.0,0.0,0.0,0.0,1.0,0.0,1.0,0.0,0.0,0.0,0.0,0.0,0.0,0.0,0.0,0.0,0.0,1.0,1.0,0.0,1.0,0.0
-0.7579379384419755,-1.0226255305859604,0.2155223136411552,-0.41650969833162277,-0.6761947522943739,-0.35418948698466474,-0.6513847719133283,-1.3127076510270583,-0.3358111558318982,-0.016436202879708997,1.189803837146466,-0.0074125920554656355,0.0,1.0,0.0,0.0,0.0,0.0,0.0,1.0,0.0,0.0,0.0,1.0,0.0,1.0,0.0,0.0,0.0,0.0,0.0,0.0,0.0,0.0,0.0,0.0,0.0,1.0,0.0,0.0,1.0
-1.2598932116941357,-0.9824622878361585,-1.6247988973312995,0.85030445038428,-1.2026287041523667,-0.35418948698466474,0.4888949163375746,-1.3127076510270583,1.4162470485084402,-0.6994408821869912,-1.1422349370357412,-1.2428446012997403,0.0,0.0,0.0,1.0,0.0,0.0,0.0,1.0,0.0,0.0,1.0,0.0,0.0,0.0,0.0,0.0,0.0,0.0,0.0,1.0,0.0,0.0,0.0,0.0,0.0,1.0,0.0,0.0,1.0
1.9972387836309926,-0.00515671425764817,1.2907050506920574,0.7938222908873924,1.4455321318482592,-0.35418948698466474,-0.6513847719133283,0.9606315314798368,-0.3358111558318982,0.32251954450401743,0.12832411924284087,0.2396738097933893,1.0,0.0,0.0,1.0,0.0,0.0,0.0,1.0,0.0,0.0,0.0,1.0,0.0,1.0,0.0,0.0,0.0,0.0,0.0,0.0,0.0,0.0,0.0,0.0,1.0,0.0,1.0,0.0,0.0
-1.0925747872767488,-1.156503006418633,-1.2984365150898791,-0.41650969833162277,-1.0546245459700692,-0.35418948698466474,-0.6513847719133283,-1.3127076510270583,-0.3358111558318982,-0.5858801319811355,1.3064057758555767,-1.407568869198977,0.0,1.0,0.0,0.0,0.0,0.0,0.0,0.0,0.0,1.0,0.0,0.0,0.0,1.0,0.0,0.0,0.0,0.0,0.0,0.0,0.0,0.0,0.0,0.0,1.0,1.0,0.0,0.0,1.0
-0.9810291709984912,-0.8887480547532877,0.4049938077757577,-0.41650969833162277,-0.9284684371731822,-0.35418948698466474,-0.6513847719133283,0.08627030743872333,-0.3358111558318982,-0.11489004978946069,-0.6476818866488249,-0.913396065501267,0.0,1.0,0.0,0.0,0.0,0.0,0.0,0.0,0.0,1.0,1.0,0.0,1.0,0.0,0.0,0.0,0.0,0.0,0.0,0.0,0.0,0.0,0.0,0.0,1.0,1.0,0.0,0.0,1.0
-1.3491297047167419,0.4500267035734388,-1.1243765778944546,-0.2793387395534677,-1.3413464780279907,-0.35418948698466474,2.7694542928393804,-1.3127076510270583,-0.3358111558318982,-0.5741830725718665,0.8319565080047138,-1.407568869198977,0.0,1.0,0.0,0.0,0.0,0.0,0.0,0.0,0.0,1.0,0.0,0.0,0.0,1.0,0.0,0.0,0.0,0.0,0.0,0.0,0.0,0.0,0.0,0.0,0.0,0.0,1.0,0.0,1.0
0.47742976183972974,-0.5406666175883388,-1.5441148639438373,3.4162082675285927,0.6922946197036214,-0.35418948698466474,0.4888949163375746,-0.7880909166023902,3.1683052528487785,-0.5550620492570835,-1.5443105877568115,-0.6663096636524121,1.0,0.0,0.0,0.0,0.0,1.0,0.0,1.0,0.0,0.0,1.0,0.0,0.0,0.0,0.0,0.0,0.0,0.0,0.0,0.0,0.0,1.0,0.0,0.0,1.0,0.0,1.0,1.0,0.0
-0.49022845937415677,-1.156503006418633,-0.3220690548842959,0.011140937859095913,-0.33290679466717005,-0.35418948698466474,0.4888949163375746,-0.7880909166023902,-0.3358111558318982,-0.34559404441139085,0.9767037422642989,-0.6663096636524121,0.0,1.0,0.0,0.0,0.0,0.0,0.0,0.0,0.0,1.0,1.0,0.0,0.0,1.0,0.0,0.0,0.0,0.0,0.0,0.0,0.0,0.0,0.0,0.0,0.0,1.0,0.0,1.0,0.0
-0.936410924487188,0.610679674572646,-0.49068961904236313,-0.31564869923003813,-0.8721721406086581,-0.35418948698466474,-0.6513847719133283,-0.7880909166023902,-0.3358111558318982,-0.16504496873252575,2.0100381646174497,-0.5015853957531755,0.0,1.0,0.0,0.0,0.0,0.0,0.0,1.0,0.0,0.0,0.0,1.0,0.0,1.0,0.0,0.0,0.0,0.0,0.0,0.0,0.0,0.0,0.0,0.0,1.0,0.0,1.0,0.0,1.0
0.5806094568971182,-0.35323815142259707,-0.9176804024748882,-0.2147877001284535,0.028607137138692028,-0.35418948698466474,0.4888949163375746,0.08627030743872333,-0.3358111558318982,-0.6324093941331357,-1.564414370292865,-0.0074125920554656355,1.0,1.0,0.0,0.0,0.0,0.0,0.0,1.0,0.0,0.0,1.0,0.0,0.0,1.0,0.0,0.0,0.0,0.0,0.0,0.0,0.0,0.0,0.0,0.0,1.0,0.0,1.0,1.0,0.0
0.13442699178408696,0.18227175190809353,-0.2885262544872609,-0.21680492011048513,0.3618765888748783,-0.35418948698466474,-0.6513847719133283,-0.9629631614106129,-0.3358111558318982,-0.6033609772237701,-0.16519110578354057,-0.8310339315516487,0.0,1.0,0.0,0.0,0.0,0.0,0.0,0.0,0.0,1.0,1.0,0.0,1.0,0.0,0.0,0.0,0.0,0.0,0.0,0.0,0.0,0.0,0.0,0.0,0.0,0.0,1.0,1.0,0.0
0.13442699178408696,0.7177816552387841,-0.6239542584576098,0.18865629627788502,0.42156376435636206,-0.35418948698466474,-0.6513847719133283,-0.9629631614106129,-0.3358111558318982,-0.3790882071478956,1.5878587313603258,-0.9957581994508853,0.0,0.0,1.0,0.0,0.0,0.0,0.0,0.0,0.0,1.0,0.0,0.0,0.0,0.0,0.0,0.0,0.0,0.0,0.0,1.0,0.0,0.0,0.0,0.0,1.0,0.0,0.0,1.0,0.0
-0.31175547332894427,2.4581888410635284,0.2717291683605111,-0.08770284126045706,-0.6421703649798807,3.457715305675404,-0.6513847719133283,0.9606315314798368,-0.3358111558318982,-0.13474483697862585,-0.7924291209084101,1.3927436850880455,1.0,0.0,1.0,0.0,0.0,0.0,0.0,1.0,0.0,0.0,0.0,0.0,0.0,1.0,0.0,0.0,0.0,0.0,0.0,0.0,0.0,0.0,0.0,0.0,0.0,0.0,0.0,1.0,0.0
1.1383375382884073,0.9587611117375949,1.270760682888415,-0.7856609550434225,0.3219181634557055,-0.35418948698466474,0.4888949163375746,-0.26347418217772206,-0.3358111558318982,7.9215940405102225,0.055950502113048056,-0.6663096636524121,1.0,1.0,0.0,0.0,0.0,0.0,0.0,0.0,1.0,0.0,0.0,0.0,1.0,0.0,0.0,0.0,0.0,0.0,0.0,0.0,0.0,0.0,0.0,0.0,1.0,0.0,0.0,0.0,0.0
0.02288137550582915,0.3161492277407662,0.6325409131718595,-1.150777771791159,0.10867811883689928,-0.35418948698466474,-0.6513847719133283,-0.7880909166023902,-0.3358111558318982,10.7786115918694,-0.9452178681824168,-1.2428446012997403,0.0,0.0,0.0,0.0,0.0,0.0,0.0,0.0,1.0,0.0,0.0,0.0,0.0,0.0,0.0,0.0,0.0,0.0,0.0,1.0,0.0,0.0,0.0,0.0,0.0,0.0,1.0,1.0,0.0
0.6308049842223342,0.4500267035734388,-0.5913180202334677,-0.06349620147607656,0.9599428578536447,-0.35418948698466474,-0.6513847719133283,-0.08860193736949937,-0.3358111558318982,-0.5128922077705305,-1.7855559781894537,-0.33686112785393885,0.0,0.0,1.0,0.0,0.0,0.0,0.0,1.0,0.0,0.0,0.0,1.0,0.0,1.0,0.0,0.0,0.0,0.0,0.0,0.0,0.0,0.0,0.0,0.0,0.0,0.0,1.0,1.0,0.0
-1.0925747872767488,-1.102952016085564,0.17563357803387067,0.08779529717630039,-1.0315434497057638,-0.35418948698466474,-0.6513847719133283,-1.3127076510270583,-0.3358111558318982,-0.5718522932061819,0.5223582569494896,-1.3252067352493586,0.0,0.0,1.0,0.0,0.0,0.0,0.0,0.0,0.0,1.0,0.0,0.0,0.0,0.0,0.0,0.0,0.0,0.0,0.0,0.0,0.0,0.0,1.0,0.0,1.0,1.0,0.0,0.0,1.0
-0.5878308736176323,-0.6250629783532556,-1.4335142788509114,0.5537731130256215,-0.39852800825333334,-0.35418948698466474,1.6291746045884776,-0.6132186717941674,1.4162470485084402,-0.5282580865517105,0.08007504115631234,0.8985708813903357,0.0,0.0,1.0,0.0,0.0,0.0,0.0,0.0,0.0,1.0,1.0,0.0,0.0,0.0,0.0,1.0,0.0,0.0,0.0,0.0,0.0,0.0,0.0,0.0,1.0,1.0,0.0,0.0,1.0
-0.5348467058854599,-1.4510334532505127,1.3043034832854499,0.8139944907077097,-0.309748632972934,-0.35418948698466474,-0.6513847719133283,0.6108870418633914,-0.3358111558318982,-0.10310666521849961,-0.7200555037786174,-0.6663096636524121,0.0,0.0,0.0,1.0,0.0,0.0,0.0,0.0,0.0,1.0,0.0,0.0,0.0,1.0,0.0,0.0,0.0,0.0,0.0,0.0,0.0,0.0,0.0,0.0,0.0,1.0,0.0,1.0,0.0
-1.3156660198332646,-0.9422990450863568,0.5799603071440748,0.1241052568528708,-1.292024602872213,-0.35418948698466474,0.4888949163375746,0.9606315314798368,-0.3358111558318982,-0.3947130614141517,-0.6999517212425639,-0.08977472600508395,0.0,0.0,1.0,0.0,0.0,0.0,0.0,0.0,0.0,1.0,0.0,0.0,0.0,1.0,0.0,0.0,0.0,0.0,0.0,0.0,0.0,0.0,0.0,0.0,0.0,1.0,0.0,0.0,1.0
0.2236634848066932,1.7888014619001653,0.9607164197590657,0.622358592414699,0.5950765798457882,-0.35418948698466474,0.4888949163375746,1.8349927555209502,-0.3358111558318982,1.9072768628461667,1.6441493224612758,0.15731167584377098,0.0,0.0,1.0,0.0,0.0,0.0,0.0,1.0,0.0,0.0,0.0,0.0,1.0,0.0,0.0,0.0,0.0,0.0,0.0,0.0,0.0,0.0,0.0,0.0,0.0,0.0,0.0,1.0,0.0
0.5806094568971182,0.18227175190809353,-0.014744478273624783,0.9955442890905617,0.27124764327613743,0.9164454439020248,0.4888949163375746,-0.6132186717941674,-0.3358111558318982,-0.5930019578207274,-0.43860254827386824,0.4867602116422442,1.0,0.0,0.0,1.0,0.0,0.0,0.0,1.0,0.0,0.0,1.0,0.0,0.0,1.0,0.0,0.0,0.0,0.0,0.0,0.0,0.0,0.0,0.0,0.0,0.0,0.0,1.0,1.0,0.0
-0.5348467058854599,-0.19258518042338987,-0.348359357898188,-0.08770284126045706,-0.8159914421890304,-0.35418948698466474,-0.6513847719133283,-0.7880909166023902,-0.3358111558318982,-0.4262217454317399,0.4821506918773826,-1.407568869198977,1.0,0.0,1.0,0.0,0.0,0.0,0.0,1.0,0.0,0.0,0.0,0.0,1.0,0.0,0.0,0.0,0.0,0.0,0.0,0.0,0.0,0.0,0.0,0.0,1.0,0.0,1.0,1.0,0.0
-0.31175547332894427,-1.238007613705564,1.43212874966334,0.5921002926842235,-0.5610589999776061,-0.35418948698466474,-0.6513847719133283,-0.26347418217772206,-0.3358111558318982,-0.3241854043117693,0.7636036473821317,-0.6663096636524121,1.0,0.0,0.0,1.0,0.0,0.0,0.0,0.0,0.0,1.0,0.0,1.0,0.0,1.0,0.0,0.0,0.0,0.0,0.0,0.0,0.0,0.0,0.0,0.0,0.0,1.0,0.0,1.0,0.0
-0.5348467058854599,-1.0761765209190293,0.07228549032408745,2.659750774266708,-0.12783568562103947,-0.35418948698466474,2.7694542928393804,-0.6132186717941674,-0.3358111558318982,-0.583678840357989,-0.49087238286760754,-1.2428446012997403,0.0,0.0,0.0,0.0,1.0,0.0,0.0,0.0,0.0,1.0,1.0,0.0,0.0,1.0,0.0,0.0,0.0,0.0,0.0,0.0,0.0,0.0,0.0,0.0,1.0,1.0,0.0,1.0,0.0
-0.31175547332894427,-0.5674421127548733,-0.5305783546496478,0.011140937859095913,-0.12483013385373418,-0.35418948698466474,-0.6513847719133283,0.7857592866716141,-0.3358111558318982,-0.02239263903645855,-0.06065143659606226,-0.08977472600508395,0.0,1.0,0.0,0.0,0.0,0.0,0.0,1.0,0.0,0.0,0.0,0.0,0.0,1.0,0.0,0.0,0.0,0.0,0.0,0.0,0.0,0.0,0.0,0.0,0.0,0.0,1.0,1.0,0.0
-0.9810291709984912,0.07516977124195542,-0.01746416479230339,0.28548285541540636,-0.8898201240628347,-0.35418948698466474,0.4888949163375746,0.26114255224694605,-0.3358111558318982,-0.518891806508126,0.29317513603847944,-0.8310339315516487,0.0,0.0,1.0,0.0,0.0,0.0,0.0,0.0,0.0,1.0,0.0,0.0,1.0,0.0,0.0,0.0,0.0,0.0,0.0,0.0,0.0,0.0,0.0,0.0,0.0,0.0,1.0,0.0,1.0
-0.5348467058854599,-0.754870578920615,-0.8886704129423177,-0.2147877001284535,-0.40561802780697626,-0.35418948698466474,0.4888949163375746,-0.4383464269859448,-0.3358111558318982,-0.13595338924231418,-1.0135707288049987,-0.33686112785393885,0.0,1.0,0.0,0.0,0.0,0.0,0.0,1.0,0.0,0.0,0.0,0.0,1.0,0.0,0.0,0.0,0.0,0.0,0.0,0.0,0.0,0.0,0.0,0.0,0.0,1.0,0.0,1.0,0.0
-0.780247061697627,-0.9422990450863568,0.8347042777269617,-0.900642494019229,-0.735226871621445,-0.35418948698466474,0.4888949163375746,-0.6132186717941674,-0.3358111558318982,-0.3878502110596359,0.04388823259141607,-0.08977472600508395,0.0,0.0,0.0,0.0,0.0,0.0,0.0,1.0,0.0,0.0,0.0,0.0,1.0,0.0,0.0,0.0,0.0,0.0,0.0,0.0,0.0,0.0,0.0,0.0,0.0,1.0,0.0,0.0,1.0
1.6793337772379575,1.6616446353542929,1.1175516756695263,2.6718540941588986,2.96738170940875,-0.35418948698466474,0.4888949163375746,0.26114255224694605,-0.3358111558318982,0.35679063369575037,1.1214509765238845,0.3220359437430076,0.0,0.0,0.0,0.0,1.0,0.0,0.0,1.0,0.0,0.0,0.0,1.0,0.0,0.0,1.0,0.0,0.0,0.0,0.0,0.0,0.0,0.0,0.0,0.0,1.0,0.0,0.0,0.0,0.0
0.973807754277977,-0.21936067558992442,0.6688034000875727,-0.5173706974332074,1.2605751000140941,-0.35418948698466474,-0.6513847719133283,-0.6132186717941674,-0.3358111558318982,2.961307087105762,1.909519251937182,-0.33686112785393885,0.0,1.0,0.0,0.0,0.0,0.0,0.0,0.0,1.0,0.0,0.0,1.0,1.0,0.0,0.0,0.0,0.0,0.0,0.0,0.0,0.0,0.0,0.0,0.0,0.0,0.0,1.0,1.0,0.0
-0.20020985705068647,-0.5326339690383785,0.30889821744911733,-1.2072599312880463,-0.1369679390678514,-0.35418948698466474,-0.6513847719133283,1.6601205107127277,-0.3358111558318982,0.7577278471743489,-0.1209627842042228,1.0632951492895724,0.0,0.0,0.0,0.0,0.0,0.0,0.0,1.0,0.0,0.0,0.0,1.0,1.0,0.0,0.0,0.0,0.0,0.0,0.0,0.0,0.0,0.0,0.0,0.0,0.0,0.0,1.0,1.0,0.0
0.28222493335277854,-0.8485848120034859,0.4466956677288282,-0.01306570192528424,0.5637494825788765,-0.35418948698466474,-0.6513847719133283,0.08627030743872333,-0.3358111558318982,-0.2260768580487857,0.5344205264711216,0.15731167584377098,0.0,0.0,1.0,0.0,0.0,0.0,0.0,0.0,1.0,0.0,1.0,0.0,0.0,1.0,0.0,0.0,0.0,0.0,0.0,0.0,0.0,0.0,0.0,0.0,1.0,1.0,0.0,1.0,0.0
2.3653393173492434,1.6549239860674927,-0.5668408415653612,-1.0216756929411306,2.6610080927184487,3.457715305675404,-0.6513847719133283,1.1355037762880595,-0.3358111558318982,1.2810309773513895,-0.3018968270287044,1.4751058190376638,0.0,0.0,0.0,0.0,0.0,0.0,0.0,1.0,0.0,0.0,0.0,1.0,1.0,0.0,0.0,0.0,0.0,0.0,0.0,0.0,0.0,0.0,0.0,0.0,1.0,0.0,0.0,0.0,0.0
0.6391709054432035,0.02161878090888636,0.30617853093043873,-0.31564869923003813,0.92237346076233,2.187080374788714,-0.6513847719133283,-0.26347418217772206,-0.3358111558318982,0.13679095912363098,1.3265095583916302,-0.6663096636524121,0.0,1.0,0.0,0.0,0.0,0.0,0.0,1.0,0.0,0.0,0.0,1.0,0.0,1.0,0.0,0.0,0.0,0.0,0.0,0.0,0.0,0.0,0.0,0.0,1.0,0.0,1.0,1.0,0.0
-0.5348467058854599,0.664230664905715,-0.7354614057234284,-1.4089819294912156,-0.5118141902517594,-0.35418948698466474,-0.6513847719133283,-0.4383464269859448,-0.3358111558318982,-0.45086757909481234,-1.0577990503843164,-0.7486717976020304,0.0,0.0,0.0,0.0,0.0,0.0,0.0,0.0,1.0,0.0,0.0,0.0,1.0,0.0,0.0,0.0,0.0,0.0,0.0,0.0,0.0,0.0,0.0,0.0,0.0,0.0,1.0,1.0,0.0
2.3653393173492434,2.0565564135655108,-0.5695605280840397,-0.06349620147607656,2.971312046335226,-0.35418948698466474,-0.6513847719133283,-0.7880909166023902,-0.3358111558318982,0.011015198538354164,1.3345510714060516,-0.5015853957531755,0.0,0.0,1.0,0.0,0.0,0.0,0.0,1.0,0.0,0.0,1.0,0.0,0.0,1.0,0.0,0.0,0.0,0.0,0.0,0.0,0.0,0.0,0.0,0.0,0.0,0.0,0.0,0.0,0.0
-0.6463923221637177,-0.3264626562560625,0.19285825931883432,-0.7836437350613908,-0.5797088340208844,-0.35418948698466474,-0.6513847719133283,-1.487579895835281,-0.3358111558318982,-0.388324999448942,1.7285852091127003,-0.6663096636524121,0.0,1.0,0.0,0.0,0.0,0.0,0.0,0.0,0.0,1.0,1.0,0.0,1.0,0.0,0.0,0.0,0.0,0.0,0.0,0.0,0.0,0.0,0.0,0.0,0.0,0.0,1.0,0.0,1.0
0.5806094568971182,0.9855366069041295,-1.25401496861813,-0.7190926956363767,0.7830006307322935,-0.35418948698466474,-0.6513847719133283,-0.6132186717941674,-0.3358111558318982,-0.3431769398840142,0.16049017130052637,-1.0781203334005036,0.0,1.0,0.0,0.0,0.0,0.0,0.0,1.0,0.0,0.0,1.0,0.0,0.0,0.0,1.0,0.0,0.0,0.0,0.0,0.0,0.0,0.0,0.0,0.0,1.0,0.0,0.0,1.0,0.0
0.3575182243406026,-1.4456783542172058,-1.1751440595764535,2.766663433314388,0.42310507295498,-0.35418948698466474,-0.6513847719133283,0.6108870418633914,-0.3358111558318982,-0.6173024908370317,-0.3541666616224434,-0.5015853957531755,1.0,0.0,0.0,0.0,1.0,0.0,0.0,0.0,0.0,1.0,0.0,0.0,0.0,1.0,0.0,0.0,0.0,0.0,0.0,0.0,0.0,0.0,0.0,0.0,0.0,1.0,0.0,1.0,0.0
2.2537937010709856,2.3216338157142027,1.4484468687754108,1.883121081184507,2.069492385283809,4.728350236562093,-0.6513847719133283,5.507309896493626,-0.3358111558318982,3.7922299309723244,1.3345510714060516,3.0399863640804115,1.0,0.0,0.0,0.0,1.0,0.0,0.0,1.0,0.0,0.0,1.0,0.0,0.0,1.0,0.0,0.0,0.0,0.0,0.0,0.0,0.0,0.0,0.0,0.0,1.0,0.0,0.0,0.0,0.0
-0.9141018012315364,0.4500267035734388,-0.3882480935054727,-0.20268438023626323,-0.839958790897541,2.187080374788714,2.7694542928393804,1.1355037762880595,-0.3358111558318982,-0.18058349783708982,0.1162618497212086,1.0632951492895724,0.0,0.0,1.0,0.0,0.0,0.0,0.0,1.0,0.0,0.0,1.0,0.0,1.0,0.0,0.0,0.0,0.0,0.0,0.0,0.0,0.0,0.0,0.0,0.0,1.0,0.0,1.0,0.0,1.0
-0.9810291709984912,-1.31715597741784,-0.9738872571942442,-1.5622906481256242,-0.9891189305288023,-0.35418948698466474,0.4888949163375746,-0.26347418217772206,1.4162470485084402,-0.5093097135603115,-1.4437916750765438,-0.33686112785393885,0.0,0.0,0.0,0.0,0.0,0.0,0.0,0.0,1.0,0.0,1.0,0.0,1.0,0.0,0.0,0.0,0.0,0.0,0.0,0.0,0.0,0.0,0.0,0.0,1.0,1.0,0.0,0.0,1.0
1.1383375382884073,0.3161492277407662,-0.9095213429188528,-0.6666449761035527,1.4117774735385242,-0.35418948698466474,-0.6513847719133283,-0.6132186717941674,-0.3358111558318982,0.39826987388876717,0.45400539632690756,-0.4192232618035572,0.0,1.0,0.0,0.0,0.0,0.0,0.0,0.0,0.0,1.0,0.0,0.0,1.0,0.0,0.0,0.0,0.0,0.0,0.0,0.0,0.0,0.0,0.0,0.0,1.0,0.0,1.0,0.0,0.0
-0.31175547332894427,-1.156503006418633,0.5799603071440748,0.515445933367019,-0.5703839169992453,-0.35418948698466474,-0.6513847719133283,-0.7880909166023902,-0.3358111558318982,-0.353881259933825,0.369569509675483,-1.160482467350122,1.0,0.0,1.0,0.0,0.0,0.0,0.0,0.0,0.0,1.0,1.0,0.0,0.0,1.0,0.0,0.0,0.0,0.0,0.0,0.0,0.0,0.0,0.0,0.0,1.0,1.0,0.0,1.0,0.0
-0.1332824872837318,0.02161878090888636,0.30889821744911733,-1.2072599312880463,-0.0654897528069396,-0.35418948698466474,1.6291746045884776,-0.08860193736949937,-0.3358111558318982,-0.526143120090256,-1.4156463795260692,-0.33686112785393885,0.0,0.0,0.0,0.0,0.0,0.0,0.0,1.0,0.0,0.0,0.0,0.0,0.0,0.0,0.0,0.0,1.0,0.0,0.0,0.0,0.0,0.0,0.0,0.0,0.0,0.0,1.0,1.0,0.0
-0.9810291709984912,-0.8887480547532877,-0.9385313324514235,-0.41650969833162277,-0.9284684371731822,-0.35418948698466474,-0.6513847719133283,-0.7880909166023902,-0.3358111558318982,-0.33299057080435557,0.011722180533730274,-0.6663096636524121,0.0,1.0,0.0,0.0,0.0,0.0,0.0,0.0,0.0,1.0,1.0,0.0,0.0,0.0,0.0,0.0,0.0,0.0,0.0,1.0,0.0,0.0,0.0,0.0,0.0,1.0,0.0,0.0,1.0
-0.5348467058854599,-0.6209931030879423,0.7032527626575006,-0.7190926956363767,-0.451125164181174,-0.35418948698466474,0.4888949163375746,0.4360147970551687,-0.3358111558318982,0.0797731898260501,0.2851336230240582,-0.33686112785393885,0.0,1.0,0.0,0.0,0.0,0.0,0.0,0.0,0.0,1.0,1.0,0.0,1.0,0.0,0.0,0.0,0.0,0.0,0.0,0.0,0.0,0.0,0.0,0.0,0.0,0.0,1.0,1.0,0.0
2.2537937010709856,2.4581888410635284,-1.1370684483149542,1.7983978419391755,2.0372405028577263,0.9164454439020248,1.6291746045884776,0.26114255224694605,-0.3358111558318982,0.3220447561147113,0.21678076240147615,-0.25449899390432057,1.0,0.0,0.0,0.0,1.0,0.0,0.0,1.0,0.0,0.0,0.0,1.0,0.0,0.0,1.0,0.0,0.0,0.0,0.0,0.0,0.0,0.0,0.0,0.0,1.0,0.0,0.0,0.0,0.0
-0.6463923221637177,-0.5138911224218042,-1.43623396536959,-0.41650969833162277,-0.5500771762124524,-0.35418948698466474,-0.6513847719133283,-1.3127076510270583,-0.3358111558318982,-0.5274811600964823,-0.004360845495112479,-1.5722931370982134,0.0,1.0,0.0,0.0,0.0,0.0,0.0,1.0,0.0,0.0,1.0,0.0,1.0,0.0,0.0,0.0,0.0,0.0,0.0,0.0,0.0,0.0,0.0,0.0,0.0,0.0,1.0,0.0,1.0
0.5806094568971182,-0.4603401320887352,-0.6493379992986092,-0.9409868936598628,0.743581663322637,2.187080374788714,1.6291746045884776,0.4360147970551687,1.4162470485084402,-0.39156219301239287,-0.9613008942112595,0.7338466134910991,0.0,1.0,0.0,0.0,0.0,0.0,0.0,1.0,0.0,0.0,1.0,0.0,0.0,1.0,0.0,0.0,0.0,0.0,0.0,0.0,0.0,0.0,0.0,0.0,0.0,0.0,1.0,1.0,0.0
1.9191568522362121,0.7177816552387841,1.0604382587772774,0.40248161437324453,1.2513657811373513,-0.35418948698466474,0.4888949163375746,3.2339707139867317,-0.3358111558318982,2.341880889384654,0.12028260622841935,2.710537828281938,1.0,0.0,1.0,0.0,0.0,0.0,0.0,1.0,0.0,0.0,1.0,0.0,0.0,1.0,0.0,0.0,0.0,0.0,0.0,0.0,0.0,0.0,0.0,0.0,0.0,0.0,0.0,0.0,0.0
-1.1148839105324004,0.18227175190809353,-0.7463401517981426,-0.9833485132825285,-1.1041390847006738,-0.35418948698466474,-0.6513847719133283,-0.9629631614106129,-0.3358111558318982,-0.15952015838423633,0.6671054912090747,-0.33686112785393885,0.0,1.0,0.0,0.0,0.0,0.0,0.0,1.0,0.0,0.0,1.0,0.0,0.0,1.0,0.0,0.0,0.0,0.0,0.0,0.0,0.0,0.0,0.0,0.0,1.0,0.0,1.0,0.0,1.0
-0.7579379384419755,2.128850250515154,0.6851215191996437,-0.31564869923003813,-0.6688735364509383,-0.35418948698466474,-0.6513847719133283,-0.08860193736949937,-0.3358111558318982,0.9820869424119155,1.8331248783001783,-0.33686112785393885,0.0,1.0,0.0,0.0,0.0,0.0,0.0,0.0,0.0,1.0,0.0,1.0,0.0,1.0,0.0,0.0,0.0,0.0,0.0,0.0,0.0,0.0,0.0,0.0,0.0,0.0,0.0,0.0,1.0
-1.142770314601965,-1.6384619194162544,1.319715040224628,0.40248161437324453,-1.077089118794927,-0.35418948698466474,-0.6513847719133283,-1.6624521406435036,-0.3358111558318982,-0.5753916248355548,1.3828001494925801,-1.489931003148595,0.0,0.0,1.0,0.0,0.0,0.0,0.0,0.0,1.0,0.0,0.0,1.0,0.0,0.0,0.0,0.0,0.0,0.0,0.0,1.0,0.0,0.0,0.0,0.0,0.0,1.0,0.0,0.0,1.0
-0.5348467058854599,-1.156503006418633,0.07591173901565872,-1.5602734281435924,-0.5248767806250476,-0.35418948698466474,-0.6513847719133283,-0.4383464269859448,-0.3358111558318982,-0.6966353144320004,-1.966490021013935,-0.25449899390432057,0.0,0.0,0.0,0.0,0.0,0.0,0.0,0.0,1.0,0.0,0.0,0.0,0.0,0.0,1.0,0.0,0.0,0.0,0.0,0.0,0.0,0.0,0.0,0.0,0.0,1.0,0.0,1.0,0.0
1.1383375382884073,0.7177816552387841,-0.8796047912133892,-0.5314912373074293,0.38145120807732763,-0.35418948698466474,-0.6513847719133283,-1.1378354062188356,-0.3358111558318982,0.05171751227614278,1.020932063843617,-0.0074125920554656355,1.0,1.0,0.0,0.0,0.0,0.0,0.0,1.0,0.0,0.0,0.0,0.0,0.0,0.0,1.0,0.0,0.0,0.0,0.0,0.0,0.0,0.0,0.0,0.0,1.0,0.0,0.0,0.0,0.0
2.2537937010709856,2.4581888410635284,-0.9376247702785308,0.18865629627788502,1.4520826933923863,-0.35418948698466474,0.4888949163375746,2.7093539795620636,-0.3358111558318982,1.0866267132209548,0.1162618497212086,0.8985708813903357,1.0,0.0,1.0,0.0,0.0,0.0,0.0,1.0,0.0,0.0,1.0,0.0,0.0,1.0,0.0,0.0,0.0,0.0,0.0,0.0,0.0,0.0,0.0,0.0,1.0,0.0,0.0,0.0,0.0
-0.22251898030633804,0.10194526640848994,0.47479909508850593,0.1241052568528708,-0.5460697738560456,-0.35418948698466474,0.4888949163375746,2.009865000329173,-0.3358111558318982,0.247977767382956,-0.5913912955478751,0.8162087474407175,1.0,0.0,1.0,0.0,0.0,0.0,0.0,0.0,0.0,1.0,1.0,0.0,0.0,1.0,0.0,0.0,0.0,0.0,0.0,0.0,0.0,0.0,0.0,0.0,1.0,0.0,1.0,1.0,0.0
-0.7133196919306724,-1.3439314725843747,1.045933264010992,0.40248161437324453,-0.5624461777163624,-0.35418948698466474,-0.6513847719133283,-0.9629631614106129,-0.3358111558318982,-0.5088780877518515,-1.1824425021078482,-0.0074125920554656355,0.0,0.0,1.0,0.0,0.0,0.0,0.0,1.0,0.0,0.0,0.0,1.0,0.0,1.0,0.0,0.0,0.0,0.0,0.0,0.0,0.0,0.0,0.0,0.0,1.0,1.0,0.0,0.0,1.0
-0.5348467058854599,-0.35323815142259707,1.0586251344314916,-0.3196831391941014,-0.4151741411184082,0.9164454439020248,0.4888949163375746,-0.6132186717941674,1.4162470485084402,-0.4090430382550274,1.4471322536079512,-0.6663096636524121,0.0,1.0,0.0,0.0,0.0,0.0,0.0,1.0,0.0,0.0,0.0,1.0,0.0,0.0,0.0,0.0,0.0,0.0,0.0,0.0,1.0,0.0,0.0,0.0,1.0,0.0,1.0,1.0,0.0
-0.08866424077242865,-0.9422990450863568,0.23637324361769046,1.2376106869343653,-0.28023257330939855,-0.35418948698466474,-0.6513847719133283,0.6108870418633914,-0.3358111558318982,-0.4415876242129199,1.032994333365249,-0.25449899390432057,1.0,0.0,0.0,0.0,1.0,0.0,0.0,1.0,0.0,0.0,1.0,0.0,0.0,1.0,0.0,0.0,0.0,0.0,0.0,0.0,0.0,0.0,0.0,0.0,1.0,1.0,0.0,1.0,0.0
-0.9252563628593622,-0.9824622878361585,-0.8705391694844609,0.10595027701458559,-0.8343330145125851,-0.35418948698466474,-0.6513847719133283,-1.3127076510270583,-0.3358111558318982,-0.43826410548777706,1.032994333365249,-0.4192232618035572,0.0,0.0,1.0,0.0,0.0,0.0,0.0,0.0,0.0,1.0,0.0,0.0,0.0,1.0,0.0,0.0,0.0,0.0,0.0,0.0,0.0,0.0,0.0,0.0,1.0,1.0,0.0,0.0,1.0
-0.46513069571154875,-1.0494010257524948,-0.9883922519605294,1.441349905119566,-0.5960081724512701,-0.35418948698466474,0.4888949163375746,-1.6624521406435036,-0.3358111558318982,-0.3407598353566376,1.09732643748062,-1.2428446012997403,1.0,0.0,0.0,1.0,0.0,0.0,0.0,0.0,1.0,0.0,0.0,1.0,0.0,1.0,0.0,0.0,0.0,0.0,0.0,0.0,0.0,0.0,0.0,0.0,1.0,1.0,0.0,1.0,0.0
0.6921550731753761,0.035006528492153625,0.30708509310333165,1.24366234688046,1.2898984961028024,-0.35418948698466474,3.9097339810902834,-0.4383464269859448,-0.3358111558318982,-0.11799775561037348,1.5396096532737973,0.15731167584377098,0.0,0.0,0.0,1.0,0.0,0.0,0.0,1.0,0.0,0.0,1.0,0.0,0.0,1.0,0.0,0.0,0.0,0.0,0.0,0.0,0.0,0.0,0.0,0.0,1.0,0.0,1.0,1.0,0.0
-0.5348467058854599,-1.0761765209190293,-0.03378228390437439,0.85030445038428,-0.30628068862604346,-0.35418948698466474,1.6291746045884776,-0.9629631614106129,-0.3358111558318982,-0.3979502549776025,0.5826696045576502,-0.0074125920554656355,0.0,0.0,1.0,0.0,0.0,0.0,0.0,0.0,0.0,1.0,0.0,1.0,0.0,0.0,1.0,0.0,0.0,0.0,0.0,0.0,0.0,0.0,0.0,0.0,0.0,1.0,0.0,1.0,0.0
-0.9810291709984912,-0.4067891417556661,-0.31119030880958176,-1.5602734281435924,-0.9890418650988713,-0.35418948698466474,-0.6513847719133283,1.3103760210962823,-0.3358111558318982,-0.30174086227184344,-1.5845181528289185,0.4867602116422442,0.0,0.0,0.0,0.0,0.0,0.0,0.0,1.0,0.0,0.0,0.0,0.0,1.0,0.0,0.0,0.0,0.0,0.0,0.0,0.0,0.0,0.0,0.0,0.0,1.0,0.0,1.0,0.0,1.0
-0.6463923221637177,-0.11225869492378629,0.5065287711397553,0.9955442890905617,-0.4317046758385868,2.187080374788714,1.6291746045884776,-0.4383464269859448,-0.3358111558318982,-0.4998139457741891,0.42183934426922204,-0.17213685995470224,0.0,0.0,0.0,1.0,0.0,0.0,0.0,1.0,0.0,0.0,1.0,0.0,0.0,0.0,0.0,0.0,0.0,0.0,0.0,1.0,0.0,0.0,0.0,0.0,1.0,0.0,1.0,0.0,1.0
-0.9810291709984912,1.3871690344021474,-0.09361538731530152,-1.3242586902458844,-0.9767884617398578,-0.35418948698466474,-0.6513847719133283,0.26114255224694605,3.1683052528487785,0.2661060513382807,-0.19333640133401533,0.7338466134910991,0.0,0.0,0.0,0.0,0.0,0.0,0.0,0.0,1.0,0.0,0.0,0.0,1.0,0.0,0.0,0.0,0.0,0.0,0.0,0.0,0.0,0.0,0.0,0.0,0.0,0.0,0.0,0.0,1.0
-1.1148839105324004,-0.4067891417556661,0.5971849884290388,-0.5173706974332074,-1.0842176710635354,-0.35418948698466474,2.7694542928393804,1.485248265904505,-0.3358111558318982,-0.4023960008047417,-1.198525528136691,1.0632951492895724,0.0,1.0,0.0,0.0,0.0,0.0,0.0,0.0,0.0,0.0,1.0,0.0,1.0,0.0,0.0,0.0,0.0,0.0,0.0,0.0,0.0,0.0,0.0,0.0,1.0,0.0,1.0,0.0,1.0
0.30174541620147366,-0.7280950837540805,-0.5423636628972547,1.3445233459820445,0.09079893909293003,-0.35418948698466474,1.6291746045884776,0.08627030743872333,-0.3358111558318982,-0.12347940337781692,1.2139283761897306,-0.5839475297027937,1.0,0.0,0.0,1.0,0.0,0.0,0.0,1.0,0.0,0.0,0.0,1.0,0.0,1.0,0.0,0.0,0.0,0.0,0.0,0.0,0.0,0.0,0.0,0.0,1.0,1.0,0.0,1.0,0.0
-0.5348467058854599,1.0926385875702675,-0.9829528789231724,1.384867745622679,-0.6660991809734257,-0.35418948698466474,1.6291746045884776,-1.1378354062188356,-0.3358111558318982,-0.5712911796551837,0.8319565080047138,-0.33686112785393885,1.0,0.0,0.0,1.0,0.0,0.0,0.0,1.0,0.0,0.0,0.0,0.0,0.0,1.0,0.0,0.0,0.0,0.0,0.0,0.0,0.0,0.0,0.0,0.0,0.0,0.0,0.0,1.0,0.0
2.594704990821411,2.4581888410635284,-1.3628024293652703,-1.5602734281435924,2.9563613529286306,-0.35418948698466474,-0.6513847719133283,-0.7880909166023902,-0.3358111558318982,-0.40351822790673797,-1.5804973963217077,1.7221922208865188,0.0,0.0,0.0,0.0,0.0,0.0,0.0,1.0,0.0,0.0,1.0,0.0,0.0,0.0,0.0,0.0,1.0,0.0,0.0,0.0,0.0,0.0,0.0,0.0,1.0,0.0,0.0,0.0,0.0
-0.8471744314645817,-0.43356463692220065,1.151094476066561,0.515445933367019,-0.7152283925543759,-0.35418948698466474,0.4888949163375746,0.26114255224694605,-0.3358111558318982,-0.4294157764143447,0.40977707474759006,3.204710631979648,0.0,0.0,1.0,0.0,0.0,0.0,0.0,0.0,0.0,1.0,1.0,0.0,0.0,1.0,0.0,0.0,0.0,0.0,0.0,0.0,0.0,0.0,0.0,0.0,1.0,0.0,1.0,0.0,1.0
0.5806094568971182,-0.16580968525685535,-0.44173526170614996,-0.20268438023626323,0.8762498009486849,-0.35418948698466474,-0.6513847719133283,-1.1378354062188356,-0.3358111558318982,0.058062411660506436,1.6803361310261717,-0.4192232618035572,0.0,0.0,1.0,0.0,0.0,0.0,0.0,0.0,0.0,1.0,1.0,0.0,1.0,0.0,0.0,0.0,0.0,0.0,0.0,0.0,0.0,0.0,0.0,0.0,0.0,0.0,1.0,1.0,0.0
2.2537937010709856,2.4581888410635284,-0.6747217401396085,0.18865629627788502,2.9234158816331703,-0.35418948698466474,0.4888949163375746,0.4360147970551687,-0.3358111558318982,2.644062117887579,0.055950502113048056,-0.25449899390432057,0.0,0.0,1.0,0.0,0.0,0.0,0.0,0.0,0.0,1.0,1.0,0.0,1.0,0.0,0.0,0.0,0.0,0.0,0.0,0.0,0.0,0.0,0.0,0.0,1.0,0.0,0.0,0.0,0.0
-0.8694835547202333,0.04839427607542089,-0.342919984860831,-0.7856609550434225,-0.8255475555004623,-0.35418948698466474,-0.6513847719133283,-1.3127076510270583,-0.3358111558318982,0.06574535105109644,1.4994020882016903,-0.5015853957531755,0.0,1.0,0.0,0.0,0.0,0.0,0.0,0.0,0.0,1.0,0.0,0.0,1.0,0.0,0.0,0.0,0.0,0.0,0.0,0.0,0.0,0.0,0.0,0.0,1.0,0.0,1.0,0.0,1.0
-0.7663038596628449,-1.2502172395015039,0.7268233791527141,1.6995540628196228,-0.5272272762379399,-0.35418948698466474,0.4888949163375746,-0.26347418217772206,-0.3358111558318982,-0.29871948161262263,0.44998463981969705,-0.9957581994508853,0.0,0.0,0.0,0.0,1.0,0.0,0.0,0.0,1.0,0.0,0.0,1.0,0.0,1.0,0.0,0.0,0.0,0.0,0.0,0.0,0.0,0.0,0.0,0.0,1.0,1.0,0.0,0.0,1.0
-0.5348467058854599,0.04839427607542089,-0.4997552407712914,0.011140937859095913,-0.384925959870529,-0.35418948698466474,-0.6513847719133283,-0.7880909166023902,-0.3358111558318982,-0.3054960068054464,1.085264167958988,-1.0781203334005036,0.0,1.0,0.0,0.0,0.0,0.0,0.0,0.0,0.0,1.0,0.0,0.0,0.0,1.0,0.0,0.0,0.0,0.0,0.0,0.0,0.0,0.0,0.0,0.0,0.0,0.0,1.0,1.0,0.0
-0.31175547332894427,0.7177816552387841,-0.2613293893004758,-0.30757981930191153,-0.6676404895720437,-0.35418948698466474,-0.6513847719133283,-0.26347418217772206,1.4162470485084402,-0.40856824986572127,0.329361944603376,0.3220359437430076,1.0,1.0,0.0,0.0,0.0,0.0,0.0,1.0,0.0,0.0,1.0,0.0,1.0,0.0,0.0,0.0,0.0,0.0,0.0,0.0,0.0,0.0,0.0,0.0,0.0,0.0,0.0,1.0,0.0
-0.7579379384419755,1.922678937732838,-1.1805834326138105,-1.051933992671606,-0.7215477578087097,0.9164454439020248,-0.6513847719133283,-0.7880909166023902,-0.3358111558318982,-0.6049148301342265,-1.1703802325862163,-0.4192232618035572,0.0,0.0,0.0,0.0,0.0,0.0,0.0,0.0,0.0,1.0,0.0,0.0,0.0,0.0,0.0,0.0,0.0,0.0,0.0,1.0,0.0,0.0,0.0,0.0,0.0,0.0,0.0,0.0,1.0
-0.31175547332894427,0.02161878090888636,-0.7463401517981426,0.5961347326482872,-0.05940158384239838,-0.35418948698466474,-0.6513847719133283,-1.1378354062188356,-0.3358111558318982,-0.5130216955130685,0.45400539632690756,-1.407568869198977,0.0,0.0,1.0,0.0,0.0,0.0,0.0,1.0,0.0,0.0,0.0,0.0,0.0,1.0,0.0,0.0,0.0,0.0,0.0,0.0,0.0,0.0,0.0,0.0,1.0,0.0,1.0,1.0,0.0
1.6960656196796964,0.9319856165710604,-0.8360898069145333,0.8906488500249138,1.2169175339582379,-0.35418948698466474,-0.6513847719133283,-0.9629631614106129,-0.3358111558318982,-0.32219992559285277,0.5223582569494896,-0.913396065501267,1.0,0.0,0.0,1.0,0.0,0.0,0.0,0.0,1.0,0.0,1.0,0.0,0.0,1.0,0.0,0.0,0.0,0.0,0.0,0.0,0.0,0.0,0.0,0.0,1.0,0.0,0.0,0.0,0.0
0.37425006678234124,-0.08548319975725176,0.8519289590119253,2.4681148759736975,0.3793704414691934,-0.35418948698466474,-0.6513847719133283,0.9606315314798368,-0.3358111558318982,0.4049169113390529,1.0370150898724595,-0.25449899390432057,1.0,0.0,0.0,0.0,1.0,0.0,0.0,0.0,0.0,1.0,1.0,0.0,0.0,1.0,0.0,0.0,0.0,0.0,0.0,0.0,0.0,0.0,0.0,0.0,1.0,0.0,1.0,1.0,0.0
1.1383375382884073,0.18227175190809353,-0.364677477010259,0.18865629627788502,1.6066374131188106,-0.35418948698466474,-0.6513847719133283,-0.9629631614106129,-0.3358111558318982,-0.4004536846666712,0.35348648364664,0.15731167584377098,0.0,0.0,1.0,0.0,0.0,0.0,0.0,0.0,1.0,0.0,1.0,0.0,0.0,0.0,1.0,0.0,0.0,0.0,0.0,0.0,0.0,0.0,0.0,0.0,1.0,0.0,1.0,0.0,0.0
-1.0479565407654459,-0.754870578920615,-1.1017125235721337,-0.2147877001284535,-0.994243781619207,-0.35418948698466474,1.6291746045884776,0.6108870418633914,-0.3358111558318982,-0.35746375414404397,-0.780366851386778,0.2396738097933893,0.0,0.0,1.0,0.0,0.0,0.0,0.0,1.0,0.0,0.0,1.0,0.0,0.0,1.0,0.0,0.0,0.0,0.0,0.0,0.0,0.0,0.0,0.0,0.0,1.0,1.0,0.0,0.0,1.0
-0.5348467058854599,2.4581888410635284,0.7304496278442855,-0.4326474581878763,-0.42538531058425266,-0.35418948698466474,-0.6513847719133283,0.26114255224694605,-0.3358111558318982,-0.09343824710899308,1.189803837146466,0.07494954189415268,0.0,1.0,0.0,0.0,0.0,0.0,0.0,0.0,0.0,1.0,1.0,0.0,0.0,1.0,0.0,0.0,0.0,0.0,0.0,0.0,0.0,0.0,0.0,0.0,0.0,0.0,0.0,1.0,0.0
-0.5655217503619808,-0.4603401320887352,-0.3945940287157226,0.5981519526303185,-0.3674706399911798,-0.35418948698466474,1.6291746045884776,0.4360147970551687,-0.3358111558318982,-0.6953835995874661,-1.5764766398144971,0.5691223455918625,0.0,0.0,1.0,0.0,0.0,0.0,0.0,1.0,0.0,0.0,1.0,0.0,0.0,0.0,1.0,0.0,0.0,0.0,0.0,0.0,0.0,0.0,0.0,0.0,1.0,0.0,1.0,0.0,1.0
0.02288137550582915,-0.0855903017379179,0.3478803908835092,0.5114114934029558,0.33509635197389004,2.187080374788714,0.4888949163375746,0.26114255224694605,-0.3358111558318982,-0.39531733754599585,-0.7361385298074602,-0.4192232618035572,0.0,0.0,1.0,0.0,0.0,0.0,0.0,1.0,0.0,0.0,0.0,1.0,0.0,0.0,0.0,0.0,0.0,0.0,0.0,0.0,0.0,0.0,0.0,0.0,0.0,0.0,1.0,1.0,0.0
-0.8917926779758849,-0.0319322094241827,-0.07639070603033753,-0.38625139860114727,-0.825701686360324,-0.35418948698466474,0.4888949163375746,-0.6132186717941674,-0.3358111558318982,-0.001674600230373147,1.2903227498267336,0.8162087474407175,0.0,1.0,0.0,0.0,0.0,0.0,0.0,1.0,0.0,0.0,0.0,0.0,1.0,0.0,0.0,0.0,0.0,0.0,0.0,0.0,0.0,0.0,0.0,0.0,0.0,0.0,1.0,0.0,1.0
-0.044045994261125536,-0.9958500354194257,-0.7082645405366436,-0.6303350164269823,-0.5082306477599725,-0.35418948698466474,0.4888949163375746,-0.9629631614106129,-0.3358111558318982,-0.3092079887582034,0.31327891857453294,-0.913396065501267,1.0,1.0,0.0,0.0,0.0,0.0,0.0,1.0,0.0,0.0,1.0,0.0,0.0,1.0,0.0,0.0,0.0,0.0,0.0,0.0,0.0,0.0,0.0,0.0,0.0,1.0,0.0,1.0,0.0
-0.5348467058854599,-0.7280950837540805,0.7440480604376781,-0.40238915845740086,-0.4226494878217057,-0.35418948698466474,-0.6513847719133283,-0.08860193736949937,1.4162470485084402,-0.49666307737243026,-1.1341934240213198,0.15731167584377098,0.0,1.0,0.0,0.0,0.0,0.0,0.0,1.0,0.0,0.0,0.0,1.0,0.0,1.0,0.0,0.0,0.0,0.0,0.0,0.0,0.0,0.0,0.0,0.0,1.0,1.0,0.0,1.0,0.0
0.08980874527278383,-0.35323815142259707,1.368669397560841,0.7938222908873924,-0.1916843943187919,-0.35418948698466474,1.6291746045884776,-0.7880909166023902,-0.3358111558318982,0.22596485115149023,1.4551737666223727,-0.7486717976020304,1.0,0.0,0.0,1.0,0.0,0.0,0.0,0.0,0.0,1.0,1.0,0.0,0.0,1.0,0.0,0.0,0.0,0.0,0.0,0.0,0.0,0.0,0.0,0.0,0.0,0.0,1.0,1.0,0.0
-0.20020985705068647,-0.21936067558992442,1.3532578406216633,1.401005505478932,-0.35810719025457516,-0.35418948698466474,-0.6513847719133283,1.3103760210962823,1.4162470485084402,-0.13457218665524182,1.0088697943219844,1.228019417188809,1.0,0.0,0.0,1.0,0.0,0.0,0.0,0.0,1.0,0.0,1.0,0.0,1.0,0.0,0.0,0.0,0.0,0.0,0.0,0.0,0.0,0.0,0.0,0.0,0.0,0.0,1.0,1.0,0.0
-1.0925747872767488,-0.9958500354194257,0.8999767541752457,-0.1865466203800097,-1.0441436474994663,-0.35418948698466474,-0.6513847719133283,-0.7880909166023902,1.4162470485084402,-0.5614501112222932,-1.186463258615059,-0.7486717976020304,0.0,1.0,0.0,0.0,0.0,0.0,0.0,1.0,0.0,0.0,1.0,0.0,0.0,0.0,0.0,0.0,0.0,0.0,0.0,1.0,0.0,0.0,0.0,0.0,1.0,1.0,0.0,0.0,1.0
-0.5348467058854599,-0.1390341900903208,-0.42632370476697173,-1.2233976911442999,-0.4956689826812355,-0.35418948698466474,-0.6513847719133283,-0.9629631614106129,-0.3358111558318982,-0.17415227329103414,-0.6396403736344034,-0.913396065501267,0.0,0.0,0.0,0.0,0.0,0.0,0.0,0.0,0.0,1.0,1.0,0.0,1.0,0.0,0.0,0.0,0.0,0.0,0.0,0.0,0.0,0.0,0.0,0.0,0.0,0.0,1.0,1.0,0.0
0.5806094568971182,0.5839041794061115,-0.6747217401396085,-0.8381086745762465,0.7618076375012954,0.9164454439020248,-0.6513847719133283,-0.26347418217772206,-0.3358111558318982,0.22488578663033995,0.5746280915432286,0.6514844795414808,0.0,0.0,0.0,0.0,0.0,0.0,0.0,1.0,0.0,0.0,1.0,0.0,0.0,1.0,0.0,0.0,0.0,0.0,0.0,0.0,0.0,0.0,0.0,0.0,0.0,0.0,1.0,1.0,0.0
0.02288137550582915,-0.1390341900903208,-0.4997552407712914,-0.06349620147607656,0.25498683756071716,0.9164454439020248,0.4888949163375746,2.3596094899456186,-0.3358111558318982,0.07796036143051763,-0.5712875130118216,0.980933015339954,0.0,0.0,1.0,0.0,0.0,0.0,0.0,1.0,0.0,0.0,0.0,0.0,0.0,1.0,0.0,0.0,0.0,0.0,0.0,0.0,0.0,0.0,0.0,0.0,0.0,0.0,1.0,1.0,0.0
0.8037006894536338,0.008231033325619095,0.47751878160718453,-0.0655134214581082,0.23186720858144652,-0.35418948698466474,-0.6513847719133283,-0.7880909166023902,-0.3358111558318982,0.2571282345223104,1.418986958057476,-0.8310339315516487,1.0,1.0,0.0,0.0,0.0,0.0,0.0,0.0,0.0,1.0,0.0,0.0,1.0,0.0,0.0,0.0,0.0,0.0,0.0,0.0,0.0,0.0,0.0,0.0,0.0,0.0,1.0,1.0,0.0
0.02288137550582915,1.7888014619001653,-0.78713544957832,-0.30757981930191153,-0.41324750537013566,0.9164454439020248,-0.6513847719133283,-0.6132186717941674,-0.3358111558318982,1.73605090463004,0.44194312680527553,0.15731167584377098,1.0,1.0,0.0,0.0,0.0,0.0,0.0,0.0,1.0,0.0,0.0,1.0,1.0,0.0,0.0,0.0,0.0,0.0,0.0,0.0,0.0,0.0,0.0,0.0,1.0,0.0,0.0,1.0,0.0
-0.7579379384419755,-1.0226255305859604,0.022424570814981462,-0.9833485132825285,-0.7167311684380284,-0.35418948698466474,-0.6513847719133283,-0.26347418217772206,-0.3358111558318982,-0.579707882920156,-1.0256329983266308,-0.6663096636524121,0.0,1.0,0.0,0.0,0.0,0.0,0.0,0.0,1.0,0.0,1.0,0.0,0.0,1.0,0.0,0.0,0.0,0.0,0.0,0.0,0.0,0.0,0.0,0.0,1.0,1.0,0.0,0.0,1.0
1.0267919220101493,-0.08548319975725176,1.0151101501326356,-0.30354537933784786,1.366501533454119,2.187080374788714,-0.6513847719133283,-0.4383464269859448,-0.3358111558318982,-0.284864293161053,0.16451092780773713,-0.5839475297027937,0.0,1.0,0.0,0.0,0.0,0.0,0.0,1.0,0.0,0.0,0.0,1.0,0.0,1.0,0.0,0.0,0.0,0.0,0.0,0.0,0.0,0.0,0.0,0.0,1.0,0.0,1.0,1.0,0.0
0.9459213502084125,0.02161878090888636,0.31161790396779593,-0.06349620147607656,0.34341941840642737,-0.35418948698466474,-0.6513847719133283,-0.6132186717941674,-0.3358111558318982,-0.1766988655609488,0.6711262477162857,-0.08977472600508395,1.0,0.0,1.0,0.0,0.0,0.0,0.0,1.0,0.0,0.0,0.0,0.0,0.0,1.0,0.0,0.0,0.0,0.0,0.0,0.0,0.0,0.0,0.0,0.0,0.0,0.0,1.0,1.0,0.0
2.594704990821411,0.7177816552387841,3.355853680541936,-0.7291787955465352,3.2476686780674413,-0.35418948698466474,0.4888949163375746,0.6108870418633914,-0.3358111558318982,7.046429551276498,1.354654853942105,0.07494954189415268,0.0,1.0,0.0,0.0,0.0,0.0,0.0,1.0,0.0,0.0,0.0,1.0,0.0,1.0,0.0,0.0,0.0,0.0,0.0,0.0,0.0,0.0,0.0,0.0,0.0,0.0,0.0,0.0,0.0
1.6960656196796964,2.4581888410635284,-1.182396556959596,-1.0418478927614476,1.9312755367027359,-0.35418948698466474,-0.6513847719133283,-0.4383464269859448,-0.3358111558318982,0.6305277214211538,-0.7884083644011994,-0.0074125920554656355,0.0,0.0,0.0,0.0,0.0,0.0,0.0,0.0,1.0,0.0,1.0,0.0,0.0,1.0,0.0,0.0,0.0,0.0,0.0,0.0,0.0,0.0,0.0,0.0,0.0,0.0,0.0,0.0,0.0
2.2537937010709856,1.0444426962705053,-0.4290433912856504,1.401005505478932,1.8878106342217067,-0.35418948698466474,-0.6513847719133283,-0.4383464269859448,-0.3358111558318982,0.7235862457251541,1.4029039320286336,-0.17213685995470224,1.0,0.0,0.0,1.0,0.0,0.0,0.0,0.0,0.0,1.0,1.0,0.0,1.0,0.0,0.0,0.0,0.0,0.0,0.0,0.0,0.0,0.0,0.0,0.0,1.0,0.0,0.0,0.0,0.0
1.6960656196796964,-0.8351970644202186,1.3641365866963773,1.401005505478932,2.6107614324035007,-0.35418948698466474,-0.6513847719133283,0.6108870418633914,-0.3358111558318982,0.08952793309724864,1.5355888967665867,-0.25449899390432057,0.0,0.0,0.0,1.0,0.0,0.0,0.0,1.0,0.0,0.0,0.0,1.0,0.0,1.0,0.0,0.0,0.0,0.0,0.0,0.0,0.0,0.0,0.0,0.0,1.0,1.0,0.0,0.0,0.0
-0.9810291709984912,-0.6745440934210114,-1.1325356374504902,-0.6666449761035527,-0.9419934201260555,-0.35418948698466474,-0.6513847719133283,-0.7880909166023902,-0.3358111558318982,-0.5109067290516139,-1.2065670411511125,-1.2428446012997403,0.0,1.0,0.0,0.0,0.0,0.0,0.0,1.0,0.0,0.0,1.0,0.0,0.0,0.0,0.0,0.0,0.0,0.0,0.0,1.0,0.0,0.0,0.0,0.0,0.0,1.0,0.0,0.0,1.0
1.6960656196796964,1.349683341168999,-0.11990569032919364,0.40248161437324453,2.324810154644888,-0.35418948698466474,0.4888949163375746,-0.08860193736949937,-0.3358111558318982,0.056594883911742055,-0.20137791434843685,-0.6663096636524121,0.0,0.0,1.0,0.0,0.0,0.0,0.0,1.0,0.0,0.0,0.0,1.0,0.0,1.0,0.0,0.0,0.0,0.0,0.0,0.0,0.0,0.0,0.0,0.0,1.0,0.0,0.0,0.0,0.0
-1.0925747872767488,-1.3974824629174438,0.9752214145253512,0.622358592414699,-1.0065742504081516,-0.35418948698466474,-0.6513847719133283,0.7857592866716141,-0.3358111558318982,-0.2556432259283034,-0.24560623592775463,-0.5015853957531755,0.0,0.0,1.0,0.0,0.0,0.0,0.0,0.0,0.0,1.0,0.0,0.0,0.0,1.0,0.0,0.0,0.0,0.0,0.0,0.0,0.0,0.0,0.0,0.0,0.0,1.0,0.0,0.0,1.0
-1.0925747872767488,-0.8351970644202186,0.28895384964547505,-0.31564869923003813,-1.0500391528891804,-0.35418948698466474,-0.6513847719133283,-1.3127076510270583,-0.3358111558318982,-0.6345675231754362,0.6912300302523392,-0.9957581994508853,0.0,1.0,0.0,0.0,0.0,0.0,0.0,0.0,0.0,1.0,0.0,1.0,0.0,1.0,0.0,0.0,0.0,0.0,0.0,0.0,0.0,0.0,0.0,0.0,0.0,1.0,0.0,0.0,1.0
-0.08866424077242865,-0.1390341900903208,0.9045095650397099,0.28951729537946963,-0.4162915898524064,0.9164454439020248,0.4888949163375746,-0.08860193736949937,-0.3358111558318982,-0.5446598672731948,-0.3018968270287044,-0.17213685995470224,1.0,0.0,1.0,0.0,0.0,0.0,0.0,1.0,0.0,0.0,0.0,0.0,0.0,0.0,1.0,0.0,0.0,0.0,0.0,0.0,0.0,0.0,0.0,0.0,1.0,0.0,1.0,1.0,0.0
0.3575182243406026,-0.35323815142259707,-0.4517074456079712,0.18865629627788502,-0.0717705853463081,-0.35418948698466474,-0.6513847719133283,1.3103760210962823,-0.3358111558318982,0.008425443687593487,-0.780366851386778,0.2396738097933893,1.0,0.0,1.0,0.0,0.0,0.0,0.0,1.0,0.0,0.0,1.0,0.0,0.0,1.0,0.0,0.0,0.0,0.0,0.0,0.0,0.0,0.0,0.0,0.0,1.0,0.0,1.0,1.0,0.0
0.5806094568971182,0.18227175190809353,0.5736143719338253,0.36213721473261046,0.14204744999698002,-0.35418948698466474,0.4888949163375746,0.7857592866716141,-0.3358111558318982,0.4544243915694278,1.314447288869998,0.7338466134910991,1.0,0.0,1.0,0.0,0.0,0.0,0.0,1.0,0.0,0.0,1.0,0.0,1.0,0.0,0.0,0.0,0.0,0.0,0.0,0.0,0.0,0.0,0.0,0.0,1.0,0.0,1.0,1.0,0.0
0.5806094568971182,-1.8258903855819961,20.36749285487598,2.67387131414093,0.6362680521438556,-0.35418948698466474,-0.6513847719133283,-0.4383464269859448,-0.3358111558318982,-0.22987516516323467,0.341424214125008,0.15731167584377098,1.0,0.0,0.0,0.0,1.0,0.0,0.0,1.0,0.0,0.0,0.0,0.0,1.0,0.0,0.0,0.0,0.0,0.0,0.0,0.0,0.0,0.0,0.0,0.0,0.0,1.0,0.0,1.0,0.0
-0.12491656606286244,-0.6871285761492827,0.03149019254390994,0.9108210498452309,0.20836225245252127,-0.35418948698466474,1.6291746045884776,-0.6132186717941674,-0.3358111558318982,-0.5906711784550428,0.5665865785288071,-0.25449899390432057,0.0,0.0,0.0,1.0,0.0,0.0,0.0,0.0,1.0,0.0,1.0,0.0,0.0,1.0,0.0,0.0,0.0,0.0,0.0,0.0,0.0,0.0,0.0,0.0,0.0,1.0,0.0,1.0,0.0
2.2537937010709856,2.4581888410635284,-0.8233979364940335,-1.0216756929411306,2.5402850967316897,-0.35418948698466474,-0.6513847719133283,2.009865000329173,-0.3358111558318982,0.35976885177412515,1.3184680453772086,1.8045543548361371,0.0,0.0,0.0,0.0,0.0,0.0,0.0,1.0,0.0,0.0,1.0,0.0,0.0,1.0,0.0,0.0,0.0,0.0,0.0,0.0,0.0,0.0,0.0,0.0,1.0,0.0,0.0,0.0,0.0
0.8037006894536338,0.20636969755797463,-0.15254192855333565,0.2511901157208676,1.2243928806615356,-0.35418948698466474,3.9097339810902834,0.9606315314798368,-0.3358111558318982,-0.2203793973771122,0.6550432216874427,1.8045543548361371,0.0,0.0,1.0,0.0,0.0,0.0,0.0,1.0,0.0,0.0,1.0,0.0,0.0,1.0,0.0,0.0,0.0,0.0,0.0,0.0,0.0,0.0,0.0,0.0,0.0,0.0,1.0,1.0,0.0
1.1383375382884073,-0.3264626562560625,0.9725017280066725,0.7938222908873924,1.748746065911394,-0.35418948698466474,-0.6513847719133283,0.4360147970551687,1.4162470485084402,0.8438803585429874,0.7957696994398172,-0.0074125920554656355,0.0,0.0,0.0,1.0,0.0,0.0,0.0,1.0,0.0,0.0,0.0,0.0,0.0,1.0,0.0,0.0,0.0,0.0,0.0,0.0,0.0,0.0,0.0,0.0,1.0,0.0,1.0,0.0,0.0
0.19577708073712877,-0.299687161089528,-0.5169799220562552,1.9880165202501547,0.7803033406847117,0.9164454439020248,0.4888949163375746,-0.26347418217772206,-0.3358111558318982,-0.5963254765458703,-0.5954120520550856,-0.08977472600508395,0.0,0.0,0.0,0.0,1.0,0.0,0.0,1.0,0.0,0.0,0.0,0.0,0.0,1.0,0.0,0.0,0.0,0.0,0.0,0.0,0.0,0.0,0.0,0.0,0.0,0.0,1.0,1.0,0.0
-0.6463923221637177,1.2532915585694748,-0.23413252411369068,0.652616892145174,-0.46106660464226057,-0.35418948698466474,-0.6513847719133283,-0.08860193736949937,-0.3358111558318982,-0.6627095258870356,-1.524206805220758,-0.5015853957531755,0.0,0.0,0.0,1.0,0.0,0.0,0.0,1.0,0.0,0.0,0.0,1.0,0.0,1.0,0.0,0.0,0.0,0.0,0.0,0.0,0.0,0.0,0.0,0.0,1.0,0.0,0.0,0.0,1.0
1.0267919220101493,0.8516591310714567,-0.5523358467990759,0.39037829448105427,1.5200929353064072,-0.35418948698466474,-0.6513847719133283,-0.9629631614106129,1.4162470485084402,0.13294948942833598,1.8773531998794966,1.1456572832391907,0.0,0.0,1.0,0.0,0.0,0.0,0.0,1.0,0.0,0.0,0.0,1.0,0.0,0.0,1.0,0.0,0.0,0.0,0.0,0.0,0.0,0.0,0.0,0.0,1.0,0.0,0.0,1.0,0.0
1.4729743871231806,2.4581888410635284,-0.04647415432487413,0.059554217427856576,1.9682284103546033,3.457715305675404,-0.6513847719133283,0.26114255224694605,-0.3358111558318982,0.7155148431069499,1.6079625138963793,0.4867602116422442,0.0,0.0,1.0,0.0,0.0,0.0,0.0,0.0,0.0,1.0,1.0,0.0,0.0,1.0,0.0,0.0,0.0,0.0,0.0,0.0,0.0,0.0,0.0,0.0,0.0,0.0,0.0,0.0,0.0
-0.9810291709984912,-0.8351970644202186,-1.1561062539457039,-1.5602734281435924,-0.9890418650988713,-0.35418948698466474,-0.6513847719133283,1.3103760210962823,-0.3358111558318982,-0.7113105919196443,-2.014739099100464,0.2396738097933893,0.0,0.0,0.0,0.0,0.0,0.0,0.0,1.0,0.0,0.0,0.0,0.0,1.0,0.0,0.0,0.0,0.0,0.0,0.0,0.0,0.0,0.0,0.0,0.0,1.0,1.0,0.0,0.0,1.0
-0.08866424077242865,-0.1390341900903208,0.5446043824012545,-1.0821922924020813,-0.0025272965533926096,-0.35418948698466474,-0.6513847719133283,-0.26347418217772206,1.4162470485084402,-0.3062729332606746,-0.36220817463686494,-0.08977472600508395,0.0,0.0,0.0,0.0,0.0,0.0,0.0,0.0,0.0,1.0,1.0,0.0,1.0,0.0,0.0,0.0,0.0,0.0,0.0,0.0,0.0,0.0,0.0,0.0,0.0,0.0,1.0,1.0,0.0
0.02288137550582915,0.4500267035734388,-0.595850831097932,-0.2147877001284535,-0.3998381205621586,-0.35418948698466474,0.4888949163375746,-0.26347418217772206,-0.3358111558318982,0.604630172913547,0.1564694147933156,1.6398300869369005,1.0,1.0,0.0,0.0,0.0,0.0,0.0,1.0,0.0,0.0,0.0,1.0,0.0,0.0,1.0,0.0,0.0,0.0,0.0,0.0,0.0,0.0,0.0,0.0,1.0,0.0,1.0,1.0,0.0
-0.4372442916419843,-0.5674421127548733,-0.43629588866879304,-1.5602734281435924,-0.42334307669108384,-0.35418948698466474,-0.6513847719133283,-1.487579895835281,-0.3358111558318982,0.3542440414258357,1.459194523129583,-1.160482467350122,0.0,0.0,0.0,0.0,0.0,0.0,0.0,0.0,1.0,0.0,1.0,0.0,1.0,0.0,0.0,0.0,0.0,0.0,0.0,0.0,0.0,0.0,0.0,0.0,0.0,0.0,1.0,1.0,0.0
1.6960656196796964,1.6816994812340271,-0.16886004766540666,1.3445233459820445,1.3593729811855106,-0.35418948698466474,0.4888949163375746,-0.4383464269859448,-0.3358111558318982,2.3739506869532407,1.5999210008819578,-0.33686112785393885,1.0,0.0,0.0,1.0,0.0,0.0,0.0,0.0,1.0,0.0,0.0,1.0,0.0,1.0,0.0,0.0,0.0,0.0,0.0,0.0,0.0,0.0,0.0,0.0,0.0,0.0,0.0,0.0,0.0
-0.20020985705068647,-0.19258518042338987,-0.08454976558637303,-1.3746891897966766,-0.15588750211588775,-0.35418948698466474,0.4888949163375746,0.26114255224694605,-0.3358111558318982,-0.17350483457834398,-0.3782912006657077,0.6514844795414808,0.0,0.0,0.0,0.0,0.0,0.0,0.0,1.0,0.0,0.0,0.0,0.0,1.0,0.0,0.0,0.0,0.0,0.0,0.0,0.0,0.0,0.0,0.0,0.0,1.0,0.0,1.0,1.0,0.0
1.0267919220101493,0.9319856165710604,-0.398220277407294,1.2053351672218582,0.7151830523930995,-0.35418948698466474,-0.6513847719133283,-0.26347418217772206,-0.3358111558318982,0.06423466072148605,0.6429809521658106,-0.6663096636524121,1.0,0.0,0.0,1.0,0.0,0.0,0.0,1.0,0.0,0.0,0.0,1.0,0.0,1.0,0.0,0.0,0.0,0.0,0.0,0.0,0.0,0.0,0.0,0.0,1.0,0.0,0.0,1.0,0.0
-0.9810291709984912,-0.8887480547532877,-0.4462680725706142,-0.07358230138623516,-0.9097415376999729,-0.35418948698466474,0.4888949163375746,-0.4383464269859448,-0.3358111558318982,-0.5130216955130685,0.48617144838459336,-0.913396065501267,0.0,0.0,1.0,0.0,0.0,0.0,0.0,0.0,0.0,1.0,1.0,0.0,1.0,0.0,0.0,0.0,0.0,0.0,0.0,0.0,0.0,0.0,0.0,0.0,0.0,1.0,0.0,0.0,1.0
-0.5348467058854599,-0.6209931030879423,-0.463492753855578,1.2053351672218582,-0.6850572767364277,-0.35418948698466474,1.6291746045884776,-0.26347418217772206,-0.3358111558318982,-0.6008575475347014,-1.508123779191915,-0.17213685995470224,1.0,0.0,0.0,1.0,0.0,0.0,0.0,1.0,0.0,0.0,1.0,0.0,1.0,0.0,0.0,0.0,0.0,0.0,0.0,0.0,0.0,0.0,0.0,0.0,1.0,0.0,1.0,1.0,0.0
-0.7579379384419755,-0.045319957007449965,0.19195169714594168,-0.31564869923003813,-0.6688735364509383,-0.35418948698466474,0.4888949163375746,0.6108870418633914,1.4162470485084402,-0.5177695794061298,-1.5362690747423902,-0.17213685995470224,0.0,1.0,0.0,0.0,0.0,0.0,0.0,0.0,0.0,1.0,0.0,1.0,0.0,0.0,0.0,0.0,0.0,0.0,1.0,0.0,0.0,0.0,0.0,0.0,1.0,0.0,1.0,0.0,1.0
-0.8694835547202333,-0.9690745402528912,0.41496599167757914,-0.7533854353309154,-0.8235823870372243,-0.35418948698466474,0.4888949163375746,0.08627030743872333,-0.3358111558318982,0.2461649389874235,0.07605428464910158,1.3103815511384274,0.0,0.0,0.0,0.0,0.0,0.0,0.0,0.0,0.0,1.0,0.0,0.0,1.0,0.0,0.0,0.0,0.0,0.0,0.0,0.0,0.0,0.0,0.0,0.0,0.0,1.0,0.0,0.0,1.0
0.3575182243406026,0.4500267035734388,0.21733543798694085,-0.7836437350613908,-0.23977322259567493,-0.35418948698466474,-0.6513847719133283,0.08627030743872333,-0.3358111558318982,0.3154840438261176,-0.5511837304757681,-0.25449899390432057,1.0,1.0,0.0,0.0,0.0,0.0,0.0,1.0,0.0,0.0,0.0,0.0,0.0,1.0,0.0,0.0,0.0,0.0,0.0,0.0,0.0,0.0,0.0,0.0,0.0,0.0,1.0,1.0,0.0
-0.8137107465811044,-0.0319322094241827,-0.3547052931084379,-0.7856609550434225,-0.7641264078455333,0.9164454439020248,0.4888949163375746,0.4360147970551687,-0.3358111558318982,-0.40127377370274536,-0.7441800428218817,0.3220359437430076,0.0,1.0,0.0,0.0,0.0,0.0,0.0,0.0,0.0,1.0,1.0,0.0,1.0,0.0,0.0,0.0,0.0,0.0,0.0,0.0,0.0,0.0,0.0,0.0,0.0,0.0,1.0,0.0,1.0
0.3575182243406026,-0.8887480547532877,1.1583469734497038,0.9955442890905617,0.0756170493965423,-0.35418948698466474,-0.6513847719133283,0.08627030743872333,-0.3358111558318982,0.017273772761025794,-0.3581874181296542,-0.6663096636524121,1.0,0.0,0.0,1.0,0.0,0.0,0.0,1.0,0.0,0.0,1.0,0.0,0.0,1.0,0.0,0.0,0.0,0.0,0.0,0.0,0.0,0.0,0.0,0.0,0.0,1.0,0.0,1.0,0.0
-0.5348467058854599,-0.37398916017666134,-0.3003115627348678,-0.30354537933784786,-0.4137098979497211,-0.35418948698466474,-0.6513847719133283,-0.4383464269859448,-0.3358111558318982,-0.6532569206817591,-1.1261519110068985,-0.17213685995470224,0.0,1.0,0.0,0.0,0.0,0.0,0.0,0.0,0.0,1.0,1.0,0.0,1.0,0.0,0.0,0.0,0.0,0.0,0.0,0.0,0.0,0.0,0.0,0.0,1.0,0.0,1.0,1.0,0.0
0.13442699178408696,0.7177816552387841,0.23365355709901217,-0.9833485132825285,0.2518271549335502,-0.35418948698466474,-0.6513847719133283,-0.7880909166023902,-0.3358111558318982,-0.009789165429423263,1.27021896729068,0.4867602116422442,0.0,1.0,0.0,0.0,0.0,0.0,0.0,1.0,0.0,0.0,1.0,0.0,1.0,0.0,0.0,0.0,0.0,0.0,0.0,0.0,0.0,0.0,0.0,0.0,0.0,0.0,0.0,1.0,0.0
-0.9810291709984912,-0.9422990450863568,0.17835326455254896,-0.08770284126045706,-0.910512191999282,-0.35418948698466474,-0.6513847719133283,1.1355037762880595,-0.3358111558318982,0.003936535279608317,-0.16519110578354057,0.3220359437430076,0.0,0.0,1.0,0.0,0.0,0.0,0.0,0.0,0.0,1.0,0.0,1.0,1.0,0.0,0.0,0.0,0.0,0.0,0.0,0.0,0.0,0.0,0.0,0.0,1.0,1.0,0.0,0.0,1.0
-0.6463923221637177,-0.1390341900903208,-0.8460619908163544,-1.2072599312880463,-0.6133478941857232,-0.35418948698466474,-0.6513847719133283,-1.487579895835281,-0.3358111558318982,-0.679672420159518,-1.5161652922063367,-0.4192232618035572,0.0,0.0,0.0,0.0,0.0,0.0,0.0,1.0,0.0,0.0,0.0,0.0,0.0,0.0,1.0,0.0,0.0,0.0,0.0,0.0,0.0,0.0,0.0,0.0,1.0,0.0,1.0,0.0,1.0
1.6960656196796964,0.48654847898059195,-0.5178864842291481,-0.31564869923003813,2.126135476283022,-0.35418948698466474,-0.6513847719133283,-0.6132186717941674,-0.3358111558318982,0.11961225194691849,0.30523740556011175,-1.0781203334005036,0.0,1.0,0.0,0.0,0.0,0.0,0.0,0.0,0.0,1.0,1.0,0.0,0.0,1.0,0.0,0.0,0.0,0.0,0.0,0.0,0.0,0.0,0.0,0.0,1.0,0.0,1.0,0.0,0.0
-0.40099196635155054,-1.102952016085564,0.14843671284708557,0.28951729537946963,-0.1999689280363638,-0.35418948698466474,1.6291746045884776,-0.9629631614106129,-0.3358111558318982,-0.6655582562228723,-1.7493691696245572,-1.407568869198977,0.0,0.0,1.0,0.0,0.0,0.0,0.0,0.0,0.0,1.0,0.0,1.0,0.0,1.0,0.0,0.0,0.0,0.0,0.0,0.0,0.0,0.0,0.0,0.0,1.0,1.0,0.0,1.0,0.0
-0.5348467058854599,-0.6209931030879423,-1.3990649162809836,-0.9409868936598628,-0.470853914243485,-0.35418948698466474,-0.6513847719133283,-1.487579895835281,-0.3358111558318982,-0.42846619963573246,-0.036526897552797984,-1.489931003148595,0.0,0.0,0.0,0.0,0.0,0.0,0.0,0.0,0.0,1.0,0.0,0.0,1.0,0.0,0.0,0.0,0.0,0.0,0.0,0.0,0.0,0.0,0.0,0.0,1.0,0.0,1.0,1.0,0.0
0.7590824429423307,1.7888014619001653,-0.7644713952559993,-0.5859561768222848,0.0892961632092775,-0.35418948698466474,0.4888949163375746,-0.4383464269859448,-0.3358111558318982,0.2803065404366184,-0.3260213660719687,0.3220359437430076,1.0,1.0,0.0,0.0,0.0,0.0,0.0,1.0,0.0,0.0,1.0,0.0,0.0,1.0,0.0,0.0,0.0,0.0,0.0,0.0,0.0,0.0,0.0,0.0,1.0,0.0,0.0,1.0,0.0
2.2537937010709856,1.2238385138862868,-0.26042282712758297,0.10796749699661724,2.897252168171629,-0.35418948698466474,0.4888949163375746,0.26114255224694605,1.4162470485084402,0.40694555263881543,0.23688454493752967,-0.17213685995470224,0.0,0.0,1.0,0.0,0.0,0.0,0.0,1.0,0.0,0.0,0.0,1.0,0.0,1.0,0.0,0.0,0.0,0.0,0.0,0.0,0.0,0.0,0.0,0.0,0.0,0.0,0.0,0.0,0.0
0.5136820871301635,0.36123916160121033,-0.7526860870083925,0.9955442890905617,0.21256231838375533,0.9164454439020248,-0.6513847719133283,-0.4383464269859448,1.4162470485084402,-0.43338673385217774,0.6992715432667608,0.40439807769262587,1.0,0.0,0.0,1.0,0.0,0.0,0.0,1.0,0.0,0.0,0.0,0.0,0.0,1.0,0.0,0.0,0.0,0.0,0.0,0.0,0.0,0.0,0.0,0.0,0.0,0.0,1.0,1.0,0.0
-0.4233010896072021,-1.2903804822513056,0.9117620624228524,0.18663907629585336,-0.6994685121335064,-0.35418948698466474,-0.6513847719133283,0.26114255224694605,-0.3358111558318982,-0.6176909540646458,-1.1100688849780558,-0.8310339315516487,1.0,0.0,1.0,0.0,0.0,0.0,0.0,0.0,1.0,0.0,0.0,1.0,0.0,0.0,0.0,0.0,0.0,0.0,0.0,0.0,0.0,0.0,0.0,0.0,0.0,1.0,0.0,1.0,0.0
0.2710703717249528,1.6549239860674927,-0.2522637675715476,-0.08770284126045706,-0.18798525368210867,0.9164454439020248,5.050013669341187,-0.26347418217772206,-0.3358111558318982,0.4861057259104001,-0.1209627842042228,1.7221922208865188,1.0,0.0,1.0,0.0,0.0,0.0,0.0,1.0,0.0,0.0,0.0,1.0,0.0,1.0,0.0,0.0,0.0,0.0,0.0,0.0,0.0,0.0,0.0,0.0,0.0,0.0,0.0,1.0,0.0
-1.0925747872767488,-1.263604987084771,1.1592535356225964,0.713133491606125,-1.0022971190469865,-0.35418948698466474,0.4888949163375746,-0.6132186717941674,1.4162470485084402,-0.6011596856006235,0.9324754206849813,-0.7486717976020304,0.0,0.0,0.0,1.0,0.0,0.0,0.0,0.0,0.0,1.0,0.0,1.0,0.0,1.0,0.0,0.0,0.0,0.0,0.0,0.0,0.0,0.0,0.0,0.0,0.0,1.0,0.0,0.0,1.0
1.1383375382884073,-0.4871156272552697,0.4575744138035423,-0.9409868936598628,1.350780185748215,-0.35418948698466474,0.4888949163375746,0.4360147970551687,-0.3358111558318982,-0.009875490591115286,-0.6919102082281426,1.9692786227353738,0.0,1.0,0.0,0.0,0.0,0.0,0.0,0.0,0.0,1.0,0.0,1.0,0.0,1.0,0.0,0.0,0.0,0.0,0.0,0.0,0.0,0.0,0.0,0.0,1.0,0.0,1.0,0.0,0.0
1.0267919220101493,0.4500267035734388,1.3632300245234845,0.28951729537946963,0.49011346427989944,-0.35418948698466474,0.4888949163375746,-0.26347418217772206,-0.3358111558318982,-0.10927891427947922,0.6067941436009141,0.07494954189415268,1.0,0.0,1.0,0.0,0.0,0.0,0.0,1.0,0.0,0.0,1.0,0.0,0.0,1.0,0.0,0.0,0.0,0.0,0.0,0.0,0.0,0.0,0.0,0.0,1.0,0.0,1.0,1.0,0.0
0.5359912103858151,-0.2729116659229935,0.23093387058033357,0.18865629627788502,0.07164817975510074,-0.35418948698466474,-0.6513847719133283,-0.6132186717941674,-0.3358111558318982,-0.12710506016888187,-0.9693424072256811,-0.33686112785393885,1.0,0.0,1.0,0.0,0.0,0.0,0.0,1.0,0.0,0.0,0.0,0.0,0.0,1.0,0.0,0.0,0.0,0.0,0.0,0.0,0.0,0.0,0.0,0.0,0.0,0.0,1.0,1.0,0.0
0.30174541620147366,0.24921048982442986,0.66789683791468,-0.7836437350613908,0.4644121433979437,-0.35418948698466474,0.4888949163375746,0.08627030743872333,-0.3358111558318982,1.07661299446468,0.5424620394855432,-0.4192232618035572,0.0,1.0,0.0,0.0,0.0,0.0,0.0,1.0,0.0,0.0,0.0,0.0,1.0,0.0,0.0,0.0,0.0,0.0,0.0,0.0,0.0,0.0,0.0,0.0,0.0,0.0,1.0,1.0,0.0
-0.47907389774633097,-1.3439314725843747,0.03783612775415981,-0.06349620147607656,-0.7700604459502127,-0.35418948698466474,-0.6513847719133283,0.6108870418633914,-0.3358111558318982,-0.35707529091642987,-0.808512146937253,-0.17213685995470224,1.0,0.0,1.0,0.0,0.0,0.0,0.0,0.0,0.0,1.0,0.0,0.0,1.0,0.0,0.0,0.0,0.0,0.0,0.0,0.0,0.0,0.0,0.0,0.0,0.0,1.0,0.0,1.0,0.0
1.1383375382884073,0.16888400432482628,-1.0708894096937773,-0.7009377157980914,0.34164691351801646,-0.35418948698466474,0.4888949163375746,-0.26347418217772206,-0.3358111558318982,-0.13206875696617315,-1.4035841100044368,-0.08977472600508395,1.0,1.0,0.0,0.0,0.0,0.0,0.0,1.0,0.0,0.0,0.0,0.0,0.0,0.0,1.0,0.0,0.0,0.0,0.0,0.0,0.0,0.0,0.0,0.0,0.0,0.0,1.0,0.0,0.0
-0.8081334657671916,-1.3633704820752788,-0.755405773527071,1.3989882854969002,-0.6042541734538767,-0.35418948698466474,0.4888949163375746,-0.4383464269859448,1.4162470485084402,-0.5270063717071761,0.4137978312548005,-0.5839475297027937,0.0,0.0,0.0,0.0,1.0,0.0,0.0,0.0,1.0,0.0,0.0,1.0,0.0,0.0,1.0,0.0,0.0,0.0,0.0,0.0,0.0,0.0,0.0,0.0,1.0,1.0,0.0,0.0,1.0
-0.7579379384419755,2.4581888410635284,1.4647649878874818,1.4796770847781684,-0.5335081087773084,-0.35418948698466474,-0.6513847719133283,0.9606315314798368,-0.3358111558318982,15.054253687894429,1.2983642628411551,1.3103815511384274,0.0,0.0,0.0,1.0,0.0,0.0,0.0,1.0,0.0,0.0,1.0,0.0,0.0,1.0,0.0,0.0,0.0,0.0,0.0,0.0,0.0,0.0,0.0,0.0,1.0,0.0,0.0,0.0,1.0
1.4729743871231806,-0.19258518042338987,0.8238255316522475,0.5981519526303185,2.1089498854084305,3.457715305675404,0.4888949163375746,-0.9629631614106129,-0.3358111558318982,-0.5345598233552281,-0.36220817463686494,2.1340028906346102,0.0,0.0,1.0,0.0,0.0,0.0,0.0,0.0,1.0,0.0,0.0,1.0,0.0,1.0,0.0,0.0,0.0,0.0,0.0,0.0,0.0,0.0,0.0,0.0,0.0,0.0,1.0,0.0,0.0
-0.7579379384419755,-1.0226255305859604,0.07047236597830181,-0.7190926956363767,-0.6979657362498537,-0.35418948698466474,-0.6513847719133283,-0.26347418217772206,-0.3358111558318982,-0.3695492767809271,0.5183375004422789,-0.25449899390432057,0.0,1.0,0.0,0.0,0.0,0.0,0.0,0.0,0.0,1.0,1.0,0.0,0.0,1.0,0.0,0.0,0.0,0.0,0.0,0.0,0.0,0.0,0.0,0.0,0.0,1.0,0.0,0.0,1.0
0.3575182243406026,1.3871690344021474,-0.7182367244384646,0.25724177566696255,0.6963790874899595,-0.35418948698466474,0.4888949163375746,-0.08860193736949937,-0.3358111558318982,0.07804668659220965,1.5034228447089013,0.15731167584377098,0.0,0.0,1.0,0.0,0.0,0.0,0.0,1.0,0.0,0.0,1.0,0.0,0.0,1.0,0.0,0.0,0.0,0.0,0.0,0.0,0.0,0.0,0.0,0.0,1.0,0.0,0.0,1.0,0.0
-0.780247061697627,-0.6745440934210114,-0.3302281144403314,-0.06349620147607656,-0.6763488831542358,-0.35418948698466474,2.7694542928393804,2.3596094899456186,1.4162470485084402,-0.4335593841755618,-1.266878388759273,2.6281756943323202,0.0,0.0,1.0,0.0,0.0,0.0,0.0,0.0,0.0,1.0,0.0,1.0,0.0,1.0,0.0,0.0,0.0,0.0,0.0,0.0,0.0,0.0,0.0,0.0,1.0,1.0,0.0,0.0,1.0
0.3575182243406026,0.664230664905715,-0.6556839345088591,0.28951729537946963,0.7017736675851225,-0.35418948698466474,2.7694542928393804,-0.26347418217772206,-0.3358111558318982,-0.11566697624468888,0.7073130562811817,2.298727158533847,0.0,0.0,1.0,0.0,0.0,0.0,0.0,1.0,0.0,0.0,0.0,0.0,1.0,0.0,0.0,0.0,0.0,0.0,0.0,0.0,0.0,0.0,0.0,0.0,0.0,0.0,1.0,1.0,0.0
-0.9810291709984912,-0.8887480547532877,0.6769624596436081,-0.06349620147607656,-0.9091635469754912,-0.35418948698466474,-0.6513847719133283,0.4360147970551687,-0.3358111558318982,-0.5255388439584118,-1.0457367808626843,-0.6663096636524121,0.0,0.0,1.0,0.0,0.0,0.0,0.0,1.0,0.0,0.0,0.0,0.0,0.0,0.0,0.0,0.0,0.0,0.0,0.0,0.0,0.0,0.0,0.0,0.0,0.0,1.0,0.0,0.0,1.0
-0.5348467058854599,-1.0065602334860395,0.4648269111866848,2.2240312581478623,-0.574969310080134,0.9164454439020248,1.6291746045884776,0.08627030743872333,1.4162470485084402,-0.2582329807790641,0.07203352814189082,-0.7486717976020304,1.0,0.0,0.0,0.0,0.0,1.0,0.0,0.0,0.0,1.0,0.0,1.0,0.0,1.0,0.0,0.0,0.0,0.0,0.0,0.0,0.0,0.0,0.0,0.0,0.0,1.0,0.0,1.0,0.0
1.1383375382884073,-0.754870578920615,1.226339136416666,0.622358592414699,0.6645125322135315,-0.35418948698466474,0.4888949163375746,0.08627030743872333,-0.3358111558318982,-0.6112165669377442,-1.6609125264659217,-0.5015853957531755,1.0,0.0,1.0,0.0,0.0,0.0,0.0,0.0,0.0,1.0,1.0,0.0,0.0,1.0,0.0,0.0,0.0,0.0,0.0,0.0,0.0,0.0,0.0,0.0,0.0,1.0,0.0,0.0,0.0
-0.31175547332894427,-0.24613617075645894,-0.3193493683656173,0.1241052568528708,-0.11230700148996257,-0.35418948698466474,2.7694542928393804,-1.1378354062188356,-0.3358111558318982,-0.49774214189358057,1.125471733031095,-0.0074125920554656355,0.0,0.0,1.0,0.0,0.0,0.0,0.0,1.0,0.0,0.0,1.0,0.0,1.0,0.0,0.0,0.0,0.0,0.0,0.0,0.0,0.0,0.0,0.0,0.0,0.0,0.0,1.0,1.0,0.0
-0.5348467058854599,-0.4603401320887352,-0.4979421164255058,0.39037829448105427,-0.7687888663563529,3.457715305675404,-0.6513847719133283,-0.6132186717941674,-0.3358111558318982,-0.4561334139580257,0.12028260622841935,0.6514844795414808,1.0,0.0,1.0,0.0,0.0,0.0,0.0,1.0,0.0,0.0,0.0,1.0,0.0,1.0,0.0,0.0,0.0,0.0,0.0,0.0,0.0,0.0,0.0,0.0,0.0,0.0,1.0,1.0,0.0
0.5806094568971182,2.4581888410635284,0.12395953417897906,-0.7836437350613908,0.7714793489576236,-0.35418948698466474,-0.6513847719133283,0.9606315314798368,-0.3358111558318982,0.8938194645818225,1.4752775491584262,0.3220359437430076,0.0,1.0,0.0,0.0,0.0,0.0,0.0,1.0,0.0,0.0,1.0,0.0,1.0,0.0,0.0,0.0,0.0,0.0,0.0,0.0,0.0,0.0,0.0,0.0,0.0,0.0,0.0,1.0,0.0
0.5806094568971182,1.8959034425663035,0.6814952705080725,0.025261477733317817,0.07530878767681876,0.9164454439020248,-0.6513847719133283,0.26114255224694605,-0.3358111558318982,0.6973865591516252,1.7084814265766468,0.6514844795414808,1.0,0.0,1.0,0.0,0.0,0.0,0.0,1.0,0.0,0.0,0.0,1.0,0.0,1.0,0.0,0.0,0.0,0.0,0.0,0.0,0.0,0.0,0.0,0.0,1.0,0.0,0.0,1.0,0.0
-0.5348467058854599,-0.754870578920615,-0.19968316154376303,1.701571282801654,-0.22382067859997823,-0.35418948698466474,1.6291746045884776,0.4360147970551687,15.432712683231147,-0.3440833540817805,0.433901613790854,0.3220359437430076,0.0,0.0,0.0,1.0,0.0,0.0,0.0,1.0,0.0,0.0,1.0,0.0,0.0,1.0,0.0,0.0,0.0,0.0,0.0,0.0,0.0,0.0,0.0,0.0,0.0,1.0,0.0,1.0,0.0
0.5806094568971182,0.18227175190809353,-0.03468884607726705,0.5921002926842235,1.0237530338364316,-0.35418948698466474,0.4888949163375746,-0.26347418217772206,-0.3358111558318982,-0.15136243060434018,-0.36220817463686494,0.3220359437430076,0.0,0.0,1.0,0.0,0.0,0.0,0.0,1.0,0.0,0.0,0.0,1.0,0.0,0.0,0.0,0.0,0.0,0.0,0.0,1.0,0.0,0.0,0.0,0.0,1.0,0.0,1.0,1.0,0.0
0.46906384061886036,-0.9222174237114558,0.9924460958103147,0.32179281509197677,0.04301837253577055,-0.35418948698466474,-0.6513847719133283,0.08627030743872333,-0.3358111558318982,0.1840971477308593,-0.08879673214653729,-0.0074125920554656355,1.0,0.0,1.0,0.0,0.0,0.0,0.0,0.0,0.0,1.0,0.0,1.0,0.0,1.0,0.0,0.0,0.0,0.0,0.0,0.0,0.0,0.0,0.0,0.0,0.0,1.0,0.0,1.0,0.0
-0.5348467058854599,-1.0226255305859604,0.9652492306235296,-0.2147877001284535,-0.40561802780697626,0.9164454439020248,0.4888949163375746,0.26114255224694605,-0.3358111558318982,-0.4821604502081705,-0.6838686952137212,1.228019417188809,0.0,1.0,0.0,0.0,0.0,0.0,0.0,1.0,0.0,0.0,0.0,0.0,0.0,1.0,0.0,0.0,0.0,0.0,0.0,0.0,0.0,0.0,0.0,0.0,0.0,1.0,0.0,1.0,0.0
-0.9810291709984912,-1.0226255305859604,1.1492813517207752,-0.7836437350613908,-0.9482357199504585,-0.35418948698466474,-0.6513847719133283,-0.9629631614106129,1.4162470485084402,-0.4623488255998513,1.1857830806392555,-0.9957581994508853,0.0,1.0,0.0,0.0,0.0,0.0,0.0,0.0,1.0,0.0,1.0,0.0,1.0,0.0,0.0,0.0,0.0,0.0,0.0,0.0,0.0,0.0,0.0,0.0,0.0,1.0,0.0,0.0,1.0
-1.0925747872767488,-0.9958500354194257,1.407651570995233,-0.533508457289461,-1.0598649952053703,-0.35418948698466474,-0.6513847719133283,0.26114255224694605,-0.3358111558318982,-0.4339478474031759,-0.12900429721864431,-0.33686112785393885,0.0,1.0,0.0,0.0,0.0,0.0,0.0,0.0,0.0,1.0,0.0,1.0,1.0,0.0,0.0,0.0,0.0,0.0,0.0,0.0,0.0,0.0,0.0,0.0,0.0,1.0,0.0,0.0,1.0
2.594704990821411,0.18227175190809353,-0.2966853140432964,0.10191583705052229,1.830512487068081,-0.35418948698466474,-0.6513847719133283,0.6108870418633914,-0.3358111558318982,-0.2747210866622404,-0.14508732324748708,-0.33686112785393885,1.0,0.0,1.0,0.0,0.0,0.0,0.0,1.0,0.0,0.0,1.0,0.0,0.0,0.0,0.0,0.0,0.0,1.0,0.0,0.0,0.0,0.0,0.0,0.0,0.0,0.0,1.0,0.0,0.0
-0.9810291709984912,0.04839427607542089,-0.12987787423101477,-0.9409868936598628,-0.9566358518129269,-0.35418948698466474,-0.6513847719133283,0.26114255224694605,-0.3358111558318982,-0.4402495842066935,-0.6718064256920891,0.4867602116422442,0.0,0.0,0.0,0.0,0.0,0.0,0.0,1.0,0.0,0.0,0.0,0.0,0.0,1.0,0.0,0.0,0.0,0.0,0.0,0.0,0.0,0.0,0.0,0.0,1.0,0.0,1.0,0.0,1.0
0.02288137550582915,-0.6209931030879423,0.7141315087322144,-0.43466467816990795,-0.4314734795487941,-0.35418948698466474,-0.6513847719133283,3.4088429587949545,-0.3358111558318982,0.9249828479526425,-0.5431422174613466,1.3103815511384274,1.0,1.0,0.0,0.0,0.0,0.0,0.0,1.0,0.0,0.0,0.0,0.0,0.0,0.0,0.0,0.0,0.0,0.0,0.0,1.0,0.0,0.0,0.0,0.0,1.0,0.0,1.0,1.0,0.0
0.5806094568971182,1.0926385875702675,-0.5595883441822186,-0.6666449761035527,0.792364080468898,-0.35418948698466474,-0.6513847719133283,-0.6132186717941674,-0.3358111558318982,0.2254037376004921,1.72456445260549,-0.7486717976020304,0.0,1.0,0.0,0.0,0.0,0.0,0.0,0.0,0.0,1.0,0.0,1.0,1.0,0.0,0.0,0.0,0.0,0.0,0.0,0.0,0.0,0.0,0.0,0.0,1.0,0.0,0.0,1.0,0.0
0.02288137550582915,-0.4871156272552697,-0.84787511516214,-0.31564869923003813,0.22042299223670744,-0.35418948698466474,-0.6513847719133283,-0.26347418217772206,-0.3358111558318982,-0.09512158776198752,1.3868209059997907,-0.5015853957531755,0.0,1.0,0.0,0.0,0.0,0.0,0.0,0.0,0.0,1.0,0.0,1.0,1.0,0.0,0.0,0.0,0.0,0.0,0.0,0.0,0.0,0.0,0.0,0.0,1.0,0.0,1.0,1.0,0.0
2.2537937010709856,2.377862355563925,-0.25407689191733324,0.9955442890905617,1.738650494590446,0.9164454439020248,0.4888949163375746,0.26114255224694605,-0.3358111558318982,0.2043403981476386,0.06399201512746958,0.8162087474407175,1.0,0.0,0.0,1.0,0.0,0.0,0.0,1.0,0.0,0.0,1.0,0.0,0.0,1.0,0.0,0.0,0.0,0.0,0.0,0.0,0.0,0.0,0.0,0.0,1.0,0.0,0.0,0.0,0.0
-0.8694835547202333,-0.754870578920615,-0.5985705176166104,-0.618231696534792,-0.8150666570298596,-0.35418948698466474,-0.6513847719133283,0.08627030743872333,-0.3358111558318982,-0.43459528611586606,-0.1330250537258548,0.15731167584377098,0.0,1.0,0.0,0.0,0.0,0.0,0.0,0.0,0.0,1.0,1.0,0.0,0.0,1.0,0.0,0.0,0.0,0.0,0.0,0.0,0.0,0.0,0.0,0.0,1.0,1.0,0.0,0.0,1.0
-0.40099196635155054,-0.4871156272552697,-0.014744478273624783,0.5981519526303185,-0.6353115417160302,-0.35418948698466474,-0.6513847719133283,0.9606315314798368,-0.3358111558318982,-0.2283644748336243,1.0008282813075635,0.7338466134910991,1.0,0.0,1.0,0.0,0.0,0.0,0.0,0.0,0.0,1.0,0.0,1.0,1.0,0.0,0.0,0.0,0.0,0.0,0.0,0.0,0.0,0.0,0.0,0.0,1.0,0.0,1.0,1.0,0.0
1.0267919220101493,1.2532915585694748,0.3342819582901168,0.28951729537946963,0.49011346427989944,-0.35418948698466474,-0.6513847719133283,0.4360147970551687,1.4162470485084402,-0.10280452715257753,1.286301993319523,-0.17213685995470224,1.0,0.0,1.0,0.0,0.0,0.0,0.0,1.0,0.0,0.0,0.0,0.0,0.0,1.0,0.0,0.0,0.0,0.0,0.0,0.0,0.0,0.0,0.0,0.0,0.0,0.0,0.0,1.0,0.0
1.0267919220101493,-0.35323815142259707,0.915388311114424,-0.7836437350613908,0.24207837804729096,-0.35418948698466474,-0.6513847719133283,0.08627030743872333,-0.3358111558318982,1.1903032324130738,0.5706073350360181,-0.17213685995470224,1.0,1.0,0.0,0.0,0.0,0.0,0.0,0.0,0.0,1.0,0.0,0.0,0.0,0.0,1.0,0.0,0.0,0.0,0.0,0.0,0.0,0.0,0.0,0.0,1.0,0.0,1.0,1.0,0.0
0.5806094568971182,-1.156503006418633,0.13755796677237145,1.0883364082640197,0.29059106618879377,-0.35418948698466474,1.6291746045884776,-1.1378354062188356,1.4162470485084402,-0.34287480181809216,0.47812993537017184,-1.5722931370982134,1.0,0.0,0.0,1.0,0.0,0.0,0.0,0.0,0.0,1.0,0.0,1.0,1.0,0.0,0.0,0.0,0.0,0.0,0.0,0.0,0.0,0.0,0.0,0.0,0.0,1.0,0.0,1.0,0.0
2.2537937010709856,0.7445571504053187,-0.33566748747768826,1.045974788641354,1.757030599628966,0.9164454439020248,-0.6513847719133283,-0.6132186717941674,-0.3358111558318982,0.5168374834727602,1.354654853942105,0.7338466134910991,1.0,0.0,0.0,1.0,0.0,0.0,0.0,1.0,0.0,0.0,1.0,0.0,0.0,1.0,0.0,0.0,0.0,0.0,0.0,0.0,0.0,0.0,0.0,0.0,0.0,0.0,0.0,0.0,0.0
1.0267919220101493,2.4581888410635284,-0.30937718446379614,-1.1427088918630322,0.16297071422322,0.9164454439020248,-0.6513847719133283,-0.26347418217772206,-0.3358111558318982,-0.12507641886911933,0.1484279017788944,-0.6663096636524121,1.0,0.0,0.0,0.0,0.0,0.0,0.0,1.0,0.0,0.0,1.0,0.0,1.0,0.0,0.0,0.0,0.0,0.0,0.0,0.0,0.0,0.0,0.0,0.0,0.0,0.0,0.0,1.0,0.0
-0.31175547332894427,-0.754870578920615,0.3125244661406886,-1.025710132905194,-0.23692180168823151,-0.35418948698466474,-0.6513847719133283,0.7857592866716141,-0.3358111558318982,-0.34861542507061166,-1.0015084592833665,-0.33686112785393885,0.0,0.0,0.0,0.0,0.0,0.0,0.0,1.0,0.0,0.0,0.0,0.0,0.0,1.0,0.0,0.0,0.0,0.0,0.0,0.0,0.0,0.0,0.0,0.0,0.0,1.0,0.0,1.0,0.0
2.2537937010709856,-0.21936067558992442,0.31343102831358155,2.032395359854852,2.1267134670075034,-0.35418948698466474,2.7694542928393804,1.485248265904505,-0.3358111558318982,0.26930008232088554,0.04790898909862683,1.3103815511384274,1.0,0.0,0.0,0.0,0.0,1.0,0.0,1.0,0.0,0.0,0.0,1.0,0.0,1.0,0.0,0.0,0.0,0.0,0.0,0.0,0.0,0.0,0.0,0.0,0.0,0.0,1.0,0.0,0.0
2.2537937010709856,1.1461895779033366,0.26628979532315417,1.108508608084337,1.7798804996034783,-0.35418948698466474,-0.6513847719133283,-0.08860193736949937,-0.3358111558318982,1.638935097726515,1.4913605751872687,-0.08977472600508395,1.0,0.0,0.0,0.0,1.0,0.0,0.0,1.0,0.0,0.0,0.0,1.0,0.0,1.0,0.0,0.0,0.0,0.0,0.0,0.0,0.0,0.0,0.0,0.0,1.0,0.0,0.0,0.0,0.0
0.02288137550582915,0.3161492277407662,-0.8650997964471039,0.18865629627788502,-0.34069040309019133,0.9164454439020248,0.4888949163375746,1.1355037762880595,-0.3358111558318982,-0.20652420892554257,-0.917072572631942,-0.25449899390432057,1.0,0.0,1.0,0.0,0.0,0.0,0.0,0.0,0.0,1.0,0.0,0.0,1.0,0.0,0.0,0.0,0.0,0.0,0.0,0.0,0.0,0.0,0.0,0.0,0.0,0.0,1.0,1.0,0.0
-1.3463410643097855,0.010358078661648661,0.5745209341067179,0.47510153372638536,-1.3191516342078908,0.9164454439020248,0.4888949163375746,0.08627030743872333,3.1683052528487785,-0.5008930102953394,-0.6838686952137212,-0.5839475297027937,0.0,0.0,0.0,1.0,0.0,0.0,0.0,1.0,0.0,0.0,1.0,0.0,0.0,0.0,1.0,0.0,0.0,0.0,0.0,0.0,0.0,0.0,0.0,0.0,1.0,0.0,1.0,0.0,1.0
2.2537937010709856,0.557128684239577,-0.03559540825016003,-0.3196831391941014,2.760114235609589,-0.35418948698466474,-0.6513847719133283,0.26114255224694605,-0.3358111558318982,0.40306092036267444,1.5154851142305332,0.40439807769262587,0.0,1.0,0.0,0.0,0.0,0.0,0.0,1.0,0.0,0.0,1.0,0.0,1.0,0.0,0.0,0.0,0.0,0.0,0.0,0.0,0.0,0.0,0.0,0.0,0.0,0.0,1.0,0.0,0.0
-0.936410924487188,-0.8887480547532877,1.446633744429625,-0.08770284126045706,-0.8588398212306121,-0.35418948698466474,-0.6513847719133283,0.7857592866716141,-0.3358111558318982,0.01912976373740428,0.2770921100096367,0.4867602116422442,0.0,0.0,1.0,0.0,0.0,0.0,0.0,1.0,0.0,0.0,0.0,0.0,0.0,1.0,0.0,0.0,0.0,0.0,0.0,0.0,0.0,0.0,0.0,0.0,1.0,1.0,0.0,0.0,1.0
1.1383375382884073,0.3964757132403698,-0.03468884607726705,1.384867745622679,0.8626477525658808,-0.35418948698466474,-0.6513847719133283,1.3103760210962823,-0.3358111558318982,-0.30916482617735735,0.055950502113048056,-0.0074125920554656355,1.0,0.0,0.0,1.0,0.0,0.0,0.0,0.0,0.0,1.0,1.0,0.0,0.0,1.0,0.0,0.0,0.0,0.0,0.0,0.0,0.0,0.0,0.0,0.0,1.0,0.0,1.0,0.0,0.0
0.6921550731753761,0.7446642523859848,-0.28761969231436807,-0.24101155989486567,-0.5061884138668037,-0.35418948698466474,2.7694542928393804,-0.08860193736949937,-0.3358111558318982,-0.46243515076154335,-1.0738820764131594,1.8045543548361371,1.0,1.0,0.0,0.0,0.0,0.0,0.0,1.0,0.0,0.0,1.0,0.0,0.0,1.0,0.0,0.0,0.0,0.0,0.0,0.0,0.0,0.0,0.0,0.0,1.0,0.0,0.0,1.0,0.0
-0.8276539486158866,0.04839427607542089,0.5881193667001103,0.4549293339060685,-0.6958464369267541,-0.35418948698466474,-0.6513847719133283,-0.08860193736949937,-0.3358111558318982,-0.6254170560360819,-1.02161224181942,-0.33686112785393885,0.0,0.0,1.0,0.0,0.0,0.0,0.0,1.0,0.0,0.0,1.0,0.0,0.0,1.0,0.0,0.0,0.0,0.0,0.0,0.0,0.0,0.0,0.0,0.0,0.0,0.0,1.0,0.0,1.0
0.5806094568971182,0.18227175190809353,-0.5124471111917912,0.9915098491264984,1.0996624823183703,-0.35418948698466474,-0.6513847719133283,-0.9629631614106129,-0.3358111558318982,-0.11368149752577236,1.286301993319523,-1.407568869198977,0.0,0.0,0.0,1.0,0.0,0.0,0.0,0.0,0.0,1.0,1.0,0.0,0.0,0.0,0.0,0.0,0.0,0.0,0.0,1.0,0.0,0.0,0.0,0.0,1.0,0.0,1.0,1.0,0.0
-1.1260384721602263,-0.08548319975725176,-0.9766069437129226,0.08779529717630039,-1.070769753540593,0.9164454439020248,0.4888949163375746,0.08627030743872333,1.4162470485084402,-0.5712911796551837,-1.5845181528289185,0.15731167584377098,0.0,0.0,1.0,0.0,0.0,0.0,0.0,1.0,0.0,0.0,1.0,0.0,0.0,1.0,0.0,0.0,0.0,0.0,0.0,0.0,0.0,0.0,0.0,0.0,1.0,0.0,1.0,0.0,1.0
-0.9810291709984912,0.34616455782245137,-0.9376247702785308,-1.384775289706835,-0.9799481443670248,-0.35418948698466474,-0.6513847719133283,0.4360147970551687,-0.3358111558318982,-0.7091524628773437,-1.9906145600571994,0.7338466134910991,0.0,0.0,0.0,0.0,0.0,0.0,0.0,0.0,0.0,1.0,1.0,0.0,0.0,0.0,0.0,0.0,0.0,0.0,0.0,0.0,0.0,0.0,0.0,0.0,0.0,0.0,1.0,0.0,1.0
1.249883154566665,0.557128684239577,0.5808668693169677,2.205876278309577,1.1962639987367565,-0.35418948698466474,-0.6513847719133283,-0.08860193736949937,-0.3358111558318982,0.44799316702337216,1.989934382081396,-0.4192232618035572,1.0,0.0,0.0,0.0,0.0,1.0,0.0,0.0,0.0,1.0,0.0,1.0,0.0,1.0,0.0,0.0,0.0,0.0,0.0,0.0,0.0,0.0,0.0,0.0,1.0,0.0,1.0,0.0,0.0
-0.579464952396763,2.4581888410635284,0.2490651140381902,1.2053351672218582,-0.3287452614509014,-0.35418948698466474,-0.6513847719133283,3.4088429587949545,-0.3358111558318982,1.126034149533363,1.2420736717402057,2.1340028906346102,0.0,0.0,0.0,1.0,0.0,0.0,0.0,1.0,0.0,0.0,1.0,0.0,0.0,1.0,0.0,0.0,0.0,0.0,0.0,0.0,0.0,0.0,0.0,0.0,0.0,0.0,0.0,0.0,1.0
-0.31175547332894427,-0.24613617075645894,-0.025623224348338892,-0.618231696534792,-0.7030520546252933,-0.35418948698466474,-0.6513847719133283,0.26114255224694605,-0.3358111558318982,-0.07811553090865908,-0.14910807975469784,-0.4192232618035572,1.0,1.0,0.0,0.0,0.0,0.0,0.0,1.0,0.0,0.0,0.0,1.0,1.0,0.0,0.0,0.0,0.0,0.0,0.0,0.0,0.0,0.0,0.0,0.0,0.0,0.0,1.0,1.0,0.0
-1.4272116361115224,0.3161492277407662,-0.8224913743211407,-0.335820899050355,-1.4315515637621115,-0.35418948698466474,-0.6513847719133283,0.4360147970551687,-0.3358111558318982,-0.23885298197920501,0.8038112124542388,-0.25449899390432057,0.0,1.0,0.0,0.0,0.0,0.0,0.0,0.0,0.0,1.0,1.0,0.0,0.0,1.0,0.0,0.0,0.0,0.0,0.0,0.0,0.0,0.0,0.0,0.0,1.0,0.0,1.0,0.0,1.0
-1.03680197913762,-0.8619725595867531,-1.2114065464921668,-0.15427110066750294,-0.9784068357684068,-0.35418948698466474,0.4888949163375746,-0.4383464269859448,-0.3358111558318982,-0.5466453459921113,-0.6838686952137212,-0.5839475297027937,0.0,0.0,1.0,0.0,0.0,0.0,0.0,0.0,0.0,1.0,1.0,0.0,1.0,0.0,0.0,0.0,0.0,0.0,0.0,0.0,0.0,0.0,0.0,0.0,1.0,1.0,0.0,0.0,1.0
-1.0842088660558795,-1.2903804822513056,0.4158725538504718,1.197266287293731,-0.9685424607372514,-0.35418948698466474,0.4888949163375746,-0.9629631614106129,-0.3358111558318982,-0.31538023781918295,1.5637341923170618,-0.9957581994508853,0.0,0.0,0.0,0.0,1.0,0.0,0.0,0.0,0.0,1.0,0.0,0.0,0.0,1.0,0.0,0.0,0.0,0.0,0.0,0.0,0.0,0.0,0.0,0.0,0.0,1.0,0.0,0.0,1.0
1.0267919220101493,-0.1390341900903208,0.3206835256967241,-0.21680492011048513,0.3709317768917594,-0.35418948698466474,-0.6513847719133283,0.26114255224694605,-0.3358111558318982,-0.12011272207182803,0.381631779197115,0.2396738097933893,1.0,1.0,0.0,0.0,0.0,0.0,0.0,1.0,0.0,0.0,1.0,0.0,0.0,0.0,1.0,0.0,0.0,0.0,0.0,0.0,0.0,0.0,0.0,0.0,0.0,0.0,1.0,1.0,0.0
0.6921550731753761,-0.2729116659229935,-0.5233258572665052,0.8240805906178682,0.33185960391679203,-0.35418948698466474,0.4888949163375746,-0.9629631614106129,-0.3358111558318982,-0.23755810455382467,1.4270284710718977,-0.913396065501267,1.0,0.0,0.0,1.0,0.0,0.0,0.0,0.0,0.0,1.0,1.0,0.0,0.0,1.0,0.0,0.0,0.0,0.0,0.0,0.0,0.0,0.0,0.0,0.0,0.0,0.0,1.0,1.0,0.0
-0.20020985705068647,-1.31715597741784,1.156533849103918,-0.5214051373972707,-0.05786027524378021,-0.35418948698466474,0.4888949163375746,-0.7880909166023902,-0.3358111558318982,-0.19305748370158707,-0.036526897552797984,-0.7486717976020304,0.0,1.0,0.0,0.0,0.0,0.0,0.0,0.0,0.0,1.0,0.0,1.0,0.0,1.0,0.0,0.0,0.0,0.0,0.0,0.0,0.0,0.0,0.0,0.0,1.0,1.0,0.0,1.0,0.0
1.0267919220101493,2.4581888410635284,0.9126686245957454,-0.5173706974332074,1.3200696119207507,-0.35418948698466474,0.4888949163375746,2.534481734753841,4.920363457189116,3.480639259844969,-0.575308269519032,2.875262096181175,0.0,1.0,0.0,0.0,0.0,0.0,0.0,1.0,0.0,0.0,0.0,1.0,1.0,0.0,0.0,0.0,0.0,0.0,0.0,0.0,0.0,0.0,0.0,0.0,1.0,0.0,0.0,1.0,0.0
-0.05798919629590776,-1.0494010257524948,0.45848097597643495,1.2376106869343653,-0.2526431493941355,-0.35418948698466474,-0.6513847719133283,-1.1378354062188356,-0.3358111558318982,-0.16379325388799143,1.3747586364781588,-0.9957581994508853,1.0,0.0,0.0,0.0,1.0,0.0,0.0,0.0,1.0,0.0,1.0,0.0,1.0,0.0,0.0,0.0,0.0,0.0,0.0,0.0,0.0,0.0,0.0,0.0,1.0,1.0,0.0,1.0,0.0
-0.7746697808837142,-0.6209931030879423,-1.0010841223810292,-0.2147877001284535,-0.6807416126602972,-0.35418948698466474,-0.6513847719133283,-0.7880909166023902,1.4162470485084402,-0.5810459229263822,-0.5511837304757681,-0.9957581994508853,0.0,1.0,0.0,0.0,0.0,0.0,0.0,0.0,1.0,0.0,0.0,0.0,0.0,1.0,0.0,0.0,0.0,0.0,0.0,0.0,0.0,0.0,0.0,0.0,0.0,0.0,1.0,0.0,1.0
-0.7579379384419755,-0.6209931030879423,-0.3229756170571887,-1.1427088918630322,-0.7279441884929747,-0.35418948698466474,0.4888949163375746,0.7857592866716141,-0.3358111558318982,-0.007976337033890791,0.03182596306978379,0.5691223455918625,0.0,0.0,0.0,0.0,0.0,0.0,0.0,0.0,0.0,1.0,0.0,0.0,1.0,0.0,0.0,0.0,0.0,0.0,0.0,0.0,0.0,0.0,0.0,0.0,1.0,0.0,1.0,0.0,1.0
-0.5348467058854599,-0.9422990450863568,-0.4254171425940789,0.9915098491264984,-0.7074062514163892,-0.35418948698466474,-0.6513847719133283,-0.7880909166023902,-0.3358111558318982,-0.13660082795500433,0.8399980210191353,-1.2428446012997403,1.0,0.0,0.0,1.0,0.0,0.0,0.0,1.0,0.0,0.0,0.0,0.0,0.0,1.0,0.0,0.0,0.0,0.0,0.0,0.0,0.0,0.0,0.0,0.0,1.0,1.0,0.0,1.0,0.0
0.02288137550582915,0.7177816552387841,-0.3202559305385101,0.0010548379489376649,-0.3683954251503506,-0.35418948698466474,0.4888949163375746,-0.7880909166023902,-0.3358111558318982,-0.37982197102227777,-0.14910807975469784,-0.33686112785393885,1.0,0.0,1.0,0.0,0.0,0.0,0.0,1.0,0.0,0.0,1.0,0.0,0.0,0.0,0.0,0.0,0.0,0.0,0.0,1.0,0.0,0.0,0.0,0.0,1.0,0.0,0.0,1.0,0.0
-1.0005496538471863,-1.3948049134007903,0.2273076218887623,0.18663907629585336,-0.918372865852234,-0.35418948698466474,3.9097339810902834,-0.26347418217772206,-0.3358111558318982,-0.4960156386597401,-1.02161224181942,-0.8310339315516487,0.0,0.0,1.0,0.0,0.0,0.0,0.0,0.0,0.0,1.0,1.0,0.0,1.0,0.0,0.0,0.0,0.0,0.0,0.0,0.0,0.0,0.0,0.0,0.0,1.0,1.0,0.0,0.0,1.0
-0.9001585991967542,-0.8124914445189974,-0.5858786471961107,0.9915098491264984,-0.7488289200042492,-0.35418948698466474,2.7694542928393804,0.08627030743872333,-0.3358111558318982,-0.5850600429450613,-1.2548161192376408,0.15731167584377098,0.0,0.0,0.0,1.0,0.0,0.0,0.0,1.0,0.0,0.0,0.0,0.0,0.0,1.0,0.0,0.0,0.0,0.0,0.0,0.0,0.0,0.0,0.0,0.0,0.0,1.0,0.0,0.0,1.0
-0.31175547332894427,0.09696502430751452,-0.705544854017965,0.20681127611617023,-0.607452388796009,-0.35418948698466474,0.4888949163375746,-0.7880909166023902,-0.3358111558318982,-0.45095390425650433,-0.24158547942054387,-0.5015853957531755,1.0,0.0,1.0,0.0,0.0,0.0,0.0,0.0,0.0,1.0,1.0,0.0,0.0,1.0,0.0,0.0,0.0,0.0,0.0,0.0,0.0,0.0,0.0,0.0,0.0,0.0,1.0,1.0,0.0
-0.31175547332894427,0.28937373257423166,0.028770506025231332,-0.920814693839546,-0.22582437977818162,-0.35418948698466474,0.4888949163375746,0.4360147970551687,1.4162470485084402,-0.691326316987941,-1.8338050562759822,0.3220359437430076,0.0,1.0,0.0,0.0,0.0,0.0,0.0,0.0,1.0,0.0,1.0,0.0,0.0,0.0,1.0,0.0,0.0,0.0,0.0,0.0,0.0,0.0,0.0,0.0,1.0,0.0,1.0,1.0,0.0
-0.31175547332894427,-0.8887480547532877,0.5790537449711821,0.9955442890905617,-0.5113517976721741,-0.35418948698466474,0.4888949163375746,0.7857592866716141,-0.3358111558318982,0.20265705749464416,-0.08075521913211577,0.07494954189415268,1.0,0.0,0.0,1.0,0.0,0.0,0.0,0.0,0.0,1.0,1.0,0.0,0.0,1.0,0.0,0.0,0.0,0.0,0.0,0.0,0.0,0.0,0.0,0.0,0.0,1.0,0.0,1.0,0.0
0.02288137550582915,-0.6209931030879423,0.48567784116322005,2.1836868585072287,0.5787001759854715,-0.35418948698466474,-0.6513847719133283,0.6108870418633914,-0.3358111558318982,-0.06050519792348649,1.2822812368123127,-0.5839475297027937,0.0,0.0,0.0,0.0,1.0,0.0,0.0,0.0,0.0,1.0,1.0,0.0,0.0,1.0,0.0,0.0,0.0,0.0,0.0,0.0,0.0,0.0,0.0,0.0,0.0,0.0,1.0,1.0,0.0
0.5806094568971182,0.8784346262379913,-0.7735370169849275,1.4796770847781684,0.37324373978968656,0.9164454439020248,-0.6513847719133283,0.26114255224694605,-0.3358111558318982,-0.2726492827816318,0.4459638833124863,-0.0074125920554656355,1.0,0.0,0.0,1.0,0.0,0.0,0.0,0.0,0.0,1.0,1.0,0.0,1.0,0.0,0.0,0.0,0.0,0.0,0.0,0.0,0.0,0.0,0.0,0.0,0.0,0.0,0.0,1.0,0.0
-0.6463923221637177,-0.11225869492378629,-0.002052607853125042,0.10796749699661724,-0.5069205354511472,-0.35418948698466474,-0.6513847719133283,-0.6132186717941674,-0.3358111558318982,-0.4925194696112132,1.8492079043290215,-0.6663096636524121,0.0,0.0,1.0,0.0,0.0,0.0,0.0,0.0,0.0,1.0,0.0,0.0,0.0,1.0,0.0,0.0,0.0,0.0,0.0,0.0,0.0,0.0,0.0,0.0,1.0,0.0,1.0,0.0,1.0
-0.7579379384419755,-0.1390341900903208,1.5527015186580868,0.39642995442714923,-0.6163534459530282,-0.35418948698466474,0.4888949163375746,0.4360147970551687,-0.3358111558318982,0.6455914621364117,-0.1531288362619083,1.3103815511384274,0.0,0.0,1.0,0.0,0.0,0.0,0.0,0.0,0.0,1.0,0.0,1.0,0.0,1.0,0.0,0.0,0.0,0.0,0.0,0.0,0.0,0.0,0.0,0.0,0.0,0.0,1.0,0.0,1.0
0.02288137550582915,1.2532915585694748,0.5382584471910047,-0.618231696534792,0.17946271622843293,0.9164454439020248,0.4888949163375746,2.534481734753841,-0.3358111558318982,0.455201318024656,-0.5994328085622963,3.0399863640804115,0.0,1.0,0.0,0.0,0.0,0.0,0.0,1.0,0.0,0.0,0.0,1.0,0.0,1.0,0.0,0.0,0.0,0.0,0.0,0.0,0.0,0.0,0.0,0.0,0.0,0.0,0.0,1.0,0.0
-0.7021651303028467,-1.0226255305859604,-0.9158672781291026,-0.01306570192528424,-0.5818666660589495,-0.35418948698466474,0.4888949163375746,-0.7880909166023902,-0.3358111558318982,-0.4445658422912947,0.6510224651802322,-1.160482467350122,0.0,1.0,0.0,0.0,0.0,0.0,0.0,0.0,0.0,1.0,1.0,0.0,0.0,1.0,0.0,0.0,0.0,0.0,0.0,0.0,0.0,0.0,0.0,0.0,0.0,1.0,0.0,0.0,1.0
1.1383375382884073,0.18227175190809353,-0.39006121785125847,-0.41650969833162277,1.468035237388083,-0.35418948698466474,-0.6513847719133283,1.1355037762880595,-0.3358111558318982,0.28712622821028816,1.1174302200166735,-0.17213685995470224,0.0,1.0,0.0,0.0,0.0,0.0,0.0,1.0,0.0,0.0,1.0,0.0,0.0,1.0,0.0,0.0,0.0,0.0,0.0,0.0,0.0,0.0,0.0,0.0,1.0,0.0,1.0,0.0,0.0
-0.5348467058854599,0.34761043456144425,-1.1959949895529887,0.10191583705052229,-0.3765258280080609,-0.35418948698466474,-0.6513847719133283,-0.6132186717941674,-0.3358111558318982,-0.45824838041948024,0.29719589254569023,-1.160482467350122,0.0,0.0,1.0,0.0,0.0,0.0,0.0,0.0,0.0,1.0,0.0,0.0,1.0,0.0,0.0,0.0,0.0,0.0,0.0,0.0,0.0,0.0,0.0,0.0,1.0,0.0,1.0,1.0,0.0
-1.3714388279723935,0.1287207615750245,-1.5169179987570522,-0.3257347991401967,-1.3678955186391863,-0.35418948698466474,-0.6513847719133283,-1.1378354062188356,1.4162470485084402,-0.6152738495372692,-1.186463258615059,-1.489931003148595,0.0,1.0,0.0,0.0,0.0,0.0,0.0,0.0,0.0,1.0,0.0,0.0,1.0,0.0,0.0,0.0,0.0,0.0,0.0,0.0,0.0,0.0,0.0,0.0,1.0,0.0,1.0,0.0,1.0
-0.47907389774633097,-0.7816460740871496,0.7150380709051074,-0.41650969833162277,-0.36088154573208775,-0.35418948698466474,0.4888949163375746,-0.6132186717941674,1.4162470485084402,-0.16383641646883745,1.1053679504950416,0.8985708813903357,0.0,1.0,0.0,0.0,0.0,0.0,0.0,0.0,0.0,1.0,1.0,0.0,0.0,1.0,0.0,0.0,0.0,0.0,0.0,0.0,0.0,0.0,0.0,0.0,1.0,1.0,0.0,1.0,0.0
1.0267919220101493,0.18227175190809353,0.8809389485444961,1.3989882854969002,0.7643122639740496,-0.35418948698466474,0.4888949163375746,-0.7880909166023902,-0.3358111558318982,-0.17838220621394324,1.423007714564687,0.7338466134910991,1.0,0.0,0.0,1.0,0.0,0.0,0.0,0.0,0.0,1.0,1.0,0.0,0.0,1.0,0.0,0.0,0.0,0.0,0.0,0.0,0.0,0.0,0.0,0.0,0.0,0.0,1.0,1.0,0.0
-0.3368532369915523,-0.21936067558992442,-0.4761846242760778,1.8347078016157459,0.051033177248584534,-0.35418948698466474,-0.6513847719133283,-0.9629631614106129,-0.3358111558318982,-0.5937788842759556,1.032994333365249,-0.8310339315516487,0.0,0.0,0.0,0.0,1.0,0.0,0.0,0.0,0.0,1.0,1.0,0.0,0.0,1.0,0.0,0.0,0.0,0.0,0.0,0.0,0.0,0.0,0.0,0.0,1.0,0.0,1.0,1.0,0.0
-0.22251898030633804,0.7177816552387841,-0.9829528789231724,-0.01306570192528424,-0.023643224354459657,2.187080374788714,-0.6513847719133283,-1.1378354062188356,-0.3358111558318982,-0.31382638490872655,-0.19333640133401533,-0.8310339315516487,0.0,0.0,1.0,0.0,0.0,0.0,0.0,0.0,0.0,1.0,0.0,0.0,0.0,1.0,0.0,0.0,0.0,0.0,0.0,0.0,0.0,0.0,0.0,0.0,1.0,0.0,0.0,1.0,0.0
-0.03289143263329976,-0.6209931030879423,-1.3618958671923773,1.552297004131309,0.4125471090544464,0.9164454439020248,-0.6513847719133283,-1.3127076510270583,-0.3358111558318982,-0.5712048544934917,1.4792983056656368,-1.0781203334005036,0.0,0.0,0.0,0.0,1.0,0.0,0.0,1.0,0.0,0.0,1.0,0.0,0.0,1.0,0.0,0.0,0.0,0.0,0.0,0.0,0.0,0.0,0.0,0.0,0.0,0.0,1.0,1.0,0.0
2.594704990821411,0.04839427607542089,-1.024654738876243,0.5981519526303185,2.0645216650532654,-0.35418948698466474,-0.6513847719133283,-0.4383464269859448,-0.3358111558318982,-0.006724622189356464,-0.16519110578354057,-0.4192232618035572,1.0,0.0,1.0,0.0,0.0,0.0,0.0,1.0,0.0,0.0,1.0,0.0,1.0,0.0,0.0,0.0,0.0,0.0,0.0,0.0,0.0,0.0,0.0,0.0,1.0,0.0,1.0,0.0,0.0
0.5806094568971182,-0.4871156272552697,2.4755818106629928,-0.43466467816990795,-0.013509120318546038,-0.35418948698466474,-0.6513847719133283,-0.26347418217772206,-0.3358111558318982,-0.24010469682373933,0.2208015189086869,0.5691223455918625,1.0,1.0,0.0,0.0,0.0,0.0,0.0,1.0,0.0,0.0,0.0,1.0,0.0,0.0,1.0,0.0,0.0,0.0,0.0,0.0,0.0,0.0,0.0,0.0,0.0,0.0,1.0,1.0,0.0
1.0267919220101493,0.3161492277407662,0.7948155421196768,0.011140937859095913,0.4241069235440817,-0.35418948698466474,0.4888949163375746,-0.26347418217772206,-0.3358111558318982,0.8464701133937481,0.24894681445916195,1.1456572832391907,1.0,1.0,0.0,0.0,0.0,0.0,0.0,1.0,0.0,0.0,1.0,0.0,0.0,1.0,0.0,0.0,0.0,0.0,0.0,0.0,0.0,0.0,0.0,0.0,1.0,0.0,1.0,1.0,0.0
0.02288137550582915,0.04839427607542089,-0.21781440500161967,-0.5173706974332074,0.19306476461123728,0.9164454439020248,0.4888949163375746,0.26114255224694605,1.4162470485084402,-0.5245892671797996,-1.1140896414852663,0.2396738097933893,0.0,1.0,0.0,0.0,0.0,0.0,0.0,1.0,0.0,0.0,0.0,0.0,0.0,1.0,0.0,0.0,0.0,0.0,0.0,0.0,0.0,0.0,0.0,0.0,1.0,0.0,1.0,1.0,0.0
-0.1332824872837318,-0.7280950837540805,1.1275238595713473,0.39037829448105427,-0.4388332281071951,-0.35418948698466474,-0.6513847719133283,0.08627030743872333,1.4162470485084402,-0.046434196567686825,0.5102959874278576,-0.33686112785393885,1.0,0.0,1.0,0.0,0.0,0.0,0.0,0.0,0.0,1.0,0.0,0.0,1.0,0.0,0.0,0.0,0.0,0.0,0.0,0.0,0.0,0.0,0.0,0.0,0.0,1.0,0.0,1.0,0.0
0.02288137550582915,-0.8887480547532877,-0.7916682604427844,-1.051933992671606,0.12166364378025632,-0.35418948698466474,-0.6513847719133283,-1.487579895835281,-0.3358111558318982,-0.6002964339837032,-0.2375647229133331,-1.5722931370982134,0.0,0.0,0.0,0.0,0.0,0.0,0.0,0.0,0.0,1.0,1.0,0.0,0.0,1.0,0.0,0.0,0.0,0.0,0.0,0.0,0.0,0.0,0.0,0.0,0.0,1.0,0.0,1.0,0.0
0.02288137550582915,-0.6049813569783548,0.5536700041301826,-1.051933992671606,-0.517748228356439,-0.35418948698466474,-0.6513847719133283,-0.08860193736949937,-0.3358111558318982,-0.17544715071641448,0.9324754206849813,-0.5839475297027937,1.0,0.0,0.0,0.0,0.0,0.0,0.0,0.0,0.0,1.0,1.0,0.0,1.0,0.0,0.0,0.0,0.0,0.0,0.0,0.0,0.0,0.0,0.0,0.0,0.0,0.0,1.0,1.0,0.0
0.5806094568971182,0.7177816552387841,-0.3220690548842959,-0.4326474581878763,0.8344803379261359,0.9164454439020248,0.4888949163375746,1.1355037762880595,-0.3358111558318982,0.420584928186155,-0.16519110578354057,1.3103815511384274,0.0,1.0,0.0,0.0,0.0,0.0,0.0,1.0,0.0,0.0,1.0,0.0,1.0,0.0,0.0,0.0,0.0,0.0,0.0,0.0,0.0,0.0,0.0,0.0,1.0,0.0,0.0,1.0,0.0
0.7590824429423307,1.2532915585694748,-0.8614735477555326,-0.335820899050355,0.1405832068282929,-0.35418948698466474,-0.6513847719133283,-0.4383464269859448,-0.3358111558318982,0.18232748191617285,0.8962886121200848,-0.08977472600508395,1.0,1.0,0.0,0.0,0.0,0.0,0.0,0.0,1.0,0.0,0.0,0.0,0.0,1.0,0.0,0.0,0.0,0.0,0.0,0.0,0.0,0.0,0.0,0.0,1.0,0.0,0.0,1.0,0.0
0.40492511125886216,0.3161492277407662,0.15659577240312106,2.524597035470585,0.4223729513706367,-0.35418948698466474,0.4888949163375746,0.7857592866716141,1.4162470485084402,-0.2561611768984555,1.0772226549445665,-0.4192232618035572,1.0,0.0,0.0,0.0,0.0,1.0,0.0,0.0,0.0,1.0,1.0,0.0,0.0,1.0,0.0,0.0,0.0,0.0,0.0,0.0,0.0,0.0,0.0,0.0,1.0,0.0,1.0,1.0,0.0
0.18183387870234652,-0.852601136278466,0.5128747063500052,1.3989882854969002,-0.00880812909276112,-0.35418948698466474,0.4888949163375746,-0.6132186717941674,-0.3358111558318982,-0.42609225768920184,1.3184680453772086,-0.913396065501267,1.0,0.0,0.0,0.0,1.0,0.0,0.0,0.0,1.0,0.0,1.0,0.0,0.0,1.0,0.0,0.0,0.0,0.0,0.0,0.0,0.0,0.0,0.0,0.0,0.0,1.0,0.0,1.0,0.0
-0.8694835547202333,-1.156503006418633,1.6406380494286916,-0.09375450120655202,-0.7817743912997099,0.9164454439020248,-0.6513847719133283,-1.3127076510270583,-0.3358111558318982,-0.5598099331501447,-1.037695267848263,-0.17213685995470224,0.0,0.0,1.0,0.0,0.0,0.0,0.0,1.0,0.0,0.0,1.0,0.0,0.0,1.0,0.0,0.0,0.0,0.0,0.0,0.0,0.0,0.0,0.0,0.0,1.0,1.0,0.0,0.0,1.0
0.3575182243406026,0.5035776939065079,0.5201272037331477,-1.051933992671606,0.48306197744122215,-0.35418948698466474,-0.6513847719133283,0.26114255224694605,-0.3358111558318982,0.2128002639934568,0.6389601956586002,0.4867602116422442,0.0,0.0,0.0,0.0,0.0,0.0,0.0,1.0,0.0,0.0,0.0,0.0,0.0,0.0,0.0,0.0,0.0,0.0,0.0,0.0,0.0,0.0,0.0,0.0,0.0,0.0,1.0,1.0,0.0
-0.23367354193416381,-1.102952016085564,-1.3265399424495568,-0.664627756121521,-0.11172901076548089,-0.35418948698466474,-0.6513847719133283,-0.7880909166023902,-0.3358111558318982,-0.5890741629637404,-0.39035347018733996,-1.407568869198977,0.0,1.0,0.0,0.0,0.0,0.0,0.0,0.0,0.0,1.0,0.0,0.0,0.0,0.0,1.0,0.0,0.0,0.0,0.0,0.0,0.0,0.0,0.0,0.0,0.0,1.0,0.0,1.0,0.0
0.7256187580588533,-0.533062376961043,0.22912074623454792,0.39037829448105427,0.26685491377007603,-0.35418948698466474,0.4888949163375746,0.08627030743872333,-0.3358111558318982,-0.32034393461647426,-1.1422349370357412,0.3220359437430076,1.0,0.0,1.0,0.0,0.0,0.0,0.0,0.0,0.0,1.0,0.0,1.0,0.0,0.0,0.0,0.0,0.0,0.0,1.0,0.0,0.0,0.0,0.0,0.0,1.0,0.0,1.0,1.0,0.0
-1.2041204035550068,0.2625982374076971,-0.6239542584576098,0.31977559510994513,-1.1536921561462437,-0.35418948698466474,-0.6513847719133283,-0.4383464269859448,-0.3358111558318982,0.6420089679261928,-0.04054765406000874,-0.6663096636524121,0.0,0.0,1.0,0.0,0.0,0.0,0.0,0.0,0.0,1.0,0.0,0.0,0.0,0.0,0.0,0.0,0.0,1.0,0.0,0.0,0.0,0.0,0.0,0.0,0.0,0.0,1.0,0.0,1.0
-1.4049025128558708,0.7713326455718532,-0.6185148854202529,-0.31564869923003813,-1.4057731774502247,-0.35418948698466474,1.6291746045884776,2.534481734753841,-0.3358111558318982,0.026942190870532318,-1.3030651973241694,2.875262096181175,0.0,1.0,0.0,0.0,0.0,0.0,0.0,1.0,0.0,0.0,1.0,0.0,0.0,0.0,0.0,0.0,0.0,0.0,0.0,1.0,0.0,0.0,0.0,0.0,0.0,0.0,0.0,0.0,1.0
-0.5348467058854599,-1.263604987084771,-0.03378228390437439,-0.5314912373074293,-0.4343249004562375,-0.35418948698466474,-0.6513847719133283,-0.9629631614106129,-0.3358111558318982,-0.11942212077829187,-0.3742704441584969,-1.160482467350122,0.0,1.0,0.0,0.0,0.0,0.0,0.0,0.0,1.0,0.0,0.0,1.0,0.0,1.0,0.0,0.0,0.0,0.0,0.0,0.0,0.0,0.0,0.0,0.0,1.0,1.0,0.0,1.0,0.0
0.51647072753712,0.5839041794061115,0.24997167621108318,-0.18856384036204168,-0.015744017786542358,-0.35418948698466474,-0.6513847719133283,-0.6132186717941674,-0.3358111558318982,0.3814796299396688,-0.06467219310327302,-0.25449899390432057,1.0,1.0,0.0,0.0,0.0,0.0,0.0,1.0,0.0,0.0,0.0,0.0,0.0,1.0,0.0,0.0,0.0,0.0,0.0,0.0,0.0,0.0,0.0,0.0,0.0,0.0,1.0,1.0,0.0
-0.31175547332894427,-0.21936067558992442,-0.24501127018840477,-0.3196831391941014,-0.16112795135118915,0.9164454439020248,0.4888949163375746,-0.9629631614106129,1.4162470485084402,-0.4795706953574098,0.3856525357043258,-0.33686112785393885,0.0,1.0,0.0,0.0,0.0,0.0,0.0,1.0,0.0,0.0,1.0,0.0,0.0,1.0,0.0,0.0,0.0,0.0,0.0,0.0,0.0,0.0,0.0,0.0,1.0,0.0,1.0,1.0,0.0
0.5806094568971182,-0.5406666175883388,-0.037408532595945655,-0.0009623820330939847,0.913241207315518,-0.35418948698466474,-0.6513847719133283,-0.4383464269859448,-0.3358111558318982,0.1989882381227332,1.4833190621728478,-0.5015853957531755,0.0,1.0,0.0,0.0,0.0,0.0,0.0,0.0,0.0,1.0,0.0,1.0,1.0,0.0,0.0,0.0,0.0,0.0,0.0,0.0,0.0,0.0,0.0,0.0,1.0,0.0,1.0,1.0,0.0
0.3575182243406026,2.4581888410635284,0.12758578287055033,-0.9409868936598628,0.5006714281804331,-0.35418948698466474,-0.6513847719133283,0.26114255224694605,-0.3358111558318982,1.762811704754567,1.9054984954299714,0.2396738097933893,0.0,1.0,0.0,0.0,0.0,0.0,0.0,0.0,0.0,1.0,1.0,0.0,0.0,1.0,0.0,0.0,0.0,0.0,0.0,0.0,0.0,0.0,0.0,0.0,1.0,0.0,0.0,1.0,0.0
0.6921550731753761,2.0565564135655108,-0.5532424089719686,0.39642995442714923,0.24061413487860384,0.9164454439020248,-0.6513847719133283,0.7857592866716141,-0.3358111558318982,0.5094998447289382,0.08409579766352308,0.2396738097933893,1.0,0.0,1.0,0.0,0.0,0.0,0.0,1.0,0.0,0.0,1.0,0.0,0.0,1.0,0.0,0.0,0.0,0.0,0.0,0.0,0.0,0.0,0.0,0.0,0.0,0.0,0.0,1.0,0.0
0.798123408639721,2.4581888410635284,-0.3782759096036516,0.18865629627788502,1.2050494577488793,-0.35418948698466474,0.4888949163375746,-0.9629631614106129,-0.3358111558318982,-0.6127272572673546,1.3667171234637372,-0.7486717976020304,0.0,0.0,1.0,0.0,0.0,0.0,0.0,1.0,0.0,0.0,0.0,1.0,0.0,1.0,0.0,0.0,0.0,0.0,0.0,0.0,0.0,0.0,0.0,0.0,1.0,0.0,0.0,1.0,0.0
-0.8694835547202333,-0.35323815142259707,-0.24229158366972617,-0.7291787955465352,-0.8220025457236408,0.9164454439020248,-0.6513847719133283,0.9606315314798368,-0.3358111558318982,-0.40010838401990306,0.3735902661826935,0.2396738097933893,0.0,1.0,0.0,0.0,0.0,0.0,0.0,0.0,0.0,1.0,0.0,0.0,1.0,0.0,0.0,0.0,0.0,0.0,0.0,0.0,0.0,0.0,0.0,0.0,1.0,0.0,1.0,0.0,1.0
-0.5348467058854599,0.18227175190809353,0.9679689171422082,0.18865629627788502,-0.3685110232952469,-0.35418948698466474,0.4888949163375746,2.184737245137396,-0.3358111558318982,0.6614752918877438,-0.00034008898790171974,2.051640756684992,0.0,0.0,1.0,0.0,0.0,0.0,0.0,1.0,0.0,0.0,0.0,0.0,0.0,0.0,0.0,0.0,0.0,0.0,0.0,1.0,0.0,0.0,0.0,0.0,1.0,0.0,1.0,1.0,0.0
1.4283561406118777,0.9855366069041295,-0.2948721896975108,0.10796749699661724,0.7667783577318384,-0.35418948698466474,-0.6513847719133283,0.26114255224694605,-0.3358111558318982,-0.4222939505747529,0.03986747608420531,0.3220359437430076,1.0,0.0,1.0,0.0,0.0,0.0,0.0,1.0,0.0,0.0,0.0,0.0,0.0,1.0,0.0,0.0,0.0,0.0,0.0,0.0,0.0,0.0,0.0,0.0,0.0,0.0,0.0,0.0,0.0
-0.9810291709984912,-0.6209931030879423,0.019704884296302856,-1.3242586902458844,-0.9767884617398578,-0.35418948698466474,0.4888949163375746,0.26114255224694605,-0.3358111558318982,-0.7228350010055292,-2.05092590766536,0.3220359437430076,0.0,0.0,0.0,0.0,0.0,0.0,0.0,1.0,0.0,0.0,1.0,0.0,0.0,1.0,0.0,0.0,0.0,0.0,0.0,0.0,0.0,0.0,0.0,0.0,0.0,0.0,1.0,0.0,1.0
-0.8694835547202333,-0.754870578920615,0.6851215191996437,-0.31564869923003813,-0.7959544304069959,-0.35418948698466474,-0.6513847719133283,-0.7880909166023902,1.4162470485084402,-0.5595077950842227,1.7527097481559644,0.5691223455918625,0.0,1.0,0.0,0.0,0.0,0.0,0.0,0.0,0.0,1.0,0.0,1.0,0.0,1.0,0.0,0.0,0.0,0.0,0.0,0.0,0.0,0.0,0.0,0.0,1.0,1.0,0.0,0.0,1.0
-0.5348467058854599,0.28937373257423166,-0.2957787518704036,-1.1023644922223983,-0.48507248606573644,-0.35418948698466474,0.4888949163375746,-0.08860193736949937,-0.3358111558318982,0.36676118987117895,-0.9773839202401025,-0.0074125920554656355,0.0,0.0,0.0,0.0,0.0,0.0,0.0,0.0,1.0,0.0,0.0,0.0,0.0,1.0,0.0,0.0,0.0,0.0,0.0,0.0,0.0,0.0,0.0,0.0,0.0,0.0,1.0,1.0,0.0
-0.5348467058854599,-0.9289112975030894,-0.5641211550466828,-0.41650969833162277,-0.4239596001305312,-0.35418948698466474,-0.6513847719133283,-0.4383464269859448,-0.3358111558318982,0.09768566087714477,0.5143167439350681,1.0632951492895724,0.0,1.0,0.0,0.0,0.0,0.0,0.0,1.0,0.0,0.0,0.0,1.0,0.0,0.0,1.0,0.0,0.0,0.0,0.0,0.0,0.0,0.0,0.0,0.0,1.0,1.0,0.0,1.0,0.0
2.2537937010709856,0.3161492277407662,0.41224630515890054,0.5921002926842235,1.5936518881754536,0.9164454439020248,0.4888949163375746,0.6108870418633914,-0.3358111558318982,-0.2780014428065372,-1.186463258615059,1.7221922208865188,1.0,0.0,1.0,0.0,0.0,0.0,0.0,1.0,0.0,0.0,0.0,1.0,1.0,0.0,0.0,0.0,0.0,0.0,0.0,0.0,0.0,0.0,0.0,0.0,1.0,0.0,1.0,0.0,0.0
0.3575182243406026,-0.5942176079214079,1.036867642282064,1.8004150619212074,0.22955524568351937,0.9164454439020248,0.4888949163375746,0.08627030743872333,-0.3358111558318982,-0.5144028981001408,0.5746280915432286,1.0632951492895724,1.0,0.0,0.0,0.0,1.0,0.0,0.0,0.0,0.0,1.0,0.0,1.0,0.0,1.0,0.0,0.0,0.0,0.0,0.0,0.0,0.0,0.0,0.0,0.0,1.0,0.0,1.0,1.0,0.0
-0.31175547332894427,1.0433449009686775,-1.3229136937579855,-0.9833485132825285,-0.2324520067522391,0.9164454439020248,-0.6513847719133283,-1.487579895835281,-0.3358111558318982,-0.0690082263501507,1.7808550437064394,-0.0074125920554656355,0.0,1.0,0.0,0.0,0.0,0.0,0.0,1.0,0.0,0.0,1.0,0.0,0.0,1.0,0.0,0.0,0.0,0.0,0.0,0.0,0.0,0.0,0.0,0.0,1.0,0.0,0.0,1.0,0.0
-0.044045994261125536,-0.0319322094241827,-0.3710234122205089,-0.38625139860114727,0.1349959631583023,-0.35418948698466474,-0.6513847719133283,1.3103760210962823,-0.3358111558318982,0.07226290075884415,0.6429809521658106,0.3220359437430076,0.0,1.0,0.0,0.0,0.0,0.0,0.0,0.0,0.0,1.0,0.0,1.0,0.0,1.0,0.0,0.0,0.0,0.0,0.0,0.0,0.0,0.0,0.0,0.0,1.0,0.0,1.0,1.0,0.0
-0.9810291709984912,-0.66876058646504,0.18016638889833458,-0.8381086745762465,-0.9511642062878328,-0.35418948698466474,-0.6513847719133283,-0.4383464269859448,-0.3358111558318982,0.4800629645919585,0.5183375004422789,-0.5015853957531755,0.0,0.0,0.0,0.0,0.0,0.0,0.0,0.0,0.0,1.0,0.0,0.0,0.0,1.0,0.0,0.0,0.0,0.0,0.0,0.0,0.0,0.0,0.0,0.0,1.0,1.0,0.0,0.0,1.0
1.4729743871231806,2.4581888410635284,-0.8741654181760323,-1.2274321311083634,1.6446306700747448,0.9164454439020248,0.4888949163375746,-0.26347418217772206,-0.3358111558318982,7.835743667207506,1.8492079043290215,-0.33686112785393885,0.0,0.0,0.0,0.0,0.0,0.0,0.0,1.0,0.0,0.0,0.0,1.0,1.0,0.0,0.0,0.0,0.0,0.0,0.0,0.0,0.0,0.0,0.0,0.0,1.0,0.0,0.0,0.0,0.0
0.08980874527278383,2.4581888410635284,-1.2268181034313452,-0.2147877001284535,-0.34843547879824693,-0.35418948698466474,-0.6513847719133283,-0.26347418217772206,-0.3358111558318982,2.177129318295429,0.6711262477162857,-0.5839475297027937,1.0,1.0,0.0,0.0,0.0,0.0,0.0,1.0,0.0,0.0,1.0,0.0,0.0,1.0,0.0,0.0,0.0,0.0,0.0,0.0,0.0,0.0,0.0,0.0,0.0,0.0,0.0,1.0,0.0
0.5806094568971182,-0.35323815142259707,0.38958225083657966,-0.2147877001284535,0.8740534361956545,-0.35418948698466474,-0.6513847719133283,0.6108870418633914,-0.3358111558318982,-0.12201187562905254,-0.37024968765128646,0.15731167584377098,0.0,1.0,0.0,0.0,0.0,0.0,0.0,0.0,1.0,0.0,0.0,0.0,0.0,1.0,0.0,0.0,0.0,0.0,0.0,0.0,0.0,0.0,0.0,0.0,0.0,0.0,1.0,1.0,0.0
-0.044045994261125536,-0.35323815142259707,0.18469919976279883,0.20681127611617023,-0.3918618485643103,-0.35418948698466474,0.4888949163375746,0.9606315314798368,1.4162470485084402,0.11969857710861051,-0.35014590511523297,-0.25449899390432057,1.0,0.0,1.0,0.0,0.0,0.0,0.0,0.0,0.0,1.0,1.0,0.0,0.0,1.0,0.0,0.0,0.0,0.0,0.0,0.0,0.0,0.0,0.0,0.0,1.0,0.0,1.0,1.0,0.0
-1.1148839105324004,-0.6745440934210114,-0.5387374142056833,-0.31564869923003813,-1.0754322120514126,-0.35418948698466474,-0.6513847719133283,-1.3127076510270583,-0.3358111558318982,-0.5785424932373137,-0.47076860033155404,-1.6546552710478317,0.0,1.0,0.0,0.0,0.0,0.0,0.0,0.0,1.0,0.0,1.0,0.0,1.0,0.0,0.0,0.0,0.0,0.0,0.0,0.0,0.0,0.0,0.0,0.0,0.0,1.0,0.0,0.0,1.0
1.4729743871231806,0.9855366069041295,-0.19424378850640614,-1.4372230092396594,1.5935748227455222,-0.35418948698466474,-0.6513847719133283,0.9606315314798368,-0.3358111558318982,0.16916289475813942,-1.266878388759273,2.2163650245842286,0.0,0.0,0.0,0.0,0.0,0.0,0.0,1.0,0.0,0.0,1.0,0.0,0.0,1.0,0.0,0.0,0.0,0.0,0.0,0.0,0.0,0.0,0.0,0.0,0.0,0.0,0.0,0.0,0.0
0.02288137550582915,0.02161878090888636,0.10038891768376522,0.39642995442714923,-0.3096330348280377,-0.35418948698466474,-0.6513847719133283,-0.7880909166023902,-0.3358111558318982,-0.46709670949291254,1.616004026910801,-1.2428446012997403,1.0,0.0,1.0,0.0,0.0,0.0,0.0,0.0,0.0,1.0,1.0,0.0,0.0,1.0,0.0,0.0,0.0,0.0,0.0,0.0,0.0,0.0,0.0,0.0,0.0,0.0,1.0,1.0,0.0
0.5806094568971182,0.20904724707462807,0.2109895027766913,-0.731196015528567,0.780842798694228,-0.35418948698466474,-0.6513847719133283,4.9826931620689585,-0.3358111558318982,0.12172721840837304,-0.6878894517209319,4.110694105425449,0.0,1.0,0.0,0.0,0.0,0.0,0.0,0.0,0.0,1.0,1.0,0.0,1.0,0.0,0.0,0.0,0.0,0.0,0.0,0.0,0.0,0.0,0.0,0.0,1.0,0.0,1.0,1.0,0.0
-1.0925747872767488,-0.4871156272552697,1.178291341253346,0.5921002926842235,-1.0079999608618733,-0.35418948698466474,0.4888949163375746,-0.4383464269859448,1.4162470485084402,-0.5447893550157328,1.4792983056656368,-0.7486717976020304,0.0,0.0,1.0,0.0,0.0,0.0,0.0,1.0,0.0,0.0,0.0,1.0,0.0,1.0,0.0,0.0,0.0,0.0,0.0,0.0,0.0,0.0,0.0,0.0,1.0,0.0,1.0,0.0,1.0
0.46906384061886036,-0.35323815142259707,0.27535541705208233,0.28951729537946963,0.8344032724962049,-0.35418948698466474,0.4888949163375746,-0.4383464269859448,-0.3358111558318982,0.6172336465205823,1.2219698892041522,-0.17213685995470224,0.0,0.0,1.0,0.0,0.0,0.0,0.0,1.0,0.0,0.0,0.0,0.0,0.0,1.0,0.0,0.0,0.0,0.0,0.0,0.0,0.0,0.0,0.0,0.0,0.0,0.0,1.0,1.0,0.0
2.2537937010709856,1.2532915585694748,0.7467677469563564,-0.6666449761035527,2.6506042596777766,-0.35418948698466474,-0.6513847719133283,2.009865000329173,-0.3358111558318982,2.6640895554001283,0.6831885172379177,1.5574679529872821,0.0,1.0,0.0,0.0,0.0,0.0,0.0,1.0,0.0,0.0,1.0,0.0,1.0,0.0,0.0,0.0,0.0,0.0,0.0,0.0,0.0,0.0,0.0,0.0,0.0,0.0,0.0,0.0,0.0
-0.7133196919306724,-0.8887480547532877,0.0650329929409446,1.047992008623386,-0.5110435359524504,-0.35418948698466474,0.4888949163375746,-0.4383464269859448,-0.3358111558318982,-0.6099216895123638,-1.1100688849780558,-0.33686112785393885,0.0,0.0,0.0,1.0,0.0,0.0,0.0,0.0,1.0,0.0,0.0,0.0,0.0,1.0,0.0,0.0,0.0,0.0,0.0,0.0,0.0,0.0,0.0,0.0,0.0,1.0,0.0,0.0,1.0
0.6921550731753761,1.3068425489025437,0.1883254484543704,0.07770919726614178,0.1741452015632007,-0.35418948698466474,-0.6513847719133283,0.6108870418633914,3.1683052528487785,0.33059094712222153,0.7997904559470284,1.1456572832391907,1.0,0.0,1.0,0.0,0.0,0.0,0.0,0.0,0.0,1.0,0.0,0.0,0.0,1.0,0.0,0.0,0.0,0.0,0.0,0.0,0.0,0.0,0.0,0.0,1.0,0.0,0.0,1.0,0.0
-0.5348467058854599,-0.4201768893389334,-0.8206782499753551,-0.9268663537856409,-0.4695823346496252,-0.35418948698466474,-0.6513847719133283,-0.7880909166023902,-0.3358111558318982,-0.45906846945555446,-1.0457367808626843,-1.3252067352493586,0.0,0.0,0.0,0.0,0.0,0.0,0.0,0.0,0.0,1.0,0.0,0.0,0.0,1.0,0.0,0.0,0.0,0.0,0.0,0.0,0.0,0.0,0.0,0.0,0.0,0.0,1.0,1.0,0.0
2.3653393173492434,2.4581888410635284,0.4738925329156133,-0.7291787955465352,1.224007553511881,-0.35418948698466474,-0.6513847719133283,-0.9629631614106129,-0.3358111558318982,0.30991607089698214,1.5114643577233222,-1.0781203334005036,1.0,1.0,0.0,0.0,0.0,0.0,0.0,0.0,1.0,0.0,0.0,0.0,1.0,0.0,0.0,0.0,0.0,0.0,0.0,0.0,0.0,0.0,0.0,0.0,0.0,0.0,0.0,0.0,0.0
1.0267919220101493,1.3871690344021474,-0.9494100785261377,1.6753474230352423,0.8353665903703412,0.9164454439020248,1.6291746045884776,1.1355037762880595,-0.3358111558318982,-0.13923374538661104,0.6268979261369676,0.4867602116422442,1.0,0.0,0.0,0.0,0.0,1.0,0.0,1.0,0.0,0.0,0.0,1.0,0.0,1.0,0.0,0.0,0.0,0.0,0.0,0.0,0.0,0.0,0.0,0.0,0.0,0.0,0.0,1.0,0.0
2.2537937010709856,0.3161492277407662,-0.4426418238790428,0.5921002926842235,3.055506028534736,-0.35418948698466474,-0.6513847719133283,-0.26347418217772206,-0.3358111558318982,0.2986506372961732,0.44194312680527553,-0.913396065501267,0.0,0.0,0.0,1.0,0.0,0.0,0.0,0.0,0.0,1.0,0.0,1.0,0.0,1.0,0.0,0.0,0.0,0.0,0.0,0.0,0.0,0.0,0.0,0.0,1.0,0.0,1.0,0.0,0.0
1.1383375382884073,-0.11225869492378629,1.024175771861564,1.3041789463414108,0.8412620957600556,-0.35418948698466474,0.4888949163375746,1.485248265904505,-0.3358111558318982,0.9412119783507428,0.44194312680527553,0.4867602116422442,1.0,0.0,0.0,0.0,1.0,0.0,0.0,0.0,0.0,1.0,0.0,1.0,0.0,1.0,0.0,0.0,0.0,0.0,0.0,0.0,0.0,0.0,0.0,0.0,1.0,0.0,1.0,0.0,0.0
0.3575182243406026,1.2532915585694748,-0.10993350642737251,-1.4170508094193424,0.42568676485766554,-0.35418948698466474,2.7694542928393804,0.9606315314798368,-0.3358111558318982,0.15914917600186482,-1.0336745113410521,0.5691223455918625,0.0,0.0,0.0,0.0,0.0,0.0,0.0,1.0,0.0,0.0,1.0,0.0,1.0,0.0,0.0,0.0,0.0,0.0,0.0,0.0,0.0,0.0,0.0,0.0,0.0,0.0,0.0,1.0,0.0
-0.7607265788489319,-0.9422990450863568,-1.0382531714696352,-0.48509517772070027,-0.6842866224371187,-0.35418948698466474,0.4888949163375746,-0.6132186717941674,-0.3358111558318982,-0.3416230869735578,1.1495962720743589,-0.5839475297027937,0.0,1.0,0.0,0.0,0.0,0.0,0.0,0.0,0.0,1.0,0.0,0.0,1.0,0.0,0.0,0.0,0.0,0.0,0.0,0.0,0.0,0.0,0.0,0.0,1.0,1.0,0.0,0.0,1.0
-0.4233010896072021,-0.5138911224218042,-0.4272302669398646,0.10796749699661724,-0.24505220454594173,-0.35418948698466474,-0.6513847719133283,-0.9629631614106129,-0.3358111558318982,-0.1460534331602808,-0.08879673214653729,-1.160482467350122,0.0,0.0,1.0,0.0,0.0,0.0,0.0,1.0,0.0,0.0,1.0,0.0,0.0,1.0,0.0,0.0,0.0,0.0,0.0,0.0,0.0,0.0,0.0,0.0,1.0,0.0,1.0,1.0,0.0
1.3921038153214438,0.9319856165710604,1.327874099780664,0.9693204293241499,0.9755486074146523,-0.35418948698466474,-0.6513847719133283,2.534481734753841,-0.3358111558318982,0.8066310512728797,0.6630847347018642,2.2163650245842286,1.0,0.0,0.0,1.0,0.0,0.0,0.0,1.0,0.0,0.0,0.0,1.0,1.0,0.0,0.0,0.0,0.0,0.0,0.0,0.0,0.0,0.0,0.0,0.0,1.0,0.0,0.0,0.0,0.0
-0.7133196919306724,1.2265160634029402,-0.056446338226695265,-1.1790188515396025,-0.6827453138385006,-0.35418948698466474,-0.6513847719133283,-0.26347418217772206,-0.3358111558318982,-0.45462272362841527,-0.8768650075598349,0.15731167584377098,0.0,0.0,0.0,0.0,0.0,0.0,0.0,1.0,0.0,0.0,0.0,0.0,0.0,1.0,0.0,0.0,0.0,0.0,0.0,0.0,0.0,0.0,0.0,0.0,0.0,0.0,0.0,0.0,1.0
-0.5348467058854599,-0.35323815142259707,-1.3745877376128772,-0.5314912373074293,-0.4343249004562375,-0.35418948698466474,0.4888949163375746,-0.08860193736949937,-0.3358111558318982,-0.5052524309607865,-1.3111067103385907,0.3220359437430076,0.0,1.0,0.0,0.0,0.0,0.0,0.0,0.0,0.0,1.0,0.0,0.0,0.0,1.0,0.0,0.0,0.0,0.0,0.0,0.0,0.0,0.0,0.0,0.0,0.0,0.0,1.0,1.0,0.0
-0.7133196919306724,-0.00515671425764817,0.7522071199937136,-0.5314912373074293,-0.6344638219867904,-0.35418948698466474,-0.6513847719133283,0.08627030743872333,1.4162470485084402,-0.09339508452814707,-0.7039724777497747,2.957624230130793,0.0,1.0,0.0,0.0,0.0,0.0,0.0,0.0,1.0,0.0,1.0,0.0,0.0,0.0,1.0,0.0,0.0,0.0,0.0,0.0,0.0,0.0,0.0,0.0,1.0,0.0,1.0,0.0,1.0
0.5806094568971182,-0.8887480547532877,0.5953718640832532,3.5695169861630016,0.843689656802879,-0.35418948698466474,-0.6513847719133283,-0.6132186717941674,-0.3358111558318982,0.17896080061018396,0.8279357514975028,-0.4192232618035572,1.0,0.0,0.0,0.0,0.0,1.0,0.0,1.0,0.0,0.0,0.0,0.0,0.0,1.0,0.0,0.0,0.0,0.0,0.0,0.0,0.0,0.0,0.0,0.0,0.0,1.0,0.0,1.0,0.0
1.0267919220101493,0.3964757132403698,0.3995544347384008,0.2532073357028992,0.4814436034126729,-0.35418948698466474,-0.6513847719133283,0.9606315314798368,-0.3358111558318982,0.04368927223878469,-0.8768650075598349,0.2396738097933893,1.0,0.0,1.0,0.0,0.0,0.0,0.0,1.0,0.0,0.0,1.0,0.0,0.0,0.0,0.0,1.0,0.0,0.0,0.0,0.0,0.0,0.0,0.0,0.0,0.0,0.0,1.0,1.0,0.0
2.2537937010709856,1.7888014619001653,-0.45714681864532813,1.047992008623386,3.207324925498614,-0.35418948698466474,0.4888949163375746,0.7857592866716141,-0.3358111558318982,-0.1790296449266334,0.17255244082215837,2.3810892924834652,0.0,0.0,0.0,0.0,1.0,0.0,0.0,1.0,0.0,0.0,0.0,1.0,0.0,1.0,0.0,0.0,0.0,0.0,0.0,0.0,0.0,0.0,0.0,0.0,1.0,0.0,0.0,0.0,0.0
0.3575182243406026,0.9855366069041295,0.17835326455254896,-0.15427110066750294,0.6280605838562145,-0.35418948698466474,0.4888949163375746,0.26114255224694605,-0.3358111558318982,0.19268650131921555,0.8319565080047138,-0.6663096636524121,0.0,0.0,1.0,0.0,0.0,0.0,0.0,1.0,0.0,0.0,0.0,1.0,1.0,0.0,0.0,0.0,0.0,0.0,0.0,0.0,0.0,0.0,0.0,0.0,1.0,0.0,0.0,1.0,0.0
2.2537937010709856,0.6098496342224834,1.161973222141275,-0.9833485132825285,2.5521146402260837,-0.35418948698466474,-0.6513847719133283,0.4360147970551687,-0.3358111558318982,1.2112802467042352,0.48617144838459336,0.2396738097933893,0.0,1.0,0.0,0.0,0.0,0.0,0.0,1.0,0.0,0.0,0.0,1.0,0.0,1.0,0.0,0.0,0.0,0.0,0.0,0.0,0.0,0.0,0.0,0.0,1.0,0.0,1.0,0.0,0.0
0.13442699178408696,0.04839427607542089,-1.380027110650234,-0.30354537933784786,0.34923785836621046,-0.35418948698466474,1.6291746045884776,-0.6132186717941674,-0.3358111558318982,-0.5052955935416326,-0.46674784382434326,-1.0781203334005036,0.0,1.0,0.0,0.0,0.0,0.0,0.0,0.0,0.0,1.0,1.0,0.0,0.0,1.0,0.0,0.0,0.0,0.0,0.0,0.0,0.0,0.0,0.0,0.0,1.0,0.0,1.0,1.0,0.0
0.6921550731753761,-0.35323815142259707,0.4022741212570794,0.05551977746379328,0.16955980848231203,-0.35418948698466474,0.4888949163375746,-0.4383464269859448,-0.3358111558318982,-0.13780938021869266,1.0651603854229343,-0.08977472600508395,1.0,0.0,1.0,0.0,0.0,0.0,0.0,0.0,0.0,1.0,1.0,0.0,0.0,1.0,0.0,0.0,0.0,0.0,0.0,0.0,0.0,0.0,0.0,0.0,1.0,0.0,1.0,1.0,0.0
-1.4829844442506512,1.119414082736802,-1.2168459195295238,-0.9712451933903382,-1.5034921426026087,-0.35418948698466474,-0.6513847719133283,0.9606315314798368,-0.3358111558318982,-0.39242544462931306,-1.7493691696245572,-0.0074125920554656355,0.0,1.0,0.0,0.0,0.0,0.0,0.0,0.0,0.0,1.0,0.0,0.0,0.0,0.0,0.0,0.0,0.0,1.0,0.0,0.0,0.0,0.0,0.0,0.0,0.0,0.0,0.0,0.0,1.0
0.13442699178408696,0.5839041794061115,-1.1216568913757763,-1.1225366920427151,0.23221400301613548,-0.35418948698466474,-0.6513847719133283,1.485248265904505,-0.3358111558318982,0.04010677802856575,0.24894681445916195,1.8045543548361371,0.0,0.0,0.0,0.0,0.0,0.0,0.0,0.0,0.0,1.0,1.0,0.0,1.0,0.0,0.0,0.0,0.0,0.0,0.0,0.0,0.0,0.0,0.0,0.0,1.0,0.0,1.0,1.0,0.0
-1.3156660198332646,0.8784346262379913,-0.6747217401396085,0.5921002926842235,-1.27892347978396,-0.35418948698466474,-0.6513847719133283,0.6108870418633914,-0.3358111558318982,2.1988400964609727,0.7756659169037637,0.4867602116422442,0.0,0.0,1.0,0.0,0.0,0.0,0.0,0.0,1.0,0.0,0.0,1.0,0.0,0.0,0.0,0.0,0.0,0.0,0.0,1.0,0.0,0.0,0.0,0.0,1.0,0.0,0.0,0.0,1.0
0.47464112143277326,2.4581888410635284,1.6796202228630834,0.7938222908873924,0.931428648779211,2.187080374788714,-0.6513847719133283,0.26114255224694605,-0.3358111558318982,3.1129372336177994,1.6803361310261717,-0.08977472600508395,0.0,0.0,0.0,1.0,0.0,0.0,0.0,1.0,0.0,0.0,0.0,1.0,0.0,1.0,0.0,0.0,0.0,0.0,0.0,0.0,0.0,0.0,0.0,0.0,0.0,0.0,0.0,1.0,0.0
-0.9698746093706654,-0.4871156272552697,-0.17157973418408526,1.6935024028735275,-0.7942975236634815,-0.35418948698466474,0.4888949163375746,-0.08860193736949937,-0.3358111558318982,-0.3763258019737509,-0.020443871523955232,-0.33686112785393885,0.0,0.0,0.0,1.0,0.0,0.0,0.0,1.0,0.0,0.0,0.0,1.0,0.0,0.0,0.0,0.0,0.0,0.0,0.0,1.0,0.0,0.0,0.0,0.0,0.0,0.0,1.0,0.0,1.0
-0.31175547332894427,-0.35323815142259707,0.3388147691545807,-1.243569890964617,-0.25984876709267485,-0.35418948698466474,-0.6513847719133283,-0.26347418217772206,-0.3358111558318982,-0.23190380646299721,0.9364961771921918,-0.7486717976020304,0.0,0.0,0.0,0.0,0.0,0.0,0.0,0.0,0.0,1.0,0.0,0.0,0.0,1.0,0.0,0.0,0.0,0.0,0.0,0.0,0.0,0.0,0.0,0.0,1.0,0.0,1.0,1.0,0.0
-0.7133196919306724,-0.9958500354194257,0.4249381755794003,1.197266287293731,-0.4989827961682643,0.9164454439020248,0.4888949163375746,-1.1378354062188356,-0.3358111558318982,-0.38232540071134646,0.21678076240147615,-1.489931003148595,0.0,0.0,0.0,1.0,0.0,0.0,0.0,0.0,0.0,1.0,0.0,1.0,1.0,0.0,0.0,0.0,0.0,0.0,0.0,0.0,0.0,0.0,0.0,0.0,0.0,1.0,0.0,0.0,1.0
-1.4829844442506512,-1.5420701368167302,-1.5196376852757305,-1.150777771791159,-1.5058811709304667,-0.35418948698466474,-0.6513847719133283,-1.487579895835281,-0.3358111558318982,-0.6936139337727797,-0.917072572631942,-1.73701740499745,0.0,0.0,0.0,0.0,0.0,0.0,0.0,1.0,0.0,0.0,0.0,1.0,0.0,0.0,0.0,0.0,0.0,0.0,0.0,1.0,0.0,0.0,0.0,0.0,0.0,1.0,0.0,0.0,1.0
-1.4272116361115224,-0.0319322094241827,0.964342668450637,-0.5214051373972707,-1.4349039099641057,-0.35418948698466474,2.7694542928393804,0.26114255224694605,-0.3358111558318982,-0.1384568189313828,-1.07790283292037,-0.08977472600508395,0.0,1.0,0.0,0.0,0.0,0.0,0.0,1.0,0.0,0.0,0.0,1.0,0.0,0.0,0.0,0.0,0.0,0.0,1.0,0.0,0.0,0.0,0.0,0.0,1.0,0.0,1.0,0.0,1.0
0.19019979992321587,-0.08548319975725176,-0.5686539659111469,0.18865629627788502,0.4874161742323181,-0.35418948698466474,-0.6513847719133283,-0.7880909166023902,-0.3358111558318982,-0.13608287698485222,0.42183934426922204,-0.7486717976020304,0.0,0.0,1.0,0.0,0.0,0.0,0.0,0.0,0.0,1.0,1.0,0.0,0.0,1.0,0.0,0.0,0.0,0.0,0.0,0.0,0.0,0.0,0.0,0.0,1.0,0.0,1.0,1.0,0.0
-1.293356896577613,-0.9155235499198222,0.12123984766030045,-0.8986252740371974,-1.2954540145041382,-0.35418948698466474,-0.6513847719133283,-0.7880909166023902,-0.3358111558318982,-0.40571951952988455,-0.5431422174613466,-0.9957581994508853,0.0,0.0,0.0,0.0,0.0,0.0,0.0,1.0,0.0,0.0,0.0,0.0,0.0,1.0,0.0,0.0,0.0,0.0,0.0,0.0,0.0,0.0,0.0,0.0,0.0,1.0,0.0,0.0,1.0
1.6960656196796964,1.1997405682364057,0.12486609635187172,-1.051933992671606,1.9286167793701197,-0.35418948698466474,-0.6513847719133283,2.009865000329173,1.4162470485084402,-0.5459979072794211,-1.7895767346966645,1.228019417188809,0.0,0.0,0.0,0.0,0.0,0.0,0.0,1.0,0.0,0.0,0.0,0.0,0.0,1.0,0.0,0.0,0.0,0.0,0.0,0.0,0.0,0.0,0.0,0.0,0.0,0.0,0.0,0.0,0.0
0.5806094568971182,0.1287207615750245,-0.3220690548842959,-0.6303350164269823,-0.05050052668537917,-0.35418948698466474,-0.6513847719133283,-1.1378354062188356,-0.3358111558318982,-0.7153678745191693,-1.970510777521146,-1.0781203334005036,1.0,1.0,0.0,0.0,0.0,0.0,0.0,1.0,0.0,0.0,0.0,0.0,0.0,0.0,1.0,0.0,0.0,0.0,0.0,0.0,0.0,0.0,0.0,0.0,1.0,0.0,1.0,1.0,0.0
-0.31175547332894427,0.7177816552387841,0.4602941003222209,0.28548285541540636,-0.09435075631606249,0.9164454439020248,0.4888949163375746,0.7857592866716141,-0.3358111558318982,-0.24131324908742766,-0.5833497825334536,2.298727158533847,0.0,0.0,1.0,0.0,0.0,0.0,0.0,1.0,0.0,0.0,1.0,0.0,0.0,1.0,0.0,0.0,0.0,0.0,0.0,0.0,0.0,0.0,0.0,0.0,0.0,0.0,0.0,1.0,0.0
-0.8471744314645817,0.04839427607542089,1.0386807666278495,-0.43466467816990795,-0.7783064469528193,2.187080374788714,-0.6513847719133283,-0.6132186717941674,-0.3358111558318982,-0.6483795490461598,-1.351314275410698,-1.2428446012997403,0.0,1.0,0.0,0.0,0.0,0.0,0.0,1.0,0.0,0.0,1.0,0.0,0.0,0.0,0.0,0.0,0.0,0.0,0.0,1.0,0.0,0.0,0.0,0.0,0.0,0.0,1.0,0.0,1.0
0.51647072753712,-0.299687161089528,1.1701322816973105,0.7938222908873924,0.17453052871285532,-0.35418948698466474,-0.6513847719133283,-0.08860193736949937,-0.3358111558318982,0.2078365671961655,1.6079625138963793,-0.08977472600508395,1.0,0.0,0.0,1.0,0.0,0.0,0.0,0.0,0.0,1.0,0.0,0.0,0.0,0.0,1.0,0.0,0.0,0.0,0.0,0.0,0.0,0.0,0.0,0.0,0.0,0.0,1.0,1.0,0.0
-0.9810291709984912,-0.43356463692220065,-0.6085427015184316,-1.0821922924020813,-0.964072665801259,-0.35418948698466474,-0.6513847719133283,-0.7880909166023902,-0.3358111558318982,-0.4802181340701,1.3224888018844196,0.3220359437430076,0.0,0.0,0.0,0.0,0.0,0.0,0.0,0.0,0.0,1.0,0.0,0.0,1.0,0.0,0.0,0.0,0.0,0.0,0.0,0.0,0.0,0.0,0.0,0.0,1.0,0.0,1.0,0.0,1.0
-0.4233010896072021,0.4500267035734388,-1.2431362225434162,1.7741912021547956,-0.06980541688307013,2.187080374788714,-0.6513847719133283,-0.9629631614106129,-0.3358111558318982,-0.5324880194746197,-0.523038434925293,-0.6663096636524121,0.0,0.0,0.0,1.0,0.0,0.0,0.0,1.0,0.0,0.0,0.0,1.0,0.0,1.0,0.0,0.0,0.0,0.0,0.0,0.0,0.0,0.0,0.0,0.0,0.0,0.0,1.0,1.0,0.0
1.9191568522362121,1.2532915585694748,-0.831556996050069,1.197266287293731,1.512656121318075,-0.35418948698466474,0.4888949163375746,-0.6132186717941674,-0.3358111558318982,0.5918972115639737,1.0249528203508274,-0.17213685995470224,1.0,0.0,0.0,1.0,0.0,0.0,0.0,0.0,0.0,1.0,1.0,0.0,0.0,0.0,0.0,1.0,0.0,0.0,0.0,0.0,0.0,0.0,0.0,0.0,0.0,0.0,0.0,0.0,0.0
0.5806094568971182,1.52104651023482,0.3478803908835092,-0.9833485132825285,-0.11600614212664602,-0.35418948698466474,-0.6513847719133283,1.3103760210962823,-0.3358111558318982,1.4126768489317238,0.12430336273563011,1.8869164887857555,1.0,1.0,0.0,0.0,0.0,0.0,0.0,1.0,0.0,0.0,1.0,0.0,0.0,0.0,0.0,0.0,1.0,0.0,0.0,0.0,0.0,0.0,0.0,0.0,1.0,0.0,0.0,1.0,0.0
1.4729743871231806,0.1287207615750245,0.29983259572018883,0.1241052568528708,0.8067753158659767,-0.35418948698466474,-0.6513847719133283,-0.26347418217772206,-0.3358111558318982,0.6745535538840852,1.246094428247416,-0.6663096636524121,1.0,0.0,1.0,0.0,0.0,0.0,0.0,1.0,0.0,0.0,0.0,0.0,0.0,1.0,0.0,0.0,0.0,0.0,0.0,0.0,0.0,0.0,0.0,0.0,1.0,0.0,1.0,0.0,0.0
-0.8137107465811044,1.119414082736802,-0.3764627852578659,0.8139944907077097,-0.6536145813246195,2.187080374788714,-0.6513847719133283,0.26114255224694605,-0.3358111558318982,-0.5218268620056549,-1.266878388759273,0.980933015339954,0.0,0.0,0.0,1.0,0.0,0.0,0.0,0.0,0.0,1.0,0.0,1.0,0.0,1.0,0.0,0.0,0.0,0.0,0.0,0.0,0.0,0.0,0.0,0.0,1.0,0.0,0.0,0.0,1.0
-0.7579379384419755,-0.5138911224218042,1.3741087705981982,-0.06349620147607656,-0.6504548986974525,-0.35418948698466474,-0.6513847719133283,-0.26347418217772206,-0.3358111558318982,-0.12663027177957575,-0.5592252434901893,-0.9957581994508853,0.0,0.0,1.0,0.0,0.0,0.0,0.0,1.0,0.0,0.0,1.0,0.0,0.0,1.0,0.0,0.0,0.0,0.0,0.0,0.0,0.0,0.0,0.0,0.0,0.0,0.0,1.0,0.0,1.0
-0.9810291709984912,-0.5138911224218042,0.6252884157887165,0.7938222908873924,-0.8611132514135738,-0.35418948698466474,0.4888949163375746,0.9606315314798368,1.4162470485084402,-0.09559637615129364,-0.8286159294733065,-0.0074125920554656355,0.0,0.0,0.0,1.0,0.0,0.0,0.0,1.0,0.0,0.0,1.0,0.0,0.0,1.0,0.0,0.0,0.0,0.0,0.0,0.0,0.0,0.0,0.0,0.0,0.0,0.0,1.0,0.0,1.0
-0.31175547332894427,-0.299687161089528,-0.8750719803489252,-1.4009130495630886,-0.276263703667957,-0.35418948698466474,-0.6513847719133283,-0.08860193736949937,-0.3358111558318982,-0.29418741062379145,-1.0698613199059486,-0.4192232618035572,0.0,0.0,0.0,0.0,0.0,0.0,0.0,0.0,0.0,1.0,0.0,1.0,1.0,0.0,0.0,0.0,0.0,0.0,0.0,0.0,0.0,0.0,0.0,0.0,0.0,0.0,1.0,1.0,0.0
1.1383375382884073,-0.08548319975725176,0.38958225083657966,-0.41650969833162277,0.40873237027286713,-0.35418948698466474,0.4888949163375746,0.26114255224694605,-0.3358111558318982,0.24495638672373518,-0.1611703492763298,0.2396738097933893,1.0,1.0,0.0,0.0,0.0,0.0,0.0,1.0,0.0,0.0,1.0,0.0,0.0,1.0,0.0,0.0,0.0,0.0,0.0,0.0,0.0,0.0,0.0,0.0,1.0,0.0,1.0,0.0,0.0
-0.22251898030633804,-0.808421569253684,1.036867642282064,-0.4649229779003834,-0.07635597842719677,-0.35418948698466474,0.4888949163375746,-0.08860193736949937,-0.3358111558318982,-0.47831898051287547,-0.1852948883195941,-0.7486717976020304,0.0,1.0,0.0,0.0,0.0,0.0,0.0,0.0,0.0,1.0,0.0,1.0,0.0,1.0,0.0,0.0,0.0,0.0,0.0,0.0,0.0,0.0,0.0,0.0,0.0,1.0,0.0,1.0,0.0
-0.6687014454193693,-0.5174254877837868,1.4865224800369101,1.6007102837000695,-0.40792999070490343,-0.35418948698466474,-0.6513847719133283,0.26114255224694605,-0.3358111558318982,0.40176604293729407,1.3948624190142123,-0.6663096636524121,0.0,0.0,0.0,0.0,1.0,0.0,0.0,0.0,0.0,1.0,0.0,1.0,1.0,0.0,0.0,0.0,0.0,0.0,0.0,0.0,0.0,0.0,0.0,0.0,1.0,0.0,1.0,0.0,1.0
0.02288137550582915,0.04839427607542089,-0.167046923319621,0.18865629627788502,-0.34069040309019133,-0.35418948698466474,-0.6513847719133283,-0.6132186717941674,-0.3358111558318982,0.6471884776277141,1.72456445260549,-0.4192232618035572,1.0,0.0,1.0,0.0,0.0,0.0,0.0,1.0,0.0,0.0,0.0,0.0,0.0,1.0,0.0,0.0,0.0,0.0,0.0,0.0,0.0,0.0,0.0,0.0,0.0,0.0,1.0,1.0,0.0
-0.08866424077242865,2.4581888410635284,0.2653832331502612,-1.1729671915935074,-0.013663251178407922,-0.35418948698466474,3.9097339810902834,0.08627030743872333,-0.3358111558318982,10.183788065230518,1.8894154694011285,1.0632951492895724,0.0,0.0,0.0,0.0,0.0,0.0,0.0,1.0,0.0,0.0,0.0,1.0,0.0,1.0,0.0,0.0,0.0,0.0,0.0,0.0,0.0,0.0,0.0,0.0,0.0,0.0,0.0,1.0,0.0
-1.4272116361115224,-0.5138911224218042,-0.4045662126175437,-0.7291787955465352,-1.4386415833157546,-0.35418948698466474,0.4888949163375746,-0.4383464269859448,-0.3358111558318982,-0.5850600429450613,-1.4920407531630724,-0.8310339315516487,0.0,1.0,0.0,0.0,0.0,0.0,0.0,0.0,0.0,1.0,0.0,0.0,1.0,0.0,0.0,0.0,0.0,0.0,0.0,0.0,0.0,0.0,0.0,0.0,0.0,0.0,1.0,0.0,1.0
1.0267919220101493,1.4407200247352165,-0.0011460456802323874,-1.168932751629444,1.1811977071852648,-0.35418948698466474,-0.6513847719133283,-0.4383464269859448,-0.3358111558318982,-0.2499457652566299,0.5706073350360181,-0.08977472600508395,0.0,0.0,0.0,0.0,0.0,0.0,0.0,1.0,0.0,0.0,1.0,0.0,0.0,1.0,0.0,0.0,0.0,0.0,0.0,0.0,0.0,0.0,0.0,0.0,1.0,0.0,0.0,1.0,0.0
-0.31175547332894427,-0.6209931030879423,-0.15344849072622863,-1.0216756929411306,-0.2364979418236115,-0.35418948698466474,0.4888949163375746,1.1355037762880595,-0.3358111558318982,0.011792124993582365,-1.089965102442002,0.5691223455918625,0.0,0.0,0.0,0.0,0.0,0.0,0.0,0.0,1.0,0.0,0.0,0.0,0.0,0.0,1.0,0.0,0.0,0.0,0.0,0.0,0.0,0.0,0.0,0.0,1.0,0.0,1.0,1.0,0.0
-0.7579379384419755,0.008231033325619095,-0.540550538551469,-0.9833485132825285,-0.7167311684380284,-0.35418948698466474,-0.6513847719133283,-0.6132186717941674,-0.3358111558318982,0.2105126472086182,0.7555621343677102,-0.17213685995470224,0.0,1.0,0.0,0.0,0.0,0.0,0.0,0.0,1.0,0.0,1.0,0.0,0.0,1.0,0.0,0.0,0.0,0.0,0.0,0.0,0.0,0.0,0.0,0.0,0.0,0.0,1.0,0.0,1.0
1.1383375382884073,1.7888014619001653,0.6824018326809654,-1.0418478927614476,1.3285468092131498,-0.35418948698466474,1.6291746045884776,3.059098469178509,-0.3358111558318982,3.2792426576174805,-0.15714959276911905,2.7928999622315565,0.0,0.0,0.0,0.0,0.0,0.0,0.0,1.0,0.0,0.0,0.0,1.0,1.0,0.0,0.0,0.0,0.0,0.0,0.0,0.0,0.0,0.0,0.0,0.0,1.0,0.0,0.0,0.0,0.0
-0.5348467058854599,-0.754870578920615,-1.370054926748413,0.4004643943912125,-0.3487822732329359,-0.35418948698466474,0.4888949163375746,-0.7880909166023902,1.4162470485084402,-0.5981814675222488,-0.45870633080992174,-1.3252067352493586,0.0,0.0,1.0,0.0,0.0,0.0,0.0,0.0,0.0,1.0,1.0,0.0,0.0,0.0,0.0,0.0,0.0,0.0,1.0,0.0,0.0,0.0,0.0,0.0,1.0,1.0,0.0,1.0,0.0
-0.31175547332894427,-0.35323815142259707,-0.6021967663081819,1.197266287293731,-0.4860358039398727,-0.35418948698466474,-0.6513847719133283,0.08627030743872333,-0.3358111558318982,-0.3120135565131941,-0.5431422174613466,-0.6663096636524121,1.0,0.0,0.0,0.0,1.0,0.0,0.0,1.0,0.0,0.0,1.0,0.0,0.0,1.0,0.0,0.0,0.0,0.0,0.0,0.0,0.0,0.0,0.0,0.0,1.0,0.0,1.0,1.0,0.0
0.13442699178408696,-0.5674421127548733,0.8881914459276389,0.28548285541540636,-0.2356502220943717,-0.35418948698466474,-0.6513847719133283,-0.26347418217772206,-0.3358111558318982,-0.2667791717865743,0.5706073350360181,-1.0781203334005036,1.0,0.0,1.0,0.0,0.0,0.0,0.0,0.0,0.0,1.0,1.0,0.0,0.0,1.0,0.0,0.0,0.0,0.0,0.0,0.0,0.0,0.0,0.0,0.0,0.0,0.0,1.0,1.0,0.0
-0.8081334657671916,-1.4778089484170474,-0.7952945091343556,0.713133491606125,-0.6539613757593087,-0.35418948698466474,0.4888949163375746,-1.3127076510270583,-0.3358111558318982,-0.5498825395555621,0.9887660117859308,-0.913396065501267,0.0,0.0,0.0,1.0,0.0,0.0,0.0,0.0,0.0,1.0,0.0,1.0,0.0,1.0,0.0,0.0,0.0,0.0,0.0,0.0,0.0,0.0,0.0,0.0,1.0,1.0,0.0,0.0,1.0
-0.47907389774633097,-1.0226255305859604,-0.46167962950979236,0.9955442890905617,-0.6580843762606119,-0.35418948698466474,1.6291746045884776,-1.3127076510270583,-0.3358111558318982,-0.5164315393999034,-1.1945047716294803,0.8162087474407175,1.0,0.0,0.0,1.0,0.0,0.0,0.0,0.0,0.0,1.0,0.0,1.0,0.0,1.0,0.0,0.0,0.0,0.0,0.0,0.0,0.0,0.0,0.0,0.0,1.0,1.0,0.0,1.0,0.0
-1.2041204035550068,-1.0494010257524948,0.0650329929409446,-0.01306570192528424,-1.1660226249351882,-0.35418948698466474,-0.6513847719133283,-0.9629631614106129,-0.3358111558318982,-0.41918624475384003,1.8773531998794966,-0.6663096636524121,0.0,0.0,1.0,0.0,0.0,0.0,0.0,1.0,0.0,0.0,0.0,1.0,0.0,0.0,0.0,0.0,1.0,0.0,0.0,0.0,0.0,0.0,0.0,0.0,0.0,1.0,0.0,0.0,1.0
1.0267919220101493,0.7962874070670634,0.848302710320354,0.515445933367019,0.5445216578111164,-0.35418948698466474,0.4888949163375746,1.3103760210962823,-0.3358111558318982,0.7332115012538145,1.1616585415959915,0.980933015339954,1.0,0.0,0.0,1.0,0.0,0.0,0.0,1.0,0.0,0.0,0.0,1.0,0.0,1.0,0.0,0.0,0.0,0.0,0.0,0.0,0.0,0.0,0.0,0.0,1.0,0.0,0.0,1.0,0.0
-0.579464952396763,0.3830879656571025,-0.5922245824063606,-0.41650969833162277,-0.47439892402030653,-0.35418948698466474,2.7694542928393804,2.7093539795620636,-0.3358111558318982,-0.07919459542980936,-0.6637649126776677,1.3927436850880455,0.0,1.0,0.0,0.0,0.0,0.0,0.0,0.0,1.0,0.0,0.0,1.0,0.0,1.0,0.0,0.0,0.0,0.0,0.0,0.0,0.0,0.0,0.0,0.0,1.0,0.0,1.0,0.0,1.0
2.03070246851447,1.6549239860674927,-0.04647415432487413,-0.01508292190731589,1.206667831777428,-0.35418948698466474,0.4888949163375746,0.4360147970551687,-0.3358111558318982,0.16147995536754942,0.17657319732936913,0.15731167584377098,1.0,1.0,0.0,0.0,0.0,0.0,0.0,1.0,0.0,0.0,1.0,0.0,1.0,0.0,0.0,0.0,0.0,0.0,0.0,0.0,0.0,0.0,0.0,0.0,1.0,0.0,0.0,0.0,0.0
-0.8778494759411026,-0.9422990450863568,-0.15072880420755003,0.09586417710442699,-0.7793468302568864,-0.35418948698466474,-0.6513847719133283,-0.6132186717941674,-0.3358111558318982,-0.3711462922722295,0.0077014240265197995,0.4867602116422442,0.0,1.0,0.0,0.0,0.0,0.0,0.0,1.0,0.0,0.0,1.0,0.0,0.0,0.0,0.0,0.0,0.0,0.0,0.0,0.0,0.0,1.0,0.0,0.0,1.0,1.0,0.0,0.0,1.0
0.3575182243406026,0.4500267035734388,-1.287557769015165,-0.8300397946481198,0.5183579443495752,-0.35418948698466474,-0.6513847719133283,-0.6132186717941674,-0.3358111558318982,-0.6215324237599409,-1.6528710134515006,-0.0074125920554656355,0.0,0.0,0.0,0.0,0.0,0.0,0.0,0.0,0.0,1.0,0.0,0.0,0.0,1.0,0.0,0.0,0.0,0.0,0.0,0.0,0.0,0.0,0.0,0.0,0.0,0.0,1.0,1.0,0.0
1.0714101685214525,-0.3264626562560625,0.2128026271224769,1.8952244010766968,0.935551649280514,-0.35418948698466474,0.4888949163375746,0.08627030743872333,-0.3358111558318982,-0.6675005723609428,-1.2186293106727446,-0.0074125920554656355,1.0,0.0,0.0,0.0,0.0,1.0,0.0,0.0,0.0,1.0,0.0,0.0,0.0,0.0,0.0,0.0,1.0,0.0,0.0,0.0,0.0,0.0,0.0,0.0,1.0,0.0,1.0,1.0,0.0
-1.2041204035550068,-0.4871156272552697,0.4575744138035423,-0.01306570192528424,-1.1660226249351882,0.9164454439020248,-0.6513847719133283,-0.7880909166023902,-0.3358111558318982,-0.6525231568073769,-1.4960615096702832,0.15731167584377098,0.0,0.0,1.0,0.0,0.0,0.0,0.0,1.0,0.0,0.0,0.0,0.0,0.0,1.0,0.0,0.0,0.0,0.0,0.0,0.0,0.0,0.0,0.0,0.0,0.0,0.0,1.0,0.0,1.0
0.3575182243406026,2.4581888410635284,-0.46711900254714944,-0.06349620147607656,-0.11635293656133498,-0.35418948698466474,-0.6513847719133283,-0.26347418217772206,-0.3358111558318982,0.7363192070747273,-1.0336745113410521,-0.0074125920554656355,1.0,0.0,1.0,0.0,0.0,0.0,0.0,1.0,0.0,0.0,1.0,0.0,0.0,1.0,0.0,0.0,0.0,0.0,0.0,0.0,0.0,0.0,0.0,0.0,1.0,0.0,0.0,1.0,0.0
1.205264908055362,-0.24613617075645894,0.3741706938974013,2.205876278309577,1.1519513765264877,-0.35418948698466474,-0.6513847719133283,-0.6132186717941674,-0.3358111558318982,0.07843514981982375,1.89745698241555,-0.33686112785393885,1.0,0.0,0.0,0.0,0.0,1.0,0.0,1.0,0.0,0.0,0.0,1.0,1.0,0.0,0.0,0.0,0.0,0.0,0.0,0.0,0.0,0.0,0.0,0.0,0.0,0.0,1.0,0.0,0.0
-0.9810291709984912,-0.7816460740871496,0.14027765329105008,-1.3242586902458844,-0.9767884617398578,-0.35418948698466474,-0.6513847719133283,-0.9629631614106129,-0.3358111558318982,-0.4165964899030794,1.6079625138963793,-0.08977472600508395,0.0,0.0,0.0,0.0,0.0,0.0,0.0,0.0,0.0,1.0,0.0,0.0,1.0,0.0,0.0,0.0,0.0,0.0,0.0,0.0,0.0,0.0,0.0,0.0,0.0,1.0,0.0,0.0,1.0
0.9905395967197157,0.28937373257423166,0.6978133896201434,0.059554217427856576,1.4039167996855724,0.9164454439020248,0.4888949163375746,1.8349927555209502,-0.3358111558318982,0.9885181669579711,0.4057563182403793,1.6398300869369005,0.0,0.0,1.0,0.0,0.0,0.0,0.0,1.0,0.0,0.0,1.0,0.0,0.0,1.0,0.0,0.0,0.0,0.0,0.0,0.0,0.0,0.0,0.0,0.0,0.0,0.0,1.0,1.0,0.0
-0.6463923221637177,-0.9958500354194257,-0.41181871000068637,-0.08770284126045706,-0.5231042757366366,-0.35418948698466474,1.6291746045884776,-0.9629631614106129,-0.3358111558318982,-0.5106045909856919,-0.8728442510526241,-0.5839475297027937,0.0,0.0,1.0,0.0,0.0,0.0,0.0,1.0,0.0,0.0,0.0,0.0,0.0,0.0,1.0,0.0,0.0,0.0,0.0,0.0,0.0,0.0,0.0,0.0,0.0,1.0,0.0,0.0,1.0
-1.0925747872767488,-0.3023647106061815,-0.2667687623378328,0.12208803687083915,-1.0299636083921804,0.9164454439020248,-0.6513847719133283,-0.26347418217772206,-0.3358111558318982,0.17261590122582032,0.8962886121200848,0.980933015339954,0.0,0.0,1.0,0.0,0.0,0.0,0.0,1.0,0.0,0.0,0.0,0.0,0.0,0.0,1.0,0.0,0.0,0.0,0.0,0.0,0.0,0.0,0.0,0.0,1.0,0.0,1.0,0.0,1.0
0.5806094568971182,-1.9597678614146687,-0.07639070603033753,-0.0655134214581082,0.05758373879271118,-0.35418948698466474,-0.6513847719133283,-0.4383464269859448,-0.3358111558318982,-0.48928227604776237,-1.2427538497160087,-0.913396065501267,1.0,1.0,0.0,0.0,0.0,0.0,0.0,1.0,0.0,0.0,0.0,0.0,0.0,1.0,0.0,0.0,0.0,0.0,0.0,0.0,0.0,0.0,0.0,0.0,1.0,1.0,0.0,1.0,0.0
-0.7579379384419755,-0.74710568532232,-1.3482974345989849,-0.08770284126045706,-0.6522659363008289,-0.35418948698466474,-0.6513847719133283,-1.1378354062188356,-0.3358111558318982,-0.5203161716760444,-0.5431422174613466,-1.3252067352493586,0.0,0.0,1.0,0.0,0.0,0.0,0.0,0.0,0.0,1.0,0.0,0.0,0.0,1.0,0.0,0.0,0.0,0.0,0.0,0.0,0.0,0.0,0.0,0.0,0.0,1.0,0.0,0.0,1.0
-0.579464952396763,-1.4242579580839783,3.4174999082986477,-0.3196831391941014,-0.4659602594428728,-0.35418948698466474,-0.6513847719133283,-0.26347418217772206,-0.3358111558318982,-0.040434597830091255,1.0812434114517775,-0.08977472600508395,0.0,1.0,0.0,0.0,0.0,0.0,0.0,1.0,0.0,0.0,1.0,0.0,0.0,0.0,0.0,0.0,0.0,1.0,0.0,0.0,0.0,0.0,0.0,0.0,0.0,1.0,0.0,0.0,1.0
-0.7579379384419755,-0.9690745402528912,1.321528164570414,0.4549293339060685,-0.6119992491619323,-0.35418948698466474,-0.6513847719133283,-0.6132186717941674,-0.3358111558318982,-0.3867711465384856,0.49421296139901455,-0.25449899390432057,0.0,0.0,1.0,0.0,0.0,0.0,0.0,0.0,0.0,1.0,1.0,0.0,0.0,1.0,0.0,0.0,0.0,0.0,0.0,0.0,0.0,0.0,0.0,0.0,1.0,1.0,0.0,0.0,1.0
1.6960656196796964,1.7888014619001653,-0.9666347598111015,2.17360075859707,1.6288707896538757,-0.35418948698466474,1.6291746045884776,-0.4383464269859448,-0.3358111558318982,0.25501326806085584,0.9606207162354564,-0.5015853957531755,1.0,0.0,0.0,0.0,0.0,1.0,0.0,1.0,0.0,0.0,1.0,0.0,0.0,1.0,0.0,0.0,0.0,0.0,0.0,0.0,0.0,0.0,0.0,0.0,1.0,0.0,0.0,0.0,0.0
-0.4233010896072021,-0.1390341900903208,0.6615509027044302,-0.11392670102686887,-0.26751677737079965,3.457715305675404,-0.6513847719133283,1.8349927555209502,-0.3358111558318982,1.0120849360998934,0.6550432216874427,1.7221922208865188,0.0,1.0,0.0,0.0,0.0,0.0,0.0,1.0,0.0,0.0,0.0,1.0,1.0,0.0,0.0,0.0,0.0,0.0,0.0,0.0,0.0,0.0,0.0,0.0,1.0,0.0,1.0,1.0,0.0
-0.7133196919306724,-0.08548319975725176,-0.10902694425447954,-0.8199536947379613,-0.6561577405123394,0.9164454439020248,0.4888949163375746,0.9606315314798368,-0.3358111558318982,-0.4208695854068345,-1.037695267848263,-0.25449899390432057,0.0,1.0,0.0,0.0,0.0,0.0,0.0,1.0,0.0,0.0,1.0,0.0,1.0,0.0,0.0,0.0,0.0,0.0,0.0,0.0,0.0,0.0,0.0,0.0,1.0,0.0,1.0,0.0,1.0
1.249883154566665,1.922678937732838,-0.8243044986669263,-0.9409868936598628,1.4722353033193172,-0.35418948698466474,-0.6513847719133283,-0.4383464269859448,-0.3358111558318982,0.4287858185468971,0.24090530144474043,-0.4192232618035572,0.0,1.0,0.0,0.0,0.0,0.0,0.0,1.0,0.0,0.0,0.0,0.0,0.0,1.0,0.0,0.0,0.0,0.0,0.0,0.0,0.0,0.0,0.0,0.0,0.0,0.0,0.0,0.0,0.0
1.6960656196796964,2.4581888410635284,0.008826138221589067,-1.1023644922223983,1.9153229927070388,-0.35418948698466474,-0.6513847719133283,0.6108870418633914,-0.3358111558318982,2.9979952808248713,1.314447288869998,-0.25449899390432057,0.0,0.0,0.0,0.0,0.0,0.0,0.0,1.0,0.0,0.0,0.0,1.0,1.0,0.0,0.0,0.0,0.0,0.0,0.0,0.0,0.0,0.0,0.0,0.0,1.0,0.0,0.0,0.0,0.0
-1.3156660198332646,1.3871690344021474,-0.9838594410960653,-1.150777771791159,-1.3264728500513265,0.9164454439020248,0.4888949163375746,2.534481734753841,-0.3358111558318982,-0.3166751152445633,-0.9894461897617346,3.451797033828503,0.0,0.0,0.0,0.0,0.0,0.0,0.0,1.0,0.0,0.0,1.0,0.0,0.0,1.0,0.0,0.0,0.0,0.0,0.0,0.0,0.0,0.0,0.0,0.0,1.0,0.0,0.0,0.0,1.0
-0.5348467058854599,-1.156503006418633,0.6416065349007879,0.5981519526303185,-0.33020950461958853,-0.35418948698466474,-0.6513847719133283,-0.6132186717941674,-0.3358111558318982,-0.6283089489527646,-0.09281748865374777,-1.3252067352493586,0.0,0.0,1.0,0.0,0.0,0.0,0.0,0.0,1.0,0.0,0.0,1.0,0.0,1.0,0.0,0.0,0.0,0.0,0.0,0.0,0.0,0.0,0.0,0.0,1.0,1.0,0.0,1.0,0.0
-1.148347595415878,-0.6209931030879423,-0.5614014685280042,-1.1225366920427151,-1.1459856131531534,-0.35418948698466474,-0.6513847719133283,0.26114255224694605,-0.3358111558318982,-0.583678840357989,-1.7292653870885037,1.8869164887857555,0.0,0.0,0.0,0.0,0.0,0.0,0.0,1.0,0.0,0.0,1.0,0.0,0.0,0.0,1.0,0.0,0.0,0.0,0.0,0.0,0.0,0.0,0.0,0.0,0.0,0.0,1.0,0.0,1.0
-0.8471744314645817,-0.4345285547481959,-0.924932899858031,-1.4170508094193424,-0.8408835760567119,-0.35418948698466474,-0.6513847719133283,0.4360147970551687,-0.3358111558318982,-0.42993372738449687,-1.7614314391461894,0.15731167584377098,0.0,0.0,0.0,0.0,0.0,0.0,0.0,1.0,0.0,0.0,0.0,1.0,1.0,0.0,0.0,0.0,0.0,0.0,0.0,0.0,0.0,0.0,0.0,0.0,0.0,0.0,1.0,0.0,1.0
-0.7579379384419755,-0.4871156272552697,0.21461575146826256,-0.7291787955465352,-0.6986978578341972,-0.35418948698466474,0.4888949163375746,-0.6132186717941674,-0.3358111558318982,-0.472794170164586,-1.2146085541655338,-0.4192232618035572,0.0,1.0,0.0,0.0,0.0,0.0,0.0,0.0,0.0,1.0,0.0,0.0,1.0,0.0,0.0,0.0,0.0,0.0,0.0,0.0,0.0,0.0,0.0,0.0,1.0,0.0,1.0,0.0,1.0
-0.5348467058854599,-1.0226255305859604,-0.3247887414029743,-0.4588713179542885,-0.42777433891211064,-0.35418948698466474,-0.6513847719133283,-0.4383464269859448,-0.3358111558318982,-0.3182289681550197,0.2770921100096367,-0.7486717976020304,0.0,1.0,0.0,0.0,0.0,0.0,0.0,0.0,0.0,1.0,1.0,0.0,1.0,0.0,0.0,0.0,0.0,0.0,0.0,0.0,0.0,0.0,0.0,0.0,1.0,1.0,0.0,1.0,0.0
-0.08866424077242865,0.02161878090888636,-0.34563967137950957,1.6007102837000695,-0.22617117421287058,-0.35418948698466474,-0.6513847719133283,1.1355037762880595,-0.3358111558318982,-0.5695215138404973,-1.5965804223505506,1.3103815511384274,1.0,0.0,0.0,0.0,1.0,0.0,0.0,0.0,0.0,1.0,1.0,0.0,0.0,1.0,0.0,0.0,0.0,0.0,0.0,0.0,0.0,0.0,0.0,0.0,0.0,0.0,1.0,1.0,0.0
0.13442699178408696,-1.0494010257524948,0.6443262214194662,-0.533508457289461,0.31598412535102616,-0.35418948698466474,1.6291746045884776,-0.08860193736949937,1.4162470485084402,-0.3234084778565411,-0.6396403736344034,-0.25449899390432057,0.0,1.0,0.0,0.0,0.0,0.0,0.0,1.0,0.0,0.0,0.0,0.0,0.0,1.0,0.0,0.0,0.0,0.0,0.0,0.0,0.0,0.0,0.0,0.0,1.0,1.0,0.0,1.0,0.0
-0.6491809625706741,-1.2903804822513056,1.2907050506920574,0.2532073357028992,-0.49809654372405887,-0.35418948698466474,-0.6513847719133283,-0.26347418217772206,-0.3358111558318982,-0.48000232116586994,-0.49087238286760754,-0.5839475297027937,0.0,0.0,1.0,0.0,0.0,0.0,0.0,1.0,0.0,0.0,1.0,0.0,0.0,0.0,0.0,0.0,1.0,0.0,0.0,0.0,0.0,0.0,0.0,0.0,1.0,1.0,0.0,0.0,1.0
0.061922341203219385,0.5839041794061115,1.7575845697318673,3.452518227205164,0.23452596591406263,-0.35418948698466474,0.4888949163375746,0.6108870418633914,1.4162470485084402,-0.23988888391950927,-0.7160347472714067,1.8869164887857555,1.0,0.0,0.0,0.0,0.0,1.0,0.0,0.0,0.0,1.0,1.0,0.0,1.0,0.0,0.0,0.0,0.0,0.0,0.0,0.0,0.0,0.0,0.0,0.0,0.0,0.0,1.0,1.0,0.0
1.7351065853770866,-0.19258518042338987,0.979754225389815,3.315347268427008,2.061785842290719,-0.35418948698466474,-0.6513847719133283,1.1355037762880595,-0.3358111558318982,1.3190140484958794,0.7274168388172352,2.1340028906346102,1.0,0.0,0.0,0.0,0.0,1.0,0.0,1.0,0.0,0.0,1.0,0.0,1.0,0.0,0.0,0.0,0.0,0.0,0.0,0.0,0.0,0.0,0.0,0.0,1.0,0.0,1.0,0.0,0.0
-0.9810291709984912,-0.8887480547532877,0.00791957604869609,0.4549293339060685,-1.1314973123261438,-0.35418948698466474,1.6291746045884776,0.26114255224694605,-0.3358111558318982,-0.26116803627659285,-0.5592252434901893,-0.08977472600508395,1.0,0.0,1.0,0.0,0.0,0.0,0.0,0.0,0.0,1.0,1.0,0.0,0.0,1.0,0.0,0.0,0.0,0.0,0.0,0.0,0.0,0.0,0.0,0.0,0.0,1.0,0.0,0.0,1.0
-0.4456102128628536,-0.6209931030879423,-1.380027110650234,0.4912392935826389,-0.6845178187269112,-0.35418948698466474,0.4888949163375746,-1.1378354062188356,1.4162470485084402,-0.6586522432875105,-1.5523521007712329,-1.489931003148595,1.0,0.0,1.0,0.0,0.0,0.0,0.0,0.0,0.0,1.0,1.0,0.0,0.0,1.0,0.0,0.0,0.0,0.0,0.0,0.0,0.0,0.0,0.0,0.0,1.0,0.0,1.0,1.0,0.0
-0.8471744314645817,0.2625982374076971,-0.8342766825687474,-1.3242586902458844,-0.8350651360969287,-0.35418948698466474,-0.6513847719133283,0.08627030743872333,-0.3358111558318982,-0.3288469630431385,-0.5391214609541358,-0.17213685995470224,0.0,0.0,0.0,0.0,0.0,0.0,0.0,1.0,0.0,0.0,0.0,0.0,0.0,0.0,1.0,0.0,0.0,0.0,0.0,0.0,0.0,0.0,0.0,0.0,0.0,0.0,1.0,0.0,1.0
-0.7579379384419755,-0.6209931030879423,-0.04828727867065977,0.7938222908873924,-0.5863749937099074,-0.35418948698466474,1.6291746045884776,-0.26347418217772206,-0.3358111558318982,-0.33765212953572477,0.13636563225726211,-0.5015853957531755,0.0,0.0,0.0,1.0,0.0,0.0,0.0,0.0,1.0,0.0,0.0,0.0,0.0,1.0,0.0,0.0,0.0,0.0,0.0,0.0,0.0,0.0,0.0,0.0,0.0,0.0,1.0,0.0,1.0
0.9236122269527609,-0.4871156272552697,0.07409861466987308,1.197266287293731,0.620739368012779,-0.35418948698466474,-0.6513847719133283,-0.08860193736949937,-0.3358111558318982,-0.027226848091211814,1.2903227498267336,-0.4192232618035572,1.0,0.0,0.0,0.0,1.0,0.0,0.0,0.0,0.0,1.0,1.0,0.0,0.0,1.0,0.0,0.0,0.0,0.0,0.0,0.0,0.0,0.0,0.0,0.0,1.0,0.0,1.0,1.0,0.0
0.9152463057318916,2.163658394231649,-0.14166318247862153,-1.2233976911442999,1.0508029997421786,-0.35418948698466474,2.7694542928393804,0.6108870418633914,-0.3358111558318982,0.8203135894010652,0.6630847347018642,-0.5839475297027937,0.0,0.0,0.0,0.0,0.0,0.0,0.0,1.0,0.0,0.0,0.0,0.0,1.0,0.0,0.0,0.0,0.0,0.0,0.0,0.0,0.0,0.0,0.0,0.0,0.0,0.0,0.0,1.0,0.0
0.49137296387451196,0.18227175190809353,-0.8932032238067817,-0.5314912373074293,-0.0980113642377803,-0.35418948698466474,-0.6513847719133283,-0.6132186717941674,-0.3358111558318982,0.22285714533057743,-0.3099383400431259,-0.5839475297027937,1.0,1.0,0.0,0.0,0.0,0.0,0.0,0.0,0.0,1.0,0.0,0.0,0.0,1.0,0.0,0.0,0.0,0.0,0.0,0.0,0.0,0.0,0.0,0.0,1.0,0.0,1.0,1.0,0.0
-0.5348467058854599,0.3161492277407662,-1.3655221158839488,-0.8199536947379613,-0.4601032867681243,-0.35418948698466474,-0.6513847719133283,-0.9629631614106129,-0.3358111558318982,-0.34827012442384353,-0.36622893114407573,-0.9957581994508853,0.0,1.0,0.0,0.0,0.0,0.0,0.0,0.0,0.0,1.0,0.0,0.0,0.0,1.0,0.0,0.0,0.0,0.0,0.0,0.0,0.0,0.0,0.0,0.0,1.0,0.0,1.0,1.0,0.0
-1.0925747872767488,-0.8887480547532877,1.881783587418186,-0.632352236409014,-1.0643347901413627,-0.35418948698466474,0.4888949163375746,0.9606315314798368,-0.3358111558318982,-0.45306887071795887,-1.8177220302471393,0.3220359437430076,0.0,1.0,0.0,0.0,0.0,0.0,0.0,0.0,1.0,0.0,0.0,1.0,0.0,0.0,0.0,0.0,0.0,0.0,0.0,1.0,0.0,0.0,0.0,0.0,0.0,1.0,0.0,0.0,1.0
2.2537937010709856,0.47680219873997337,-0.6729086157938229,-1.2233976911442999,2.478324491067245,-0.35418948698466474,0.4888949163375746,3.5837152036031767,-0.3358111558318982,0.7993365751099037,-0.5431422174613466,1.7221922208865188,0.0,0.0,0.0,0.0,0.0,0.0,0.0,1.0,0.0,0.0,1.0,0.0,1.0,0.0,0.0,0.0,0.0,0.0,0.0,0.0,0.0,0.0,0.0,0.0,0.0,0.0,1.0,0.0,0.0
-0.8694835547202333,1.2532915585694748,-0.12987787423101477,-0.2793387395534677,-0.7936424675090687,-0.35418948698466474,2.7694542928393804,-0.6132186717941674,-0.3358111558318982,-0.3043306171226041,0.7957696994398172,0.3220359437430076,0.0,1.0,0.0,0.0,0.0,0.0,0.0,1.0,0.0,0.0,0.0,0.0,0.0,1.0,0.0,0.0,0.0,0.0,0.0,0.0,0.0,0.0,0.0,0.0,0.0,0.0,0.0,0.0,1.0
-0.31175547332894427,-0.35323815142259707,0.1910451349730487,-0.08770284126045706,-0.13573489218895698,-0.35418948698466474,-0.6513847719133283,-1.1378354062188356,-0.3358111558318982,-0.46934116369690515,1.3224888018844196,0.3220359437430076,0.0,0.0,1.0,0.0,0.0,0.0,0.0,1.0,0.0,0.0,0.0,1.0,0.0,1.0,0.0,0.0,0.0,0.0,0.0,0.0,0.0,0.0,0.0,0.0,1.0,0.0,1.0,1.0,0.0
0.13442699178408696,-0.299687161089528,0.8682470781239966,-0.4326474581878763,0.33051095889300114,-0.35418948698466474,0.4888949163375746,0.6108870418633914,-0.3358111558318982,0.8741804902968873,-0.6878894517209319,0.07494954189415268,0.0,1.0,0.0,0.0,0.0,0.0,0.0,0.0,0.0,1.0,1.0,0.0,0.0,1.0,0.0,0.0,0.0,0.0,0.0,0.0,0.0,0.0,0.0,0.0,0.0,0.0,1.0,1.0,0.0
-1.148347595415878,-0.8887480547532877,-1.2186590438753095,-0.7836437350613908,-1.1324991629152454,-0.35418948698466474,-0.6513847719133283,-1.1378354062188356,-0.3358111558318982,-0.5297256143004749,-0.4747893568387645,-1.3252067352493586,0.0,1.0,0.0,0.0,0.0,0.0,0.0,0.0,0.0,1.0,0.0,0.0,1.0,0.0,0.0,0.0,0.0,0.0,0.0,0.0,0.0,0.0,0.0,0.0,0.0,1.0,0.0,0.0,1.0
-1.2041204035550068,-0.6477685982544769,-0.4072858991362223,-0.7675059752051373,-1.193342319845693,-0.35418948698466474,-0.6513847719133283,-1.487579895835281,-0.3358111558318982,-0.6368983025411209,0.23688454493752967,-1.160482467350122,0.0,1.0,0.0,0.0,0.0,0.0,0.0,0.0,0.0,1.0,0.0,0.0,0.0,0.0,0.0,0.0,0.0,0.0,0.0,0.0,0.0,0.0,0.0,0.0,1.0,1.0,0.0,0.0,1.0
-0.5348467058854599,0.04839427607542089,0.8709667646426749,-0.15427110066750294,-0.400107849566917,-0.35418948698466474,-0.6513847719133283,-0.6132186717941674,-0.3358111558318982,0.8006746151161301,2.0381834601679247,0.07494954189415268,0.0,0.0,1.0,0.0,0.0,0.0,0.0,1.0,0.0,0.0,1.0,0.0,0.0,1.0,0.0,0.0,0.0,0.0,0.0,0.0,0.0,0.0,0.0,0.0,1.0,0.0,1.0,1.0,0.0
0.008938173471046924,-0.4603401320887352,0.6470459079381448,0.8240805906178682,-0.2564578881757152,-0.35418948698466474,-0.6513847719133283,-1.1378354062188356,-0.3358111558318982,0.4835159710596394,1.7567305046631754,-0.9957581994508853,1.0,0.0,0.0,1.0,0.0,0.0,0.0,0.0,0.0,1.0,1.0,0.0,0.0,1.0,0.0,0.0,0.0,0.0,0.0,0.0,0.0,0.0,0.0,0.0,1.0,0.0,1.0,1.0,0.0
-1.3323978622750032,-1.5075297480519005,-0.6964792322890366,2.0868602993697074,-1.2578846174128235,-0.35418948698466474,0.4888949163375746,-1.6624521406435036,-0.3358111558318982,-0.6415166986916441,-0.36622893114407573,-1.73701740499745,0.0,0.0,0.0,0.0,1.0,0.0,0.0,0.0,0.0,1.0,0.0,1.0,0.0,1.0,0.0,0.0,0.0,0.0,0.0,0.0,0.0,0.0,0.0,0.0,1.0,1.0,0.0,0.0,1.0
0.5806094568971182,0.4500267035734388,0.3705444452058301,2.570993095057314,0.6129942923047234,-0.35418948698466474,1.6291746045884776,0.6108870418633914,-0.3358111558318982,0.7746907414468314,1.5637341923170618,0.4867602116422442,1.0,0.0,0.0,0.0,0.0,0.0,1.0,1.0,0.0,0.0,0.0,1.0,0.0,1.0,0.0,0.0,0.0,0.0,0.0,0.0,0.0,0.0,0.0,0.0,1.0,0.0,1.0,1.0,0.0
-0.8694835547202333,0.02161878090888636,-0.057352900399587924,0.39642995442714923,-0.7499849014532127,-0.35418948698466474,-0.6513847719133283,0.9606315314798368,-0.3358111558318982,0.18737750387515617,-0.31797985305754717,-0.0074125920554656355,0.0,0.0,1.0,0.0,0.0,0.0,0.0,1.0,0.0,0.0,0.0,0.0,0.0,1.0,0.0,0.0,0.0,0.0,0.0,0.0,0.0,0.0,0.0,0.0,1.0,0.0,1.0,0.0,1.0
1.0267919220101493,2.0565564135655108,-0.6982923566348223,0.7050646116779984,0.5907609157696577,-0.35418948698466474,1.6291746045884776,0.08627030743872333,-0.3358111558318982,-0.19487031209711955,-0.6637649126776677,-0.4192232618035572,1.0,0.0,0.0,1.0,0.0,0.0,0.0,1.0,0.0,0.0,0.0,1.0,0.0,1.0,0.0,0.0,0.0,0.0,0.0,0.0,0.0,0.0,0.0,0.0,1.0,0.0,0.0,1.0,0.0
-0.9810291709984912,-0.8619725595867531,0.7775908608347131,0.25724177566696255,-0.8913999653764182,-0.35418948698466474,0.4888949163375746,-0.4383464269859448,-0.3358111558318982,-0.4105537285846378,0.1886354668510014,-0.17213685995470224,0.0,0.0,1.0,0.0,0.0,0.0,0.0,0.0,0.0,1.0,0.0,1.0,0.0,1.0,0.0,0.0,0.0,0.0,0.0,0.0,0.0,0.0,0.0,0.0,0.0,1.0,0.0,0.0,1.0
-0.2559826651898154,-0.2648790173730331,-0.41272527217357935,-1.5602734281435924,-0.23476396965016624,-0.35418948698466474,-0.6513847719133283,2.7093539795620636,-0.3358111558318982,-0.3022156506611495,-1.7614314391461894,2.4634514264330836,0.0,0.0,0.0,0.0,0.0,0.0,0.0,0.0,0.0,1.0,0.0,0.0,0.0,1.0,0.0,0.0,0.0,0.0,0.0,0.0,0.0,0.0,0.0,0.0,0.0,0.0,1.0,1.0,0.0
-0.7579379384419755,-0.5406666175883388,-0.5314849168225406,2.1836868585072287,-0.47782833565223165,-0.35418948698466474,1.6291746045884776,-0.4383464269859448,-0.3358111558318982,-0.3859510575024114,1.0892849244661984,-1.0781203334005036,0.0,0.0,0.0,0.0,1.0,0.0,0.0,1.0,0.0,0.0,1.0,0.0,0.0,1.0,0.0,0.0,0.0,0.0,0.0,0.0,0.0,0.0,0.0,0.0,0.0,0.0,1.0,0.0,1.0
-0.08866424077242865,-0.6209931030879423,1.052279199221242,0.059554217427856576,0.14146945927249813,-0.35418948698466474,1.6291746045884776,0.9606315314798368,-0.3358111558318982,-0.14769361123242924,-1.037695267848263,0.6514844795414808,0.0,0.0,1.0,0.0,0.0,0.0,0.0,1.0,0.0,0.0,0.0,0.0,0.0,1.0,0.0,0.0,0.0,0.0,0.0,0.0,0.0,0.0,0.0,0.0,1.0,0.0,1.0,1.0,0.0
-0.5348467058854599,-1.156503006418633,-0.07639070603033753,-0.4871123977027319,-0.4303174980998305,-0.35418948698466474,-0.6513847719133283,-1.3127076510270583,-0.3358111558318982,-0.17587877652487457,0.4700884223557506,-1.160482467350122,0.0,1.0,0.0,0.0,0.0,0.0,0.0,1.0,0.0,0.0,0.0,1.0,0.0,1.0,0.0,0.0,0.0,0.0,0.0,0.0,0.0,0.0,0.0,0.0,0.0,1.0,0.0,1.0,0.0
1.4729743871231806,0.3161492277407662,0.19285825931883432,-0.335820899050355,1.8669259027104324,-0.35418948698466474,-0.6513847719133283,0.4360147970551687,-0.3358111558318982,-0.23652220261352042,-0.6074743215767179,0.15731167584377098,0.0,1.0,0.0,0.0,0.0,0.0,0.0,0.0,0.0,1.0,0.0,1.0,0.0,0.0,0.0,0.0,0.0,0.0,0.0,1.0,0.0,0.0,0.0,0.0,0.0,0.0,1.0,0.0,0.0
0.5806094568971182,-0.9572933223796161,-0.4707452512387207,0.10595027701458559,0.9329314246628636,-0.35418948698466474,-0.6513847719133283,-0.7880909166023902,-0.3358111558318982,-0.10211392585904135,0.8681433165696097,-1.0781203334005036,0.0,0.0,1.0,0.0,0.0,0.0,0.0,0.0,1.0,0.0,0.0,0.0,0.0,1.0,0.0,0.0,0.0,0.0,0.0,0.0,0.0,0.0,0.0,0.0,0.0,1.0,0.0,1.0,0.0
-1.2487386500663098,-1.7054006573325908,0.034209879062588225,2.508459275614331,-1.130148667302353,0.9164454439020248,0.4888949163375746,-1.1378354062188356,-0.3358111558318982,-0.6180362547114139,0.7394791083388678,-0.6663096636524121,0.0,0.0,0.0,0.0,1.0,0.0,0.0,0.0,0.0,1.0,0.0,1.0,1.0,0.0,0.0,0.0,0.0,0.0,0.0,0.0,0.0,0.0,0.0,0.0,1.0,1.0,0.0,0.0,1.0
-0.7579379384419755,0.14210850915829173,0.9996985931934577,-0.41650969833162277,-0.6761947522943739,-0.35418948698466474,-0.6513847719133283,0.6108870418633914,-0.3358111558318982,-0.12822728727087815,0.03986747608420531,1.7221922208865188,0.0,1.0,0.0,0.0,0.0,0.0,0.0,1.0,0.0,0.0,0.0,0.0,0.0,1.0,0.0,0.0,0.0,0.0,0.0,0.0,0.0,0.0,0.0,0.0,1.0,0.0,1.0,0.0,1.0
-1.5220254099480415,-0.299687161089528,-0.33838717399636686,0.20882849609820187,-1.5336247257055915,-0.35418948698466474,2.7694542928393804,-0.26347418217772206,-0.3358111558318982,-0.22823498709108625,0.24090530144474043,-0.5015853957531755,0.0,1.0,0.0,0.0,0.0,0.0,0.0,1.0,0.0,0.0,1.0,0.0,0.0,1.0,0.0,0.0,0.0,0.0,0.0,0.0,0.0,0.0,0.0,0.0,1.0,0.0,1.0,0.0,1.0
-0.7579379384419755,-0.299687161089528,1.4103712575139116,0.18865629627788502,-0.6318435973691398,-0.35418948698466474,0.4888949163375746,0.6108870418633914,-0.3358111558318982,-0.19297115853989505,-0.05260992358164074,0.15731167584377098,0.0,0.0,1.0,0.0,0.0,0.0,0.0,0.0,0.0,1.0,0.0,1.0,0.0,0.0,0.0,0.0,0.0,0.0,0.0,0.0,0.0,0.0,1.0,0.0,0.0,0.0,1.0,0.0,1.0
-0.8694835547202333,2.4581888410635284,-0.7109842270553219,0.10796749699661724,-0.7687503336413873,0.9164454439020248,-0.6513847719133283,-0.9629631614106129,-0.3358111558318982,-0.7186482306634662,-0.7522215558363032,-0.913396065501267,0.0,0.0,1.0,0.0,0.0,0.0,0.0,1.0,0.0,0.0,1.0,0.0,0.0,1.0,0.0,0.0,0.0,0.0,0.0,0.0,0.0,0.0,0.0,0.0,0.0,0.0,0.0,0.0,1.0
-1.1873885611132682,-1.102952016085564,0.4104331808131149,1.3041789463414108,-1.0948912331089653,-0.35418948698466474,1.6291746045884776,-0.6132186717941674,3.1683052528487785,-0.5361568388465305,1.0008282813075635,-0.7486717976020304,0.0,0.0,0.0,0.0,1.0,0.0,0.0,1.0,0.0,0.0,1.0,0.0,0.0,1.0,0.0,0.0,0.0,0.0,0.0,0.0,0.0,0.0,0.0,0.0,1.0,1.0,0.0,0.0,1.0
-1.5387572523897801,2.1368828990651143,-0.497035554252613,-1.1427088918630322,-1.565606879126916,-0.35418948698466474,-0.6513847719133283,0.6108870418633914,-0.3358111558318982,0.7469372019628461,1.8170418522713359,0.7338466134910991,0.0,0.0,0.0,0.0,0.0,0.0,0.0,1.0,0.0,0.0,1.0,0.0,0.0,0.0,0.0,0.0,0.0,0.0,0.0,1.0,0.0,0.0,0.0,0.0,0.0,0.0,0.0,0.0,1.0
-0.31175547332894427,-0.7280950837540805,-0.5396439763785761,-1.5602734281435924,-0.29279423838813556,-0.35418948698466474,-0.6513847719133283,-0.26347418217772206,-0.3358111558318982,-0.30031649710392505,0.24894681445916195,-0.25449899390432057,0.0,0.0,0.0,0.0,0.0,0.0,0.0,1.0,0.0,0.0,0.0,0.0,0.0,1.0,0.0,0.0,0.0,0.0,0.0,0.0,0.0,0.0,0.0,0.0,1.0,1.0,0.0,1.0,0.0
0.5806094568971182,-0.21936067558992442,-0.4226974560754005,0.5961347326482872,1.0244851554207752,-0.35418948698466474,0.4888949163375746,-0.9629631614106129,-0.3358111558318982,-0.23630638970929035,1.1174302200166735,-0.7486717976020304,0.0,0.0,1.0,0.0,0.0,0.0,0.0,0.0,1.0,0.0,1.0,0.0,0.0,1.0,0.0,0.0,0.0,0.0,0.0,0.0,0.0,0.0,0.0,0.0,1.0,0.0,1.0,1.0,0.0
-0.5348467058854599,2.4581888410635284,-0.21328159413715575,-0.41650969833162277,-0.4239596001305312,-0.35418948698466474,-0.6513847719133283,-0.4383464269859448,-0.3358111558318982,-0.1824826513943143,2.1427231293554025,-0.08977472600508395,0.0,1.0,0.0,0.0,0.0,0.0,0.0,1.0,0.0,0.0,0.0,0.0,0.0,1.0,0.0,0.0,0.0,0.0,0.0,0.0,0.0,0.0,0.0,0.0,0.0,0.0,0.0,1.0,0.0
1.0267919220101493,-0.4871156272552697,-0.7544992113541781,-1.3242586902458844,1.1486760957544242,0.9164454439020248,0.4888949163375746,-0.9629631614106129,-0.3358111558318982,-0.0007681860326069105,1.137534002552727,-0.6663096636524121,0.0,0.0,0.0,0.0,0.0,0.0,0.0,0.0,1.0,0.0,1.0,0.0,1.0,0.0,0.0,0.0,0.0,0.0,0.0,0.0,0.0,0.0,0.0,0.0,1.0,0.0,1.0,1.0,0.0
1.4729743871231806,2.324311365230856,0.9108555002499598,-1.150777771791159,1.6633961022629196,-0.35418948698466474,-0.6513847719133283,0.6108870418633914,1.4162470485084402,1.2771895076560944,0.9686622292498773,-0.33686112785393885,0.0,0.0,0.0,0.0,0.0,0.0,0.0,0.0,1.0,0.0,0.0,0.0,1.0,0.0,0.0,0.0,0.0,0.0,0.0,0.0,0.0,0.0,0.0,0.0,1.0,0.0,0.0,0.0,0.0
2.594704990821411,-1.31715597741784,3.1645690620615476,0.5981519526303185,2.0645216650532654,-0.35418948698466474,0.4888949163375746,-0.9629631614106129,-0.3358111558318982,-0.26898046340972087,1.5315681402593757,-1.0781203334005036,1.0,0.0,1.0,0.0,0.0,0.0,0.0,0.0,0.0,1.0,1.0,0.0,0.0,1.0,0.0,0.0,0.0,0.0,0.0,0.0,0.0,0.0,0.0,0.0,1.0,1.0,0.0,0.0,0.0
-0.8694835547202333,2.4581888410635284,-0.1761125450485495,0.8139944907077097,-0.7223954775379497,-0.35418948698466474,-0.6513847719133283,0.4360147970551687,-0.3358111558318982,0.049473058072150196,0.20471849287984417,1.3927436850880455,0.0,0.0,0.0,1.0,0.0,0.0,0.0,1.0,0.0,0.0,0.0,0.0,0.0,1.0,0.0,0.0,0.0,0.0,0.0,0.0,0.0,0.0,0.0,0.0,0.0,0.0,0.0,0.0,1.0
0.2236634848066932,-0.8887480547532877,0.021518008642088485,-0.31564869923003813,0.4491146555566595,-0.35418948698466474,-0.6513847719133283,-0.9629631614106129,-0.3358111558318982,0.029618270882985017,-0.16519110578354057,-1.160482467350122,0.0,1.0,0.0,0.0,0.0,0.0,0.0,0.0,1.0,0.0,0.0,0.0,0.0,1.0,0.0,0.0,0.0,0.0,0.0,0.0,0.0,0.0,0.0,0.0,1.0,1.0,0.0,1.0,0.0
-0.2671372268176411,-0.35859325045590396,1.898101706530257,0.39642995442714923,-0.5480734750342491,-0.35418948698466474,-0.6513847719133283,0.7857592866716141,-0.3358111558318982,-0.29392843513871536,-0.9371763551679955,-0.25449899390432057,1.0,0.0,1.0,0.0,0.0,0.0,0.0,1.0,0.0,0.0,0.0,1.0,1.0,0.0,0.0,0.0,0.0,0.0,0.0,0.0,0.0,0.0,0.0,0.0,1.0,0.0,1.0,1.0,0.0
-0.9810291709984912,0.18227175190809353,0.5953718640832532,-0.31564869923003813,-0.922996791648088,0.9164454439020248,0.4888949163375746,-0.26347418217772206,-0.3358111558318982,-0.5324880194746197,-0.5109761654036611,0.07494954189415268,0.0,1.0,0.0,0.0,0.0,0.0,0.0,0.0,0.0,1.0,0.0,1.0,0.0,1.0,0.0,0.0,0.0,0.0,0.0,0.0,0.0,0.0,0.0,0.0,0.0,0.0,1.0,0.0,1.0
1.1383375382884073,-0.4871156272552697,0.914481748941531,1.0883364082640197,1.8191453361532732,0.9164454439020248,-0.6513847719133283,-0.6132186717941674,-0.3358111558318982,0.08046379111958628,1.5999210008819578,-1.2428446012997403,0.0,0.0,0.0,1.0,0.0,0.0,0.0,1.0,0.0,0.0,1.0,0.0,0.0,1.0,0.0,0.0,0.0,0.0,0.0,0.0,0.0,0.0,0.0,0.0,1.0,0.0,1.0,0.0,0.0
-0.780247061697627,-0.4871156272552697,1.0151101501326356,-0.7291787955465352,-0.723358795412086,-0.35418948698466474,-0.6513847719133283,0.6108870418633914,-0.3358111558318982,-0.02200417580884445,-0.728097016793039,0.3220359437430076,0.0,1.0,0.0,0.0,0.0,0.0,0.0,1.0,0.0,0.0,0.0,0.0,0.0,1.0,0.0,0.0,0.0,0.0,0.0,0.0,0.0,0.0,0.0,0.0,0.0,0.0,1.0,0.0,1.0
1.562210880145787,-0.35323815142259707,0.4983697115837198,-0.3196831391941014,1.9726211398606646,0.9164454439020248,-0.6513847719133283,0.4360147970551687,-0.3358111558318982,0.5841711095925377,1.350634097434894,0.8985708813903357,0.0,1.0,0.0,0.0,0.0,0.0,0.0,1.0,0.0,0.0,1.0,0.0,0.0,1.0,0.0,0.0,0.0,0.0,0.0,0.0,0.0,0.0,0.0,0.0,0.0,0.0,1.0,0.0,0.0
-1.03680197913762,1.52104651023482,-1.1443209456980972,-0.9409868936598628,-1.0173248778835122,-0.35418948698466474,0.4888949163375746,-0.6132186717941674,1.4162470485084402,-0.5286897123601706,-1.2105877976583233,1.0632951492895724,0.0,1.0,0.0,0.0,0.0,0.0,0.0,1.0,0.0,0.0,0.0,0.0,0.0,1.0,0.0,0.0,0.0,0.0,0.0,0.0,0.0,0.0,0.0,0.0,1.0,0.0,0.0,0.0,1.0
-0.5348467058854599,-0.808421569253684,-0.200589723716656,-0.3257347991401967,-0.4157135991279245,-0.35418948698466474,0.4888949163375746,0.4360147970551687,1.4162470485084402,-0.31486228684903084,-0.5712875130118216,0.4867602116422442,0.0,1.0,0.0,0.0,0.0,0.0,0.0,0.0,1.0,0.0,1.0,0.0,1.0,0.0,0.0,0.0,0.0,0.0,0.0,0.0,0.0,0.0,0.0,0.0,1.0,1.0,0.0,1.0,0.0
-0.8694835547202333,-0.701319588587546,-0.5441767872430404,2.508459275614331,-0.6058340147674602,-0.35418948698466474,0.4888949163375746,-0.4383464269859448,-0.3358111558318982,-0.6264529579763861,-0.6275781041127714,-0.4192232618035572,0.0,0.0,0.0,0.0,1.0,0.0,0.0,0.0,0.0,1.0,1.0,0.0,0.0,1.0,0.0,0.0,0.0,0.0,0.0,0.0,0.0,0.0,0.0,0.0,1.0,1.0,0.0,0.0,1.0
-0.9810291709984912,-0.4067891417556661,-0.44536151039772137,-0.4326474581878763,-0.9293546896173875,-0.35418948698466474,-0.6513847719133283,0.08627030743872333,-0.3358111558318982,-0.5255820065392578,-1.0135707288049987,0.2396738097933893,0.0,1.0,0.0,0.0,0.0,0.0,0.0,0.0,0.0,1.0,0.0,0.0,1.0,0.0,0.0,0.0,0.0,0.0,0.0,0.0,0.0,0.0,0.0,0.0,1.0,0.0,1.0,0.0,1.0
-1.0925747872767488,-1.5742007310165715,0.35422632609375904,-1.2274321311083634,-1.0906526344627658,-0.35418948698466474,-0.6513847719133283,0.08627030743872333,-0.3358111558318982,-0.5535081963466271,-1.3432727623962764,0.3220359437430076,0.0,0.0,0.0,0.0,0.0,0.0,0.0,0.0,1.0,0.0,0.0,0.0,1.0,0.0,0.0,0.0,0.0,0.0,0.0,0.0,0.0,0.0,0.0,0.0,0.0,1.0,0.0,0.0,1.0
-1.2041204035550068,0.18227175190809353,-0.15888786376358552,0.28951729537946963,-1.154809604880242,0.9164454439020248,-0.6513847719133283,-0.6132186717941674,-0.3358111558318982,-0.20225111342178748,1.0370150898724595,-0.5839475297027937,0.0,0.0,1.0,0.0,0.0,0.0,0.0,0.0,0.0,1.0,0.0,0.0,0.0,0.0,0.0,0.0,0.0,0.0,0.0,1.0,0.0,0.0,0.0,0.0,1.0,0.0,1.0,0.0,1.0
0.13442699178408696,1.9880646969295153,-1.2621740281741656,-1.4009130495630886,0.19337302633096085,-0.35418948698466474,-0.6513847719133283,-0.9629631614106129,-0.3358111558318982,-0.5699963022298034,-1.5965804223505506,-0.6663096636524121,0.0,0.0,0.0,0.0,0.0,0.0,0.0,1.0,0.0,0.0,0.0,0.0,0.0,0.0,0.0,0.0,0.0,1.0,0.0,0.0,0.0,0.0,0.0,0.0,0.0,0.0,0.0,1.0,0.0
-0.5348467058854599,-0.6209931030879423,0.3370016448087951,-0.3257347991401967,-0.8389954730234047,-0.35418948698466474,-0.6513847719133283,2.009865000329173,-0.3358111558318982,1.4508325703995977,-0.6114950780839287,2.875262096181175,1.0,1.0,0.0,0.0,0.0,0.0,0.0,1.0,0.0,0.0,0.0,0.0,1.0,0.0,0.0,0.0,0.0,0.0,0.0,0.0,0.0,0.0,0.0,0.0,0.0,0.0,1.0,1.0,0.0
-0.31175547332894427,-0.21936067558992442,0.34697382871061655,-1.5602734281435924,-0.29279423838813556,-0.35418948698466474,-0.6513847719133283,0.6108870418633914,-0.3358111558318982,-0.09969682133166471,-1.4437916750765438,1.5574679529872821,0.0,0.0,0.0,0.0,0.0,0.0,0.0,0.0,0.0,1.0,0.0,0.0,1.0,0.0,0.0,0.0,0.0,0.0,0.0,0.0,0.0,0.0,0.0,0.0,0.0,0.0,1.0,1.0,0.0
-0.5348467058854599,-0.754870578920615,-0.3565184174542235,-1.287948730569314,-0.9282757735983549,-0.35418948698466474,-0.6513847719133283,0.26114255224694605,-0.3358111558318982,-0.2169263909094313,0.42988085728364356,0.2396738097933893,1.0,0.0,0.0,0.0,0.0,0.0,0.0,0.0,0.0,1.0,1.0,0.0,1.0,0.0,0.0,0.0,0.0,0.0,0.0,0.0,0.0,0.0,0.0,0.0,1.0,1.0,0.0,1.0,0.0
1.1383375382884073,0.3161492277407662,-0.8823244777320678,0.9915098491264984,0.7593415437435062,-0.35418948698466474,-0.6513847719133283,-1.487579895835281,1.4162470485084402,-0.21114260507606578,1.616004026910801,-1.489931003148595,1.0,0.0,0.0,1.0,0.0,0.0,0.0,1.0,0.0,0.0,1.0,0.0,0.0,1.0,0.0,0.0,0.0,0.0,0.0,0.0,0.0,0.0,0.0,0.0,0.0,0.0,1.0,0.0,0.0
1.1383375382884073,0.4500267035734388,-0.5831589606774322,-1.5602734281435924,1.215723019794309,-0.35418948698466474,0.4888949163375746,-0.7880909166023902,-0.3358111558318982,-0.28145444927421814,-0.7079932342569855,-1.0781203334005036,0.0,0.0,0.0,0.0,0.0,0.0,0.0,0.0,0.0,1.0,0.0,0.0,0.0,0.0,1.0,0.0,0.0,0.0,0.0,0.0,0.0,0.0,0.0,0.0,0.0,0.0,1.0,0.0,0.0
1.6960656196796964,0.09659016737518304,1.1864504008093815,-0.13409890084718573,0.9090026086693184,-0.35418948698466474,-0.6513847719133283,-0.4383464269859448,-0.3358111558318982,-0.06633214633769802,1.4833190621728478,-0.33686112785393885,1.0,0.0,1.0,0.0,0.0,0.0,0.0,1.0,0.0,0.0,0.0,1.0,0.0,1.0,0.0,0.0,0.0,0.0,0.0,0.0,0.0,0.0,0.0,0.0,1.0,0.0,1.0,0.0,0.0
-0.4233010896072021,-0.8887480547532877,-0.28580656796858245,-1.2274321311083634,-0.37710381873254256,-0.35418948698466474,-0.6513847719133283,0.7857592866716141,-0.3358111558318982,-0.4066690963084968,-0.5552044869829785,-0.25449899390432057,0.0,0.0,0.0,0.0,0.0,0.0,0.0,0.0,0.0,1.0,1.0,0.0,0.0,1.0,0.0,0.0,0.0,0.0,0.0,0.0,0.0,0.0,0.0,0.0,1.0,1.0,0.0,1.0,0.0
0.6921550731753761,0.14210850915829173,-0.5160733598833624,-0.31564869923003813,0.09392008900513157,0.9164454439020248,-0.6513847719133283,0.08627030743872333,-0.3358111558318982,-0.12119178659297833,-1.0859443459347915,0.4867602116422442,1.0,1.0,0.0,0.0,0.0,0.0,0.0,1.0,0.0,0.0,1.0,0.0,0.0,0.0,1.0,0.0,0.0,0.0,0.0,0.0,0.0,0.0,0.0,0.0,0.0,0.0,1.0,1.0,0.0
-1.148347595415878,-0.5406666175883388,-0.6266739449762884,-1.2798798506411873,-1.1521508475476256,-0.35418948698466474,-0.6513847719133283,-0.08860193736949937,-0.3358111558318982,-0.530243565270627,-1.2869821712953264,-0.33686112785393885,0.0,0.0,0.0,0.0,0.0,0.0,0.0,1.0,0.0,0.0,0.0,0.0,1.0,0.0,0.0,0.0,0.0,0.0,0.0,0.0,0.0,0.0,0.0,0.0,1.0,0.0,1.0,0.0,1.0
0.5806094568971182,-0.15242193767358808,-1.1008059613992411,-0.7190926956363767,0.7830006307322935,-0.35418948698466474,-0.6513847719133283,0.9606315314798368,-0.3358111558318982,-0.22150162447910848,0.21678076240147615,0.4867602116422442,0.0,1.0,0.0,0.0,0.0,0.0,0.0,1.0,0.0,0.0,1.0,0.0,1.0,0.0,0.0,0.0,0.0,0.0,0.0,0.0,0.0,0.0,0.0,0.0,1.0,0.0,1.0,1.0,0.0
0.6921550731753761,-0.08548319975725176,0.03602300340837386,0.8139944907077097,0.32970177187872657,-0.35418948698466474,1.6291746045884776,0.26114255224694605,-0.3358111558318982,-0.572240756433796,-1.278940658280905,-0.7486717976020304,1.0,0.0,0.0,1.0,0.0,0.0,0.0,0.0,0.0,1.0,1.0,0.0,0.0,1.0,0.0,0.0,0.0,0.0,0.0,0.0,0.0,0.0,0.0,0.0,0.0,0.0,1.0,1.0,0.0
-0.9085245204176235,-1.31715597741784,-0.6656561184106803,0.7050646116779984,-0.7774201945086139,-0.35418948698466474,-0.6513847719133283,0.08627030743872333,-0.3358111558318982,-0.44180343711715,0.44194312680527553,0.2396738097933893,0.0,0.0,0.0,1.0,0.0,0.0,0.0,0.0,0.0,1.0,0.0,1.0,1.0,0.0,0.0,0.0,0.0,0.0,0.0,0.0,0.0,0.0,0.0,0.0,1.0,1.0,0.0,0.0,1.0
-0.5571558291411115,-0.6102829050213285,0.9552770467217085,-1.5622906481256242,-0.5482276058941109,-0.35418948698466474,-0.6513847719133283,2.7093539795620636,-0.3358111558318982,0.23856832475852552,-0.8969687900958884,2.545813560382702,0.0,0.0,0.0,0.0,0.0,0.0,0.0,1.0,0.0,0.0,0.0,1.0,0.0,0.0,1.0,0.0,0.0,0.0,0.0,0.0,0.0,0.0,0.0,0.0,0.0,0.0,1.0,0.0,1.0
0.02288137550582915,-0.6209931030879423,1.7974733053391525,-0.41650969833162277,0.20670534570900684,-0.35418948698466474,0.4888949163375746,-0.4383464269859448,-0.3358111558318982,-0.334587586295658,-0.7321177733002497,-0.7486717976020304,0.0,1.0,0.0,0.0,0.0,0.0,0.0,1.0,0.0,0.0,1.0,0.0,0.0,0.0,1.0,0.0,0.0,0.0,0.0,0.0,0.0,0.0,0.0,0.0,1.0,0.0,1.0,1.0,0.0
-0.31175547332894427,-1.0226255305859604,0.9090423759041741,0.2511901157208676,-0.09816549509764218,-0.35418948698466474,1.6291746045884776,0.26114255224694605,-0.3358111558318982,-0.38198010006457833,-0.41447800923060396,-0.5839475297027937,0.0,0.0,1.0,0.0,0.0,0.0,0.0,1.0,0.0,0.0,0.0,0.0,0.0,1.0,0.0,0.0,0.0,0.0,0.0,0.0,0.0,0.0,0.0,0.0,0.0,1.0,0.0,1.0,0.0
-0.7579379384419755,0.04839427607542089,0.026050819506552726,-1.2233976911442999,-0.7335699648779306,2.187080374788714,-0.6513847719133283,0.6108870418633914,-0.3358111558318982,-0.7228350010055292,-2.05092590766536,0.2396738097933893,0.0,0.0,0.0,0.0,0.0,0.0,0.0,0.0,1.0,0.0,1.0,0.0,0.0,0.0,1.0,0.0,0.0,0.0,0.0,0.0,0.0,0.0,0.0,0.0,1.0,0.0,1.0,0.0,1.0
-0.08866424077242865,0.9855366069041295,-0.6692823671022515,-0.08770284126045706,-0.46831075505576536,-0.35418948698466474,-0.6513847719133283,-0.4383464269859448,-0.3358111558318982,0.37068898472816597,0.08007504115631234,-0.9957581994508853,1.0,0.0,1.0,0.0,0.0,0.0,0.0,0.0,0.0,1.0,0.0,0.0,1.0,0.0,0.0,0.0,0.0,0.0,0.0,0.0,0.0,0.0,0.0,0.0,0.0,0.0,0.0,1.0,0.0
-0.22251898030633804,0.36970021807383524,-0.5840655228503251,-0.7836437350613908,-0.6573522546762683,-0.35418948698466474,-0.6513847719133283,-0.4383464269859448,-0.3358111558318982,-0.07332448443475184,0.5786488480504397,-0.5839475297027937,1.0,1.0,0.0,0.0,0.0,0.0,0.0,1.0,0.0,0.0,0.0,0.0,1.0,0.0,0.0,0.0,0.0,0.0,0.0,0.0,0.0,0.0,0.0,0.0,0.0,0.0,1.0,1.0,0.0
-0.9810291709984912,-0.6745440934210114,-0.36921028787472326,-0.16839164054172448,-1.3643119761473994,-0.35418948698466474,-0.6513847719133283,-0.4383464269859448,-0.3358111558318982,-0.2605637601447487,0.14440714527168363,-0.4192232618035572,0.0,0.0,1.0,0.0,0.0,0.0,0.0,0.0,0.0,1.0,0.0,0.0,0.0,0.0,0.0,0.0,0.0,0.0,0.0,0.0,0.0,0.0,0.0,0.0,1.0,1.0,0.0,0.0,1.0
1.0267919220101493,0.5839041794061115,-0.027436348694124525,-0.2147877001284535,1.3858834890817409,-0.35418948698466474,-0.6513847719133283,1.6601205107127277,-0.3358111558318982,0.4810557039514168,0.6630847347018642,0.5691223455918625,0.0,0.0,1.0,0.0,0.0,0.0,0.0,1.0,0.0,0.0,1.0,0.0,0.0,1.0,0.0,0.0,0.0,0.0,0.0,0.0,0.0,0.0,0.0,0.0,1.0,0.0,1.0,1.0,0.0
-0.579464952396763,-1.31715597741784,0.6397934105550019,1.197266287293731,-0.3295159157502104,-0.35418948698466474,0.4888949163375746,-0.7880909166023902,-0.3358111558318982,-0.23678117809859647,1.137534002552727,-1.3252067352493586,0.0,0.0,0.0,1.0,0.0,0.0,0.0,0.0,0.0,1.0,1.0,0.0,1.0,0.0,0.0,0.0,0.0,0.0,0.0,0.0,0.0,0.0,0.0,0.0,1.0,1.0,0.0,0.0,1.0
-0.7133196919306724,-0.21936067558992442,-0.6248608206305027,0.39037829448105427,-0.5634094955904987,-0.35418948698466474,-0.6513847719133283,-0.7880909166023902,-0.3358111558318982,-0.6899451144008687,-1.9745315340283567,-0.6663096636524121,0.0,0.0,1.0,0.0,0.0,0.0,0.0,0.0,0.0,1.0,1.0,0.0,0.0,0.0,0.0,0.0,0.0,0.0,0.0,0.0,0.0,1.0,0.0,0.0,0.0,0.0,1.0,0.0,1.0
0.13442699178408696,0.28937373257423166,0.35966569913111596,-1.3242586902458844,0.20404658837639073,-0.35418948698466474,-0.6513847719133283,2.3596094899456186,-0.3358111558318982,0.1411503797890781,0.9646414727426669,2.051640756684992,0.0,0.0,0.0,0.0,0.0,0.0,0.0,1.0,0.0,0.0,0.0,0.0,0.0,1.0,0.0,0.0,0.0,0.0,0.0,0.0,0.0,0.0,0.0,0.0,0.0,0.0,1.0,1.0,0.0
-0.6463923221637177,2.4581888410635284,-0.5940377067521464,-1.5602734281435924,-0.6408987853860206,2.187080374788714,-0.6513847719133283,-0.7880909166023902,-0.3358111558318982,2.93070481728594,0.9043301251345064,-1.3252067352493586,0.0,0.0,0.0,0.0,0.0,0.0,0.0,1.0,0.0,0.0,1.0,0.0,1.0,0.0,0.0,0.0,0.0,0.0,0.0,0.0,0.0,0.0,0.0,0.0,0.0,0.0,0.0,0.0,1.0
-0.9810291709984912,0.7713326455718532,0.12305297200608609,-0.13409890084718573,-0.9130553511870018,3.457715305675404,0.4888949163375746,-0.4383464269859448,-0.3358111558318982,-0.015270813196866694,1.8492079043290215,2.2163650245842286,0.0,0.0,1.0,0.0,0.0,0.0,0.0,1.0,0.0,0.0,0.0,1.0,0.0,1.0,0.0,0.0,0.0,0.0,0.0,0.0,0.0,0.0,0.0,0.0,1.0,0.0,0.0,0.0,1.0
-1.0925747872767488,-0.5138911224218042,-0.6031033284810746,-0.5859561768222848,-1.0622540235332283,0.9164454439020248,-0.6513847719133283,-0.9629631614106129,-0.3358111558318982,-0.5680539860917329,-0.3541666616224434,-0.25449899390432057,0.0,1.0,0.0,0.0,0.0,0.0,0.0,1.0,0.0,0.0,0.0,0.0,0.0,1.0,0.0,0.0,0.0,0.0,0.0,0.0,0.0,0.0,0.0,0.0,1.0,0.0,1.0,0.0,1.0
-0.9810291709984912,-1.2903804822513056,-0.9294657107224952,0.5921002926842235,-0.8725574677583127,-0.35418948698466474,-0.6513847719133283,-1.487579895835281,1.4162470485084402,-0.7228350010055292,-2.05092590766536,-0.8310339315516487,0.0,0.0,1.0,0.0,0.0,0.0,0.0,0.0,1.0,0.0,0.0,1.0,0.0,0.0,0.0,0.0,0.0,1.0,0.0,0.0,0.0,0.0,0.0,0.0,0.0,1.0,0.0,0.0,1.0
0.02288137550582915,-0.808421569253684,-0.21056190761847715,0.28548285541540636,-0.32627916769311255,-0.35418948698466474,-0.6513847719133283,2.009865000329173,-0.3358111558318982,-0.33842905599095296,0.35348648364664,1.7221922208865188,1.0,0.0,1.0,0.0,0.0,0.0,0.0,0.0,0.0,1.0,0.0,1.0,0.0,1.0,0.0,0.0,0.0,0.0,0.0,0.0,0.0,0.0,0.0,0.0,1.0,1.0,0.0,1.0,0.0
-1.3714388279723935,-1.2903804822513056,-1.238603411678952,-0.5032501575589855,-1.3719029209955933,-0.35418948698466474,0.4888949163375746,-0.6132186717941674,-0.3358111558318982,-0.5450051679199629,-1.5282275617279686,0.07494954189415268,0.0,1.0,0.0,0.0,0.0,0.0,0.0,1.0,0.0,0.0,1.0,0.0,0.0,0.0,0.0,0.0,0.0,0.0,0.0,1.0,0.0,0.0,0.0,0.0,0.0,1.0,0.0,0.0,1.0
-0.20020985705068647,-0.08548319975725176,0.7957221042925697,0.2532073357028992,0.03430997895357864,-0.35418948698466474,-0.6513847719133283,-1.1378354062188356,-0.3358111558318982,-0.610914428871822,0.8440187775263458,-1.160482467350122,0.0,0.0,1.0,0.0,0.0,0.0,0.0,0.0,1.0,0.0,1.0,0.0,0.0,1.0,0.0,0.0,0.0,0.0,0.0,0.0,0.0,0.0,0.0,0.0,0.0,0.0,1.0,1.0,0.0
-0.5348467058854599,-0.35323815142259707,-0.4997552407712914,-0.9268663537856409,-0.4695823346496252,-0.35418948698466474,0.4888949163375746,-0.08860193736949937,-0.3358111558318982,-0.3354076753317322,-0.9532593811968382,-0.8310339315516487,0.0,0.0,0.0,0.0,0.0,0.0,0.0,0.0,1.0,0.0,0.0,0.0,0.0,1.0,0.0,0.0,0.0,0.0,0.0,0.0,0.0,0.0,0.0,0.0,1.0,0.0,1.0,1.0,0.0
-1.1818112802993552,-1.5045844435835818,5.680279091839164,0.9915098491264984,-1.1004399440639905,-0.35418948698466474,-0.6513847719133283,1.6601205107127277,1.4162470485084402,0.01571991985056939,0.4700884223557506,0.2396738097933893,0.0,0.0,0.0,1.0,0.0,0.0,0.0,1.0,0.0,0.0,0.0,1.0,1.0,0.0,0.0,0.0,0.0,0.0,0.0,0.0,0.0,0.0,0.0,0.0,0.0,1.0,0.0,0.0,1.0
-1.0256474175097943,0.04839427607542089,-1.2132196708379523,-0.632352236409014,-0.9898125193981803,-0.35418948698466474,2.7694542928393804,-1.487579895835281,-0.3358111558318982,-0.7131234203151767,-1.9222616994346173,-1.73701740499745,0.0,1.0,0.0,0.0,0.0,0.0,0.0,0.0,0.0,1.0,1.0,0.0,1.0,0.0,0.0,0.0,0.0,0.0,0.0,0.0,0.0,0.0,0.0,0.0,1.0,0.0,1.0,0.0,1.0
-0.6463923221637177,-0.701319588587546,0.5047156467939696,-0.618231696534792,-0.5664150473578037,0.9164454439020248,-0.6513847719133283,-1.1378354062188356,-0.3358111558318982,-0.3940224601206155,0.8681433165696097,-0.33686112785393885,0.0,1.0,0.0,0.0,0.0,0.0,0.0,1.0,0.0,0.0,0.0,1.0,1.0,0.0,0.0,0.0,0.0,0.0,0.0,0.0,0.0,0.0,0.0,0.0,0.0,1.0,0.0,0.0,1.0
0.02288137550582915,0.18227175190809353,-0.7481532761439282,-1.1790188515396025,0.10494044548525064,-0.35418948698466474,-0.6513847719133283,-0.4383464269859448,-0.3358111558318982,-0.29833101838500853,-0.5793290260262428,0.3220359437430076,0.0,0.0,0.0,0.0,0.0,0.0,0.0,0.0,0.0,1.0,0.0,0.0,0.0,1.0,0.0,0.0,0.0,0.0,0.0,0.0,0.0,0.0,0.0,0.0,0.0,0.0,1.0,1.0,0.0
-0.9810291709984912,-1.156503006418633,0.5219403280789336,-0.533508457289461,-0.9347878024275161,-0.35418948698466474,0.4888949163375746,1.485248265904505,-0.3358111558318982,-0.32712045980929805,-0.9492386246896276,-0.08977472600508395,0.0,1.0,0.0,0.0,0.0,0.0,0.0,0.0,0.0,1.0,1.0,0.0,0.0,1.0,0.0,0.0,0.0,0.0,0.0,0.0,0.0,0.0,0.0,0.0,1.0,1.0,0.0,0.0,1.0
-1.0925747872767488,-1.4338703608487642,0.22549449754297635,0.32179281509197677,-1.0206772240855067,-0.35418948698466474,-0.6513847719133283,-1.3127076510270583,1.4162470485084402,-0.6533000832626051,-0.8728442510526241,-1.0781203334005036,0.0,0.0,1.0,0.0,0.0,0.0,0.0,0.0,1.0,0.0,1.0,0.0,0.0,1.0,0.0,0.0,0.0,0.0,0.0,0.0,0.0,0.0,0.0,0.0,0.0,1.0,0.0,0.0,1.0
-0.9531427669289266,0.3161492277407662,0.3832363156263298,2.3571677769619543,-0.7310268056902107,-0.35418948698466474,1.6291746045884776,1.6601205107127277,-0.3358111558318982,0.23407941635054036,-0.3782912006657077,2.2163650245842286,0.0,0.0,0.0,0.0,1.0,0.0,0.0,0.0,0.0,1.0,1.0,0.0,0.0,1.0,0.0,0.0,0.0,0.0,0.0,0.0,0.0,0.0,0.0,0.0,0.0,0.0,1.0,0.0,1.0
-1.2487386500663098,-0.3773360970724781,0.9679689171422082,-0.2147877001284535,-1.2245923516826738,-0.35418948698466474,-0.6513847719133283,-0.9629631614106129,1.4162470485084402,0.13981233978285176,1.7768342871992289,-1.3252067352493586,0.0,1.0,0.0,0.0,0.0,0.0,0.0,0.0,0.0,1.0,1.0,0.0,0.0,0.0,0.0,0.0,0.0,0.0,0.0,0.0,0.0,0.0,0.0,0.0,0.0,0.0,1.0,0.0,1.0
-0.8137107465811044,-0.21936067558992442,1.0758498157164558,1.401005505478932,-0.6112671275775887,-0.35418948698466474,0.4888949163375746,0.9606315314798368,-0.3358111558318982,0.9724185243024089,0.8480395340335563,-0.17213685995470224,0.0,0.0,0.0,1.0,0.0,0.0,0.0,1.0,0.0,0.0,1.0,0.0,0.0,0.0,0.0,0.0,0.0,0.0,0.0,1.0,0.0,0.0,0.0,0.0,1.0,0.0,1.0,0.0,1.0
-0.31175547332894427,0.5839041794061115,-0.19515035067929878,-0.3257347991401967,-0.1618215402205673,-0.35418948698466474,1.6291746045884776,0.26114255224694605,-0.3358111558318982,-0.18140358687316402,-0.016423115016744472,-0.5839475297027937,0.0,1.0,0.0,0.0,0.0,0.0,0.0,0.0,0.0,1.0,1.0,0.0,1.0,0.0,0.0,0.0,0.0,0.0,0.0,0.0,0.0,0.0,0.0,0.0,0.0,0.0,1.0,1.0,0.0
1.0267919220101493,0.04839427607542089,0.37598381824318694,-0.9833485132825285,0.19784282126695305,-0.35418948698466474,-0.6513847719133283,0.7857592866716141,-0.3358111558318982,-0.14536283186674462,-1.2990444408169586,0.8985708813903357,1.0,1.0,0.0,0.0,0.0,0.0,0.0,0.0,1.0,0.0,1.0,0.0,0.0,1.0,0.0,0.0,0.0,0.0,0.0,0.0,0.0,0.0,0.0,0.0,1.0,0.0,1.0,1.0,0.0
-0.5348467058854599,0.18227175190809353,1.375015332771091,0.5961347326482872,-0.3304021681944158,-0.35418948698466474,-0.6513847719133283,0.4360147970551687,-0.3358111558318982,0.13942387655523766,0.7555621343677102,0.5691223455918625,0.0,0.0,1.0,0.0,0.0,0.0,0.0,1.0,0.0,0.0,0.0,1.0,0.0,0.0,1.0,0.0,0.0,0.0,0.0,0.0,0.0,0.0,0.0,0.0,0.0,0.0,1.0,1.0,0.0
-1.0925747872767488,0.7177816552387841,1.249003190738987,-0.900642494019229,-1.0762799317806524,0.9164454439020248,0.4888949163375746,0.4360147970551687,-0.3358111558318982,0.5904728463960554,0.6148356566153357,0.15731167584377098,0.0,0.0,0.0,0.0,0.0,0.0,0.0,1.0,0.0,0.0,1.0,0.0,0.0,0.0,1.0,0.0,0.0,0.0,0.0,0.0,0.0,0.0,0.0,0.0,0.0,0.0,0.0,0.0,1.0
1.1383375382884073,0.7177816552387841,0.04780831165598094,1.384867745622679,1.8908547187039777,2.187080374788714,-0.6513847719133283,-0.6132186717941674,-0.3358111558318982,-0.45483853653264533,0.10017882369236585,2.3810892924834652,0.0,0.0,0.0,1.0,0.0,0.0,0.0,1.0,0.0,0.0,0.0,0.0,0.0,1.0,0.0,0.0,0.0,0.0,0.0,0.0,0.0,0.0,0.0,0.0,1.0,0.0,0.0,0.0,0.0
-1.0925747872767488,-1.2903804822513056,-1.4208224084304117,-0.18856384036204168,-1.0442592456443627,-0.35418948698466474,3.9097339810902834,-1.487579895835281,-0.3358111558318982,-0.6945203479705458,-1.8820541343625103,-1.73701740499745,0.0,1.0,0.0,0.0,0.0,0.0,0.0,0.0,0.0,1.0,0.0,0.0,0.0,0.0,0.0,0.0,0.0,0.0,0.0,1.0,0.0,0.0,0.0,0.0,1.0,1.0,0.0,0.0,1.0
-1.0312246983237072,-0.5872549081583022,-0.557775219836433,0.1200708168888075,-0.9579844968367177,2.187080374788714,-0.6513847719133283,-0.4383464269859448,-0.3358111558318982,-0.6288268999229167,0.8681433165696097,1.0632951492895724,0.0,0.0,1.0,0.0,0.0,0.0,0.0,0.0,0.0,1.0,1.0,0.0,0.0,1.0,0.0,0.0,0.0,0.0,0.0,0.0,0.0,0.0,0.0,0.0,1.0,0.0,1.0,0.0,1.0
1.4729743871231806,2.4581888410635284,-0.7010120431535009,0.5981519526303185,2.1089498854084305,-0.35418948698466474,0.4888949163375746,1.3103760210962823,-0.3358111558318982,-0.26932576405648895,0.9244339076705599,1.228019417188809,0.0,0.0,1.0,0.0,0.0,0.0,0.0,1.0,0.0,0.0,0.0,1.0,0.0,0.0,0.0,0.0,0.0,1.0,0.0,0.0,0.0,0.0,0.0,0.0,0.0,0.0,0.0,0.0,0.0
0.5806094568971182,2.4581888410635284,-0.28580656796858245,-1.1790188515396025,0.7016966021551917,0.9164454439020248,-0.6513847719133283,0.4360147970551687,-0.3358111558318982,0.5245204228633501,0.5947318740792822,0.4867602116422442,0.0,0.0,0.0,0.0,0.0,0.0,0.0,1.0,0.0,0.0,0.0,0.0,0.0,1.0,0.0,0.0,0.0,0.0,0.0,0.0,0.0,0.0,0.0,0.0,0.0,0.0,0.0,1.0,0.0
-0.8137107465811044,-0.5109993689438185,-1.3419514993887351,-0.31564869923003813,-0.732413983428967,-0.35418948698466474,-0.6513847719133283,-1.1378354062188356,-0.3358111558318982,-0.4933395586472874,0.10822033670678737,-0.9957581994508853,0.0,1.0,0.0,0.0,0.0,0.0,0.0,0.0,0.0,1.0,0.0,1.0,1.0,0.0,0.0,0.0,0.0,0.0,0.0,0.0,0.0,0.0,0.0,0.0,1.0,0.0,1.0,0.0,1.0
-1.3156660198332646,-1.2528947890181572,-0.21237503196426277,-1.051933992671606,-1.3238911581486412,-0.35418948698466474,-0.6513847719133283,-1.3127076510270583,-0.3358111558318982,-0.617993092130568,0.6630847347018642,-1.489931003148595,0.0,0.0,0.0,0.0,0.0,0.0,0.0,0.0,0.0,1.0,0.0,0.0,1.0,0.0,0.0,0.0,0.0,0.0,0.0,0.0,0.0,0.0,0.0,0.0,0.0,1.0,0.0,0.0,1.0
-0.31175547332894427,1.52104651023482,-0.7327417192047501,-1.3303103501919795,-0.26894248782452135,-0.35418948698466474,0.4888949163375746,-0.7880909166023902,-0.3358111558318982,-0.2970361409596282,-0.7401592863146709,0.2396738097933893,0.0,0.0,0.0,0.0,0.0,0.0,0.0,0.0,0.0,1.0,1.0,0.0,0.0,1.0,0.0,0.0,0.0,0.0,0.0,0.0,0.0,0.0,0.0,0.0,1.0,0.0,0.0,1.0,0.0
-0.060777836702864206,1.6549239860674927,1.3106494184956996,0.6869096318397132,-0.33652886987392266,12.35215982188223,-0.6513847719133283,-0.4383464269859448,-0.3358111558318982,0.7828916318075735,1.8130210957641248,0.15731167584377098,1.0,0.0,1.0,0.0,0.0,0.0,0.0,0.0,0.0,1.0,1.0,0.0,0.0,1.0,0.0,0.0,0.0,0.0,0.0,0.0,0.0,0.0,0.0,0.0,0.0,0.0,0.0,1.0,0.0
-0.08866424077242865,-0.4067891417556661,-0.7626582709102135,0.515445933367019,-0.38457916543584003,0.9164454439020248,0.4888949163375746,-0.08860193736949937,1.4162470485084402,-0.43873889387708315,-0.24158547942054387,-0.5015853957531755,1.0,0.0,0.0,1.0,0.0,0.0,0.0,1.0,0.0,0.0,0.0,1.0,1.0,0.0,0.0,0.0,0.0,0.0,0.0,0.0,0.0,0.0,0.0,0.0,0.0,0.0,1.0,1.0,0.0
0.38261598800321056,-0.4871156272552697,1.3460053432385202,-0.01306570192528424,0.6805806743541244,-0.35418948698466474,-0.6513847719133283,0.08627030743872333,-0.3358111558318982,-0.031758919080043,0.9163923946561383,-0.6663096636524121,0.0,0.0,1.0,0.0,0.0,0.0,0.0,0.0,0.0,1.0,1.0,0.0,0.0,1.0,0.0,0.0,0.0,0.0,0.0,0.0,0.0,0.0,0.0,0.0,0.0,0.0,1.0,1.0,0.0
-0.7690925000698013,-0.16580968525685535,-1.2630805903470583,-1.2233976911442999,-0.745476573802255,0.9164454439020248,-0.6513847719133283,-0.6132186717941674,-0.3358111558318982,-0.34248633859047806,-1.266878388759273,-0.6663096636524121,0.0,0.0,0.0,0.0,0.0,0.0,0.0,1.0,0.0,0.0,1.0,0.0,1.0,0.0,0.0,0.0,0.0,0.0,0.0,0.0,0.0,0.0,0.0,0.0,0.0,0.0,1.0,0.0,1.0
-0.5348467058854599,-0.4871156272552697,-0.5287652303038621,0.18865629627788502,-0.7888644108533529,-0.35418948698466474,-0.6513847719133283,1.1355037762880595,-0.3358111558318982,-0.09611432712144578,-0.3983949832017612,0.6514844795414808,1.0,0.0,1.0,0.0,0.0,0.0,0.0,1.0,0.0,0.0,1.0,0.0,0.0,1.0,0.0,0.0,0.0,0.0,0.0,0.0,0.0,0.0,0.0,0.0,1.0,0.0,1.0,1.0,0.0
-0.8137107465811044,1.7888014619001653,-0.7662845196017849,-1.1790188515396025,-0.7901745231621782,-0.35418948698466474,0.4888949163375746,1.8349927555209502,-0.3358111558318982,0.6747693667883153,0.023784450055362553,1.6398300869369005,0.0,0.0,0.0,0.0,0.0,0.0,0.0,1.0,0.0,0.0,0.0,0.0,0.0,0.0,0.0,0.0,0.0,0.0,0.0,1.0,0.0,0.0,0.0,0.0,0.0,0.0,0.0,0.0,1.0
-0.40099196635155054,0.2186864253345805,1.0821957509267055,-0.41650969833162277,-0.7471720132607348,-0.35418948698466474,-0.6513847719133283,-0.08860193736949937,1.4162470485084402,0.508852406016248,0.04790898909862683,-0.33686112785393885,1.0,1.0,0.0,0.0,0.0,0.0,0.0,0.0,0.0,1.0,1.0,0.0,0.0,1.0,0.0,0.0,0.0,0.0,0.0,0.0,0.0,0.0,0.0,0.0,1.0,0.0,1.0,1.0,0.0
-0.8694835547202333,-0.4871156272552697,-0.2975918762161892,0.05551977746379328,-0.7721412125583471,2.187080374788714,-0.6513847719133283,-0.08860193736949937,-0.3358111558318982,-0.6019366120558517,-0.6235573476055606,2.1340028906346102,0.0,0.0,1.0,0.0,0.0,0.0,0.0,0.0,0.0,1.0,1.0,0.0,0.0,1.0,0.0,0.0,0.0,0.0,0.0,0.0,0.0,0.0,0.0,0.0,0.0,0.0,1.0,0.0,1.0
-0.7021651303028467,0.2358227422411626,-0.026529786521231547,-1.0963128322763032,-0.6646349378047386,0.9164454439020248,-0.6513847719133283,0.7857592866716141,-0.3358111558318982,-0.15662826546755357,-0.5592252434901893,0.6514844795414808,0.0,0.0,0.0,0.0,0.0,0.0,0.0,1.0,0.0,0.0,0.0,0.0,0.0,1.0,0.0,0.0,0.0,0.0,0.0,0.0,0.0,0.0,0.0,0.0,0.0,0.0,1.0,0.0,1.0
-0.7300515343724111,0.42325120840690433,1.200048833402774,1.384867745622679,-0.5051480305627366,-0.35418948698466474,-0.6513847719133283,1.8349927555209502,-0.3358111558318982,2.066589948748794,0.26905059699521544,1.228019417188809,0.0,0.0,0.0,1.0,0.0,0.0,0.0,1.0,0.0,0.0,0.0,1.0,0.0,1.0,0.0,0.0,0.0,0.0,0.0,0.0,0.0,0.0,0.0,0.0,0.0,0.0,1.0,0.0,1.0
1.1383375382884073,0.7311688673121479,-0.39368746654282977,-1.2375182310185218,1.2856598974566027,2.187080374788714,-0.6513847719133283,1.3103760210962823,-0.3358111558318982,0.3483739304307782,-0.6114950780839287,1.6398300869369005,0.0,0.0,0.0,0.0,0.0,0.0,0.0,1.0,0.0,0.0,1.0,0.0,1.0,0.0,0.0,0.0,0.0,0.0,0.0,0.0,0.0,0.0,0.0,0.0,0.0,0.0,0.0,0.0,0.0
0.6921550731753761,0.7445571504053187,-0.6765348644853941,0.2511901157208676,1.0921486029001073,-0.35418948698466474,0.4888949163375746,1.8349927555209502,-0.3358111558318982,-0.1272777104922659,0.9968075248003524,0.5691223455918625,0.0,0.0,1.0,0.0,0.0,0.0,0.0,0.0,1.0,0.0,0.0,1.0,0.0,1.0,0.0,0.0,0.0,0.0,0.0,0.0,0.0,0.0,0.0,0.0,1.0,0.0,0.0,1.0,0.0
0.02288137550582915,-0.6209931030879423,-0.08545632775926601,1.3989882854969002,-0.15426912808733897,-0.35418948698466474,-0.6513847719133283,-0.9629631614106129,-0.3358111558318982,-0.31749520428063754,1.234032158725784,-0.4192232618035572,1.0,0.0,0.0,0.0,1.0,0.0,0.0,0.0,1.0,0.0,0.0,1.0,0.0,1.0,0.0,0.0,0.0,0.0,0.0,0.0,0.0,0.0,0.0,0.0,0.0,0.0,1.0,1.0,0.0
-0.9810291709984912,0.04839427607542089,0.557296252821754,-0.08770284126045706,-0.910512191999282,0.9164454439020248,2.7694542928393804,1.485248265904505,-0.3358111558318982,-0.6192448069751022,-1.3673973014395406,0.40439807769262587,0.0,0.0,1.0,0.0,0.0,0.0,0.0,1.0,0.0,0.0,1.0,0.0,0.0,1.0,0.0,0.0,0.0,0.0,0.0,0.0,0.0,0.0,0.0,0.0,0.0,0.0,1.0,0.0,1.0
-0.22251898030633804,0.18227175190809353,-0.18064535591301342,0.7938222908873924,-0.4597564923334351,-0.35418948698466474,-0.6513847719133283,-0.6132186717941674,-0.3358111558318982,-0.01138618092072568,-0.47076860033155404,-1.0781203334005036,1.0,0.0,0.0,1.0,0.0,0.0,0.0,1.0,0.0,0.0,1.0,0.0,0.0,1.0,0.0,0.0,0.0,0.0,0.0,0.0,0.0,0.0,0.0,0.0,0.0,0.0,1.0,1.0,0.0
0.02288137550582915,0.8516591310714567,-0.49250274338814876,0.4125677142834028,-0.30720547378521434,0.9164454439020248,-0.6513847719133283,0.08627030743872333,-0.3358111558318982,0.16424236054169414,-0.17725337530517257,0.2396738097933893,1.0,0.0,1.0,0.0,0.0,0.0,0.0,1.0,0.0,0.0,0.0,1.0,0.0,1.0,0.0,0.0,0.0,0.0,0.0,0.0,0.0,0.0,0.0,0.0,1.0,0.0,0.0,1.0,0.0
0.02288137550582915,-1.102952016085564,-1.4326077166780187,-0.4326474581878763,0.20454751367094157,-0.35418948698466474,-0.6513847719133283,-1.3127076510270583,-0.3358111558318982,-0.5406889098353618,-0.032506141045587224,-1.160482467350122,0.0,1.0,0.0,0.0,0.0,0.0,0.0,1.0,0.0,0.0,0.0,0.0,0.0,0.0,1.0,0.0,0.0,0.0,0.0,0.0,0.0,0.0,0.0,0.0,0.0,1.0,0.0,1.0,0.0
-0.9141018012315364,-0.6745440934210114,0.32702946090697393,-0.11392670102686887,-0.8346027435173433,-0.35418948698466474,2.7694542928393804,0.26114255224694605,1.4162470485084402,-0.4219918125088308,-0.84871971200936,0.980933015339954,0.0,1.0,0.0,0.0,0.0,0.0,0.0,1.0,0.0,0.0,1.0,0.0,0.0,1.0,0.0,0.0,0.0,0.0,0.0,0.0,0.0,0.0,0.0,0.0,1.0,1.0,0.0,0.0,1.0
-0.5348467058854599,-0.6745440934210114,-1.0690762853479918,-0.4326474581878763,-0.42538531058425266,2.187080374788714,0.4888949163375746,-0.26347418217772206,-0.3358111558318982,-0.4031729272599699,-0.024464628031165992,-0.6663096636524121,0.0,1.0,0.0,0.0,0.0,0.0,0.0,1.0,0.0,0.0,1.0,0.0,0.0,1.0,0.0,0.0,0.0,0.0,0.0,0.0,0.0,0.0,0.0,0.0,1.0,1.0,0.0,1.0,0.0
-0.31175547332894427,-0.299687161089528,-1.0364400471238497,0.12208803687083915,-0.1125381977797553,-0.35418948698466474,-0.6513847719133283,-0.7880909166023902,-0.3358111558318982,-0.3378679424399548,0.6470017086730212,-0.6663096636524121,0.0,0.0,1.0,0.0,0.0,0.0,0.0,0.0,0.0,1.0,0.0,0.0,0.0,1.0,0.0,0.0,0.0,0.0,0.0,0.0,0.0,0.0,0.0,0.0,1.0,0.0,1.0,1.0,0.0
0.13442699178408696,0.7177816552387841,-0.3220690548842959,-0.9813312933004968,0.2520968839383083,-0.35418948698466474,-0.6513847719133283,0.4360147970551687,-0.3358111558318982,-0.3603124844798807,-1.3151274668458015,0.4867602116422442,0.0,0.0,0.0,0.0,0.0,0.0,0.0,1.0,0.0,0.0,0.0,0.0,0.0,1.0,0.0,0.0,0.0,0.0,0.0,0.0,0.0,0.0,0.0,0.0,1.0,0.0,0.0,1.0,0.0
-1.0925747872767488,-0.808421569253684,-1.1769571839222392,-0.31564869923003813,-1.0500391528891804,-0.35418948698466474,0.4888949163375746,-1.3127076510270583,3.1683052528487785,-0.6013323359240076,0.5826696045576502,-1.489931003148595,0.0,1.0,0.0,0.0,0.0,0.0,0.0,0.0,0.0,1.0,1.0,0.0,0.0,0.0,0.0,0.0,0.0,0.0,0.0,1.0,0.0,0.0,0.0,0.0,0.0,1.0,0.0,0.0,1.0
-1.0925747872767488,0.5194287870450963,0.41224630515890054,-1.1527949917731906,-1.0873773536907025,-0.35418948698466474,-0.6513847719133283,-0.4383464269859448,-0.3358111558318982,-0.15304577125733462,0.0077014240265197995,-0.7486717976020304,0.0,0.0,0.0,0.0,0.0,0.0,0.0,1.0,0.0,0.0,0.0,0.0,0.0,0.0,1.0,0.0,0.0,0.0,0.0,0.0,0.0,0.0,0.0,0.0,1.0,0.0,1.0,0.0,1.0
0.02288137550582915,-0.9422990450863568,-0.2223472158660839,-0.618231696534792,0.17946271622843293,-0.35418948698466474,-0.6513847719133283,-0.08860193736949937,-0.3358111558318982,-0.17803690556717516,-0.06065143659606226,0.3220359437430076,0.0,1.0,0.0,0.0,0.0,0.0,0.0,1.0,0.0,0.0,1.0,0.0,1.0,0.0,0.0,0.0,0.0,0.0,0.0,0.0,0.0,0.0,0.0,0.0,1.0,1.0,0.0,1.0,0.0
-0.5348467058854599,0.1447860586749452,0.7322627521900714,-0.3196831391941014,-0.4151741411184082,0.9164454439020248,1.6291746045884776,-0.4383464269859448,-0.3358111558318982,0.23330248989531216,1.020932063843617,-0.5839475297027937,0.0,1.0,0.0,0.0,0.0,0.0,0.0,1.0,0.0,0.0,0.0,0.0,0.0,0.0,0.0,0.0,0.0,0.0,0.0,0.0,0.0,1.0,0.0,0.0,0.0,0.0,1.0,1.0,0.0
-0.5348467058854599,-0.5406666175883388,-0.4825305594863276,0.515445933367019,-0.7561886685626503,-0.35418948698466474,-0.6513847719133283,-0.7880909166023902,-0.3358111558318982,-0.572456569338026,0.44998463981969705,0.15731167584377098,1.0,0.0,1.0,0.0,0.0,0.0,0.0,1.0,0.0,0.0,0.0,0.0,0.0,1.0,0.0,0.0,0.0,0.0,0.0,0.0,0.0,0.0,0.0,0.0,1.0,0.0,1.0,1.0,0.0
0.6586913882918987,-0.6894580442287711,0.5300993876349691,1.8004150619212074,0.5167781030359918,-0.35418948698466474,2.7694542928393804,-0.4383464269859448,-0.3358111558318982,0.13199991264972372,0.7032922997739712,-0.17213685995470224,1.0,0.0,0.0,0.0,1.0,0.0,0.0,1.0,0.0,0.0,0.0,1.0,1.0,0.0,0.0,0.0,0.0,0.0,0.0,0.0,0.0,0.0,0.0,0.0,0.0,1.0,0.0,1.0,0.0
-1.0925747872767488,-0.16580968525685535,-0.661123307546216,0.08779529717630039,-1.0315434497057638,-0.35418948698466474,-0.6513847719133283,-0.6132186717941674,1.4162470485084402,-0.591361779748579,0.30523740556011175,-0.25449899390432057,0.0,0.0,1.0,0.0,0.0,0.0,0.0,0.0,0.0,1.0,0.0,1.0,0.0,1.0,0.0,0.0,0.0,0.0,0.0,0.0,0.0,0.0,0.0,0.0,1.0,0.0,1.0,0.0,1.0
-0.9810291709984912,1.119414082736802,-0.6556839345088591,-1.5602734281435924,-0.9890418650988713,-0.35418948698466474,-0.6513847719133283,0.7857592866716141,-0.3358111558318982,-0.5221721626524229,-1.7011200915380287,1.1456572832391907,0.0,0.0,0.0,0.0,0.0,0.0,0.0,1.0,0.0,0.0,0.0,0.0,0.0,1.0,0.0,0.0,0.0,0.0,0.0,0.0,0.0,0.0,0.0,0.0,1.0,0.0,0.0,0.0,1.0
0.02288137550582915,-0.1390341900903208,0.3506000774021878,-0.06349620147607656,-0.3778359403168861,-0.35418948698466474,-0.6513847719133283,-0.6132186717941674,-0.3358111558318982,-0.06175691276802082,0.1162618497212086,-0.6663096636524121,1.0,0.0,1.0,0.0,0.0,0.0,0.0,0.0,1.0,0.0,0.0,0.0,1.0,0.0,0.0,0.0,0.0,0.0,0.0,0.0,0.0,0.0,0.0,0.0,1.0,0.0,1.0,1.0,0.0
-1.4829844442506512,0.4500267035734388,-0.397313715234401,-0.41650969833162277,-1.4960553286142766,-0.35418948698466474,-0.6513847719133283,0.08627030743872333,8.424479865869793,-0.3545718612273612,-0.6959309647353531,1.228019417188809,0.0,1.0,0.0,0.0,0.0,0.0,0.0,0.0,1.0,0.0,0.0,0.0,1.0,0.0,0.0,0.0,0.0,0.0,0.0,0.0,0.0,0.0,0.0,0.0,1.0,0.0,1.0,0.0,1.0
0.5806094568971182,-1.156503006418633,-0.28308688144990385,0.19672517620601163,0.10910197870151929,-0.35418948698466474,-0.6513847719133283,-1.1378354062188356,-0.3358111558318982,-0.7015558486484457,-1.7976182477110858,-1.160482467350122,1.0,0.0,1.0,0.0,0.0,0.0,0.0,0.0,0.0,1.0,0.0,0.0,1.0,0.0,0.0,0.0,0.0,0.0,0.0,0.0,0.0,0.0,0.0,0.0,1.0,1.0,0.0,1.0,0.0
-0.7579379384419755,-0.8887480547532877,-0.7617517087373208,-0.25311487978705555,-0.664326676085015,-0.35418948698466474,0.4888949163375746,-0.6132186717941674,-0.3358111558318982,-0.49912334448065293,-1.1824425021078482,-0.8310339315516487,0.0,1.0,0.0,0.0,0.0,0.0,0.0,0.0,0.0,1.0,0.0,0.0,0.0,1.0,0.0,0.0,0.0,0.0,0.0,0.0,0.0,0.0,0.0,0.0,1.0,1.0,0.0,0.0,1.0
-0.3675282814680732,-0.8887480547532877,1.417623754897054,0.05551977746379328,-0.6695285926053508,-0.35418948698466474,-0.6513847719133283,-0.6132186717941674,-0.3358111558318982,-0.2817565873401402,0.1685316843149479,-1.160482467350122,1.0,0.0,1.0,0.0,0.0,0.0,0.0,0.0,0.0,1.0,0.0,0.0,0.0,1.0,0.0,0.0,0.0,0.0,0.0,0.0,0.0,0.0,0.0,0.0,1.0,1.0,0.0,1.0,0.0
0.5806094568971182,-0.35323815142259707,0.6869346435454297,-1.025710132905194,0.728630969916042,-0.35418948698466474,0.4888949163375746,0.4360147970551687,-0.3358111558318982,0.39900363776314934,-0.24560623592775463,-0.7486717976020304,0.0,0.0,0.0,0.0,0.0,0.0,0.0,0.0,1.0,0.0,1.0,0.0,1.0,0.0,0.0,0.0,0.0,0.0,0.0,0.0,0.0,0.0,0.0,0.0,1.0,0.0,1.0,1.0,0.0
0.5806094568971182,-0.4871156272552697,-0.3256953035758671,-0.13409890084718573,0.04425141941466518,-0.35418948698466474,-0.6513847719133283,-0.08860193736949937,-0.3358111558318982,-0.7008652473549095,-2.0066975860860423,0.2396738097933893,1.0,0.0,1.0,0.0,0.0,0.0,0.0,0.0,1.0,0.0,1.0,0.0,0.0,0.0,1.0,0.0,0.0,0.0,0.0,0.0,0.0,0.0,0.0,0.0,1.0,0.0,1.0,1.0,0.0
0.2236634848066932,0.9855366069041295,0.8274517803438188,0.39037829448105427,-0.14556073450514706,-0.35418948698466474,-0.6513847719133283,0.7857592866716141,-0.3358111558318982,0.620168702018111,0.6550432216874427,0.07494954189415268,1.0,0.0,1.0,0.0,0.0,0.0,0.0,1.0,0.0,0.0,0.0,1.0,1.0,0.0,0.0,0.0,0.0,0.0,0.0,0.0,0.0,0.0,0.0,0.0,0.0,0.0,0.0,1.0,0.0
-0.5348467058854599,-0.24613617075645894,-0.7209564109571431,-1.255673210856807,-0.4984818708737135,-0.35418948698466474,-0.6513847719133283,-0.08860193736949937,-0.3358111558318982,-0.4959724760788941,-1.266878388759273,-0.7486717976020304,0.0,0.0,0.0,0.0,0.0,0.0,0.0,0.0,0.0,1.0,0.0,0.0,0.0,1.0,0.0,0.0,0.0,0.0,0.0,0.0,0.0,0.0,0.0,0.0,1.0,0.0,1.0,1.0,0.0
2.2537937010709856,2.4581888410635284,-0.3755562230849731,-0.9712451933903382,2.555852313577733,0.9164454439020248,-0.6513847719133283,-0.7880909166023902,-0.3358111558318982,0.8410316282071507,0.9847452552787204,-0.0074125920554656355,0.0,1.0,0.0,0.0,0.0,0.0,0.0,0.0,1.0,0.0,1.0,0.0,1.0,0.0,0.0,0.0,0.0,0.0,0.0,0.0,0.0,0.0,0.0,0.0,0.0,0.0,0.0,0.0,0.0
-1.2041204035550068,-1.102952016085564,-0.694666107943251,-1.0035207131028454,-1.2017039189931957,-0.35418948698466474,-0.6513847719133283,-0.4383464269859448,-0.3358111558318982,-0.6581774548982045,-1.4839992401486508,-0.8310339315516487,0.0,0.0,0.0,0.0,0.0,0.0,0.0,0.0,0.0,1.0,0.0,0.0,0.0,0.0,0.0,0.0,1.0,0.0,0.0,0.0,0.0,0.0,0.0,0.0,0.0,1.0,0.0,0.0,1.0
0.13442699178408696,-0.8887480547532877,1.5227849669526232,0.7938222908873924,-0.15338287564313352,-0.35418948698466474,-0.6513847719133283,-0.08860193736949937,-0.3358111558318982,0.4209302288329231,1.028973576858038,-0.5839475297027937,1.0,0.0,0.0,1.0,0.0,0.0,0.0,0.0,1.0,0.0,1.0,0.0,1.0,0.0,0.0,0.0,0.0,0.0,0.0,0.0,0.0,0.0,0.0,0.0,1.0,1.0,0.0,1.0,0.0
-0.08866424077242865,-0.4603401320887352,-0.600383641962396,0.7938222908873924,-0.34485193630646,-0.35418948698466474,1.6291746045884776,-0.26347418217772206,-0.3358111558318982,-0.32137983655677854,0.49421296139901455,-0.7486717976020304,1.0,0.0,0.0,1.0,0.0,0.0,0.0,0.0,1.0,0.0,1.0,0.0,0.0,1.0,0.0,0.0,0.0,0.0,0.0,0.0,0.0,0.0,0.0,0.0,0.0,0.0,1.0,1.0,0.0
1.1383375382884073,0.9855366069041295,0.11942672331451483,-1.5602734281435924,1.215723019794309,-0.35418948698466474,0.4888949163375746,3.2339707139867317,-0.3358111558318982,-0.3784407684352054,-1.278940658280905,2.298727158533847,0.0,0.0,0.0,0.0,0.0,0.0,0.0,1.0,0.0,0.0,0.0,0.0,1.0,0.0,0.0,0.0,0.0,0.0,0.0,0.0,0.0,0.0,0.0,0.0,0.0,0.0,0.0,0.0,0.0
1.461819825495355,2.0565564135655108,0.039649252099945444,-1.1729671915935074,1.6460178478135012,-0.35418948698466474,-0.6513847719133283,-0.7880909166023902,-0.3358111558318982,-0.061843237929712844,0.7716451603965533,-0.6663096636524121,0.0,0.0,0.0,0.0,0.0,0.0,0.0,1.0,0.0,0.0,1.0,0.0,0.0,1.0,0.0,0.0,0.0,0.0,0.0,0.0,0.0,0.0,0.0,0.0,1.0,0.0,0.0,0.0,0.0
1.2889241202640553,0.04839427607542089,-1.183303119132489,0.39037829448105427,0.7296713532201091,2.187080374788714,2.7694542928393804,0.6108870418633914,-0.3358111558318982,-0.2625924014445112,-0.5793290260262428,0.8162087474407175,1.0,0.0,1.0,0.0,0.0,0.0,0.0,1.0,0.0,0.0,1.0,0.0,1.0,0.0,0.0,0.0,0.0,0.0,0.0,0.0,0.0,0.0,0.0,0.0,0.0,0.0,1.0,0.0,0.0
-0.3675282814680732,-0.0319322094241827,-0.9602888246008516,-0.31564869923003813,-0.22424453846459802,-0.35418948698466474,0.4888949163375746,-0.7880909166023902,-0.3358111558318982,-0.29224509448572095,0.12028260622841935,-1.0781203334005036,0.0,1.0,0.0,0.0,0.0,0.0,0.0,0.0,1.0,0.0,0.0,0.0,0.0,1.0,0.0,0.0,0.0,0.0,0.0,0.0,0.0,0.0,0.0,0.0,0.0,0.0,1.0,1.0,0.0
1.9191568522362121,2.324311365230856,0.3814231912805442,-0.4326474581878763,2.3463114095956095,0.9164454439020248,0.4888949163375746,1.8349927555209502,-0.3358111558318982,0.9148396414538299,0.23688454493752967,1.3927436850880455,0.0,1.0,0.0,0.0,0.0,0.0,0.0,1.0,0.0,0.0,1.0,0.0,1.0,0.0,0.0,0.0,0.0,0.0,0.0,0.0,0.0,0.0,0.0,0.0,0.0,0.0,0.0,0.0,0.0
-0.9810291709984912,-1.0226255305859604,-0.4272302669398646,-1.0963128322763032,-0.964843320100568,-0.35418948698466474,0.4888949163375746,0.26114255224694605,-0.3358111558318982,-0.3945835736716136,-1.1663594760790055,-0.5015853957531755,0.0,0.0,0.0,0.0,0.0,0.0,0.0,1.0,0.0,0.0,1.0,0.0,0.0,1.0,0.0,0.0,0.0,0.0,0.0,0.0,0.0,0.0,0.0,0.0,0.0,1.0,0.0,0.0,1.0
1.6960656196796964,-0.08548319975725176,-0.43357620215011444,2.159480218722849,1.6241697984280905,0.9164454439020248,-0.6513847719133283,0.6108870418633914,-0.3358111558318982,0.3883424802941846,1.5315681402593757,0.6514844795414808,1.0,0.0,0.0,0.0,0.0,1.0,0.0,1.0,0.0,0.0,0.0,1.0,1.0,0.0,0.0,0.0,0.0,0.0,0.0,0.0,0.0,0.0,0.0,0.0,1.0,0.0,1.0,0.0,0.0
-0.9810291709984912,1.2532915585694748,-1.2059671734548099,-1.0418478927614476,-0.9619533664781592,-0.35418948698466474,0.4888949163375746,-0.7880909166023902,-0.3358111558318982,-0.46558601916330217,-0.16519110578354057,-0.33686112785393885,0.0,0.0,0.0,0.0,0.0,0.0,0.0,1.0,0.0,0.0,1.0,0.0,0.0,1.0,0.0,0.0,0.0,0.0,0.0,0.0,0.0,0.0,0.0,0.0,1.0,0.0,0.0,0.0,1.0
-1.3156660198332646,-1.0226255305859604,-1.4280749058135545,0.1604152165294412,-1.2910227522831115,-0.35418948698466474,-0.6513847719133283,-1.487579895835281,-0.3358111558318982,-0.6469551838782415,-0.7642838253579352,-1.3252067352493586,0.0,0.0,1.0,0.0,0.0,0.0,0.0,0.0,0.0,1.0,0.0,0.0,0.0,0.0,0.0,0.0,0.0,0.0,0.0,0.0,0.0,0.0,0.0,1.0,0.0,1.0,0.0,0.0,1.0
1.6960656196796964,0.18227175190809353,1.4058384466494478,-0.3196831391941014,2.1250565602639893,-0.35418948698466474,0.4888949163375746,1.6601205107127277,-0.3358111558318982,0.573768927608649,-0.2817930444926509,1.228019417188809,0.0,1.0,0.0,0.0,0.0,0.0,0.0,1.0,0.0,0.0,0.0,1.0,0.0,1.0,0.0,0.0,0.0,0.0,0.0,0.0,0.0,0.0,0.0,0.0,1.0,0.0,1.0,0.0,0.0
-0.9810291709984912,-0.35323815142259707,0.13755796677237145,0.10796749699661724,-0.8996844990939902,-0.35418948698466474,-0.6513847719133283,-1.1378354062188356,-0.3358111558318982,0.5180028731556025,-0.12498354071143356,-1.2428446012997403,0.0,0.0,1.0,0.0,0.0,0.0,0.0,1.0,0.0,0.0,1.0,0.0,0.0,0.0,0.0,0.0,0.0,0.0,0.0,1.0,0.0,0.0,0.0,0.0,0.0,0.0,1.0,0.0,1.0
0.5806094568971182,0.3964757132403698,1.162879784314168,-0.41650969833162277,0.8373702915485446,-0.35418948698466474,1.6291746045884776,0.08627030743872333,-0.3358111558318982,0.14443073593337497,1.6883776440405933,0.07494954189415268,0.0,1.0,0.0,0.0,0.0,0.0,0.0,0.0,0.0,1.0,0.0,1.0,0.0,1.0,0.0,0.0,0.0,0.0,0.0,0.0,0.0,0.0,0.0,0.0,1.0,0.0,1.0,1.0,0.0
0.3575182243406026,-0.43356463692220065,-0.7962010713072484,2.524597035470585,0.37374466508423737,-0.35418948698466474,0.4888949163375746,-0.9629631614106129,1.4162470485084402,-0.6119071682312803,-1.672974795987554,-1.0781203334005036,1.0,0.0,0.0,0.0,0.0,1.0,0.0,0.0,0.0,1.0,1.0,0.0,0.0,1.0,0.0,0.0,0.0,0.0,0.0,0.0,0.0,0.0,0.0,0.0,0.0,0.0,1.0,1.0,0.0
-0.20020985705068647,0.04839427607542089,-0.6928529835974654,0.10191583705052229,-0.5311190804494507,-0.35418948698466474,-0.6513847719133283,-0.7880909166023902,-0.3358111558318982,0.4151896055804036,0.6309186826441787,-0.0074125920554656355,1.0,0.0,1.0,0.0,0.0,0.0,0.0,0.0,0.0,1.0,0.0,0.0,1.0,0.0,0.0,0.0,0.0,0.0,0.0,0.0,0.0,0.0,0.0,0.0,0.0,0.0,1.0,1.0,0.0
2.0976298382814247,0.42325120840690433,-0.12987787423101477,1.187180187383573,1.6689833459329102,-0.35418948698466474,0.4888949163375746,-0.26347418217772206,-0.3358111558318982,-0.2268537845040139,-0.10890051468259081,-0.25449899390432057,1.0,0.0,0.0,1.0,0.0,0.0,0.0,0.0,0.0,1.0,1.0,0.0,0.0,1.0,0.0,0.0,0.0,0.0,0.0,0.0,0.0,0.0,0.0,0.0,1.0,0.0,1.0,0.0,0.0
0.5806094568971182,-0.8887480547532877,-0.4190712073838291,-0.5314912373074293,-0.031889225357066356,-0.35418948698466474,-0.6513847719133283,-0.9629631614106129,-0.3358111558318982,-0.522431138137499,-1.4518331880909654,-0.7486717976020304,1.0,1.0,0.0,0.0,0.0,0.0,0.0,1.0,0.0,0.0,0.0,1.0,0.0,1.0,0.0,0.0,0.0,0.0,0.0,0.0,0.0,0.0,0.0,0.0,0.0,1.0,0.0,1.0,0.0
-0.8081334657671916,-1.3974824629174438,-0.8116126282464265,0.39037829448105427,-0.6769268738787174,-0.35418948698466474,-0.6513847719133283,-1.1378354062188356,-0.3358111558318982,-0.5021015625590277,-0.016423115016744472,-1.5722931370982134,0.0,0.0,1.0,0.0,0.0,0.0,0.0,0.0,0.0,1.0,0.0,1.0,1.0,0.0,0.0,0.0,0.0,0.0,0.0,0.0,0.0,0.0,0.0,0.0,1.0,1.0,0.0,0.0,1.0
-1.2041204035550068,-1.102952016085564,0.2916735361641533,1.9537237805556156,-1.0907296998926967,0.9164454439020248,-0.6513847719133283,-1.3127076510270583,-0.3358111558318982,-0.6113460546802821,1.5315681402593757,-1.2428446012997403,0.0,0.0,0.0,0.0,1.0,0.0,0.0,0.0,0.0,1.0,0.0,1.0,0.0,0.0,0.0,0.0,0.0,0.0,0.0,1.0,0.0,0.0,0.0,0.0,0.0,1.0,0.0,0.0,1.0
0.3575182243406026,0.5102715676981415,0.5183140793873621,-0.07358230138623516,-0.11812544144974588,-0.35418948698466474,-0.6513847719133283,-0.4383464269859448,-0.3358111558318982,0.7225071812040037,0.9083508816417168,-0.5015853957531755,1.0,0.0,1.0,0.0,0.0,0.0,0.0,1.0,0.0,0.0,1.0,0.0,0.0,1.0,0.0,0.0,0.0,0.0,0.0,0.0,0.0,0.0,0.0,0.0,0.0,0.0,1.0,1.0,0.0
0.5806094568971182,-0.08548319975725176,0.750393995647928,2.4075982765127466,0.5762340822276827,-0.35418948698466474,0.4888949163375746,1.6601205107127277,-0.3358111558318982,-0.4328687828820256,-0.6637649126776677,0.4867602116422442,1.0,0.0,0.0,0.0,1.0,0.0,0.0,1.0,0.0,0.0,0.0,1.0,0.0,1.0,0.0,0.0,0.0,0.0,0.0,0.0,0.0,0.0,0.0,0.0,1.0,0.0,1.0,1.0,0.0
-0.5348467058854599,-0.35323815142259707,0.25722417359422567,1.2053351672218582,-0.6850572767364277,2.187080374788714,-0.6513847719133283,0.08627030743872333,-0.3358111558318982,-0.273167233751784,0.055950502113048056,-0.4192232618035572,1.0,0.0,0.0,1.0,0.0,0.0,0.0,0.0,0.0,1.0,1.0,0.0,0.0,1.0,0.0,0.0,0.0,0.0,0.0,0.0,0.0,0.0,0.0,0.0,1.0,0.0,1.0,1.0,0.0
2.594704990821411,-0.24613617075645894,-0.10902694425447954,0.20479405613413856,1.9066916645547782,-0.35418948698466474,1.6291746045884776,-0.26347418217772206,-0.3358111558318982,-0.714547785483095,-2.010718342593253,0.15731167584377098,1.0,0.0,1.0,0.0,0.0,0.0,0.0,0.0,0.0,1.0,0.0,1.0,0.0,1.0,0.0,0.0,0.0,0.0,0.0,0.0,0.0,0.0,0.0,0.0,0.0,0.0,1.0,0.0,0.0
0.5806094568971182,1.5745975005678892,-1.5731248534764082,-0.2147877001284535,0.028607137138692028,0.9164454439020248,-0.6513847719133283,-0.7880909166023902,-0.3358111558318982,-0.33946495793125725,-0.43458179176665745,-0.7486717976020304,1.0,0.0,1.0,0.0,0.0,0.0,0.0,0.0,0.0,1.0,0.0,1.0,1.0,0.0,0.0,0.0,0.0,0.0,0.0,0.0,0.0,0.0,0.0,0.0,0.0,0.0,0.0,1.0,0.0
-1.0925747872767488,-0.8887480547532877,0.9570901710674942,-0.30757981930191153,-1.0496538257395256,-0.35418948698466474,1.6291746045884776,0.08627030743872333,1.4162470485084402,-0.0835108535144105,0.32132043158895446,-0.4192232618035572,0.0,1.0,0.0,0.0,0.0,0.0,0.0,0.0,1.0,0.0,0.0,0.0,0.0,1.0,0.0,0.0,0.0,0.0,0.0,0.0,0.0,0.0,0.0,0.0,0.0,1.0,0.0,0.0,1.0
-0.14443704891155756,-0.35323815142259707,-1.0917403396703125,-0.40238915845740086,-0.5526974008301031,-0.35418948698466474,-0.6513847719133283,-1.1378354062188356,-0.3358111558318982,-0.2296593522590046,1.652190835475697,-1.489931003148595,1.0,1.0,0.0,0.0,0.0,0.0,0.0,0.0,0.0,1.0,0.0,0.0,1.0,0.0,0.0,0.0,0.0,0.0,0.0,0.0,0.0,0.0,0.0,0.0,1.0,0.0,1.0,1.0,0.0
-1.03680197913762,-0.7816460740871496,1.0069510905766001,0.5457042330974945,-0.9426870089954336,-0.35418948698466474,9.611132422344799,1.3103760210962823,3.1683052528487785,0.412901988795565,0.30121664905290096,0.8162087474407175,0.0,0.0,0.0,0.0,0.0,1.0,0.0,1.0,0.0,0.0,0.0,0.0,1.0,0.0,0.0,0.0,0.0,0.0,0.0,0.0,0.0,0.0,0.0,0.0,0.0,1.0,0.0,0.0,1.0
0.4216569537006008,-0.21936067558992442,1.6633021037510125,-0.07358230138623516,0.7156839776876504,-0.35418948698466474,-0.6513847719133283,1.6601205107127277,-0.3358111558318982,5.948071356488049,0.15244865828610485,0.3220359437430076,0.0,0.0,1.0,0.0,0.0,0.0,0.0,1.0,0.0,0.0,0.0,0.0,0.0,1.0,0.0,0.0,0.0,0.0,0.0,0.0,0.0,0.0,0.0,0.0,1.0,0.0,1.0,1.0,0.0
-1.2041204035550068,-1.0226255305859604,-0.029249473039910153,-0.9833485132825285,-1.2010103301238177,-0.35418948698466474,-0.6513847719133283,-1.3127076510270583,-0.3358111558318982,-0.560759509928757,1.1616585415959915,-1.0781203334005036,0.0,1.0,0.0,0.0,0.0,0.0,0.0,0.0,0.0,1.0,0.0,0.0,1.0,0.0,0.0,0.0,0.0,0.0,0.0,0.0,0.0,0.0,0.0,0.0,0.0,1.0,0.0,0.0,1.0
-0.5348467058854599,-0.754870578920615,0.8419567751101041,0.5981519526303185,-0.33020950461958853,-0.35418948698466474,-0.6513847719133283,0.4360147970551687,-0.3358111558318982,0.41467165461025146,1.5154851142305332,1.228019417188809,0.0,0.0,1.0,0.0,0.0,0.0,0.0,1.0,0.0,0.0,1.0,0.0,0.0,1.0,0.0,0.0,0.0,0.0,0.0,0.0,0.0,0.0,0.0,0.0,0.0,1.0,0.0,1.0,0.0
-1.0925747872767488,-1.0226255305859604,-0.250450643225762,-0.2147877001284535,-1.0454537598082916,-0.35418948698466474,0.4888949163375746,-0.7880909166023902,-0.3358111558318982,-0.5190644568315101,1.5315681402593757,-1.3252067352493586,0.0,1.0,0.0,0.0,0.0,0.0,0.0,0.0,1.0,0.0,0.0,0.0,1.0,0.0,0.0,0.0,0.0,0.0,0.0,0.0,0.0,0.0,0.0,0.0,0.0,1.0,0.0,0.0,1.0
-0.7579379384419755,-0.6209931030879423,0.8963505054836743,1.045974788641354,-0.5671086362271819,-0.35418948698466474,-0.6513847719133283,0.4360147970551687,-0.3358111558318982,0.4708261722909121,1.0128905508291954,-0.6663096636524121,0.0,0.0,0.0,1.0,0.0,0.0,0.0,1.0,0.0,0.0,0.0,0.0,0.0,1.0,0.0,0.0,0.0,0.0,0.0,0.0,0.0,0.0,0.0,0.0,0.0,0.0,1.0,0.0,1.0
-1.0925747872767488,-0.9422990450863568,0.16747451847783518,-0.6303350164269823,-1.0642191919964663,-0.35418948698466474,-0.6513847719133283,0.9606315314798368,-0.3358111558318982,-0.07410141088998004,-0.9210933291391525,0.5691223455918625,0.0,1.0,0.0,0.0,0.0,0.0,0.0,0.0,0.0,1.0,0.0,0.0,1.0,0.0,0.0,0.0,0.0,0.0,0.0,0.0,0.0,0.0,0.0,0.0,1.0,1.0,0.0,0.0,1.0
0.5806094568971182,0.2358227422411626,-0.0029591700260180186,0.39037829448105427,0.1477117590969012,0.9164454439020248,-0.6513847719133283,1.8349927555209502,-0.3358111558318982,0.15936498890609485,-0.11694202769701204,1.6398300869369005,1.0,0.0,1.0,0.0,0.0,0.0,0.0,1.0,0.0,0.0,0.0,1.0,1.0,0.0,0.0,0.0,0.0,0.0,0.0,0.0,0.0,0.0,0.0,0.0,0.0,0.0,1.0,1.0,0.0
0.5806094568971182,-0.8887480547532877,1.0477463883567777,1.0379059087132274,0.2800716350032258,-0.35418948698466474,-0.6513847719133283,-0.4383464269859448,-0.3358111558318982,0.3158293444728857,1.390841662507001,-0.7486717976020304,1.0,0.0,0.0,0.0,1.0,0.0,0.0,0.0,0.0,1.0,0.0,1.0,1.0,0.0,0.0,0.0,0.0,0.0,0.0,0.0,0.0,0.0,0.0,0.0,0.0,1.0,0.0,1.0,0.0
0.13442699178408696,-0.4871156272552697,0.038742689927052466,-0.7836437350613908,0.2801487004331566,0.9164454439020248,-0.6513847719133283,-0.26347418217772206,-0.3358111558318982,0.5404042526146823,1.7326059656199109,-0.0074125920554656355,0.0,1.0,0.0,0.0,0.0,0.0,0.0,1.0,0.0,0.0,1.0,0.0,0.0,1.0,0.0,0.0,0.0,0.0,0.0,0.0,0.0,0.0,0.0,0.0,0.0,0.0,1.0,1.0,0.0
0.13442699178408696,0.13953806162230442,0.6688034000875727,-0.30354537933784786,0.34923785836621046,-0.35418948698466474,2.7694542928393804,3.4088429587949545,1.4162470485084402,0.06091114199634318,-0.5552044869829785,6.087385320216288,0.0,1.0,0.0,0.0,0.0,0.0,0.0,1.0,0.0,0.0,1.0,0.0,1.0,0.0,0.0,0.0,0.0,0.0,0.0,0.0,0.0,0.0,0.0,0.0,1.0,0.0,1.0,1.0,0.0
0.9152463057318916,-0.23274842317319167,0.7639924282413204,-0.9833485132825285,1.0992771551687157,-0.35418948698466474,-0.6513847719133283,0.26114255224694605,-0.3358111558318982,0.85359193923334,0.8359772645119243,1.6398300869369005,0.0,1.0,0.0,0.0,0.0,0.0,0.0,1.0,0.0,0.0,0.0,1.0,0.0,1.0,0.0,0.0,0.0,0.0,0.0,0.0,0.0,0.0,0.0,0.0,0.0,0.0,1.0,1.0,0.0
0.6921550731753761,-0.08548319975725176,0.6651771513960014,-0.2147877001284535,0.11430389522185506,-0.35418948698466474,-0.6513847719133283,-0.26347418217772206,-0.3358111558318982,-0.668277498816171,-1.8619503518264569,1.0632951492895724,1.0,1.0,0.0,0.0,0.0,0.0,0.0,1.0,0.0,0.0,1.0,0.0,0.0,1.0,0.0,0.0,0.0,0.0,0.0,0.0,0.0,0.0,0.0,0.0,1.0,0.0,1.0,1.0,0.0
-0.31175547332894427,-1.31715597741784,-0.7925748226156771,-0.21680492011048513,-0.14991493129624303,-0.35418948698466474,-0.6513847719133283,-0.9629631614106129,-0.3358111558318982,-0.6540770097178333,-0.4868516263603968,-1.489931003148595,0.0,1.0,0.0,0.0,0.0,0.0,0.0,0.0,0.0,1.0,1.0,0.0,0.0,1.0,0.0,0.0,0.0,0.0,0.0,0.0,0.0,0.0,0.0,0.0,1.0,1.0,0.0,1.0,0.0
0.13442699178408696,-1.156503006418633,-0.167046923319621,-0.08770284126045706,0.38075761920794926,0.9164454439020248,-0.6513847719133283,-0.7880909166023902,-0.3358111558318982,-0.1904245662699804,-0.8527404685165706,-0.33686112785393885,0.0,0.0,1.0,0.0,0.0,0.0,0.0,0.0,1.0,0.0,0.0,0.0,1.0,0.0,0.0,0.0,0.0,0.0,0.0,0.0,0.0,0.0,0.0,0.0,0.0,1.0,0.0,1.0,0.0
-1.0925747872767488,1.7888014619001653,-0.551429284626183,0.39037829448105427,-1.0174790087433743,0.9164454439020248,-0.6513847719133283,-0.4383464269859448,-0.3358111558318982,-0.2600458091745965,1.4551737666223727,0.8162087474407175,0.0,0.0,1.0,0.0,0.0,0.0,0.0,1.0,0.0,0.0,0.0,1.0,0.0,0.0,0.0,0.0,0.0,0.0,0.0,0.0,0.0,1.0,0.0,0.0,0.0,0.0,0.0,0.0,1.0
0.02288137550582915,2.4581888410635284,-1.0944600261889912,-0.7291787955465352,0.16458908825176877,-0.35418948698466474,0.4888949163375746,-1.1378354062188356,-0.3358111558318982,0.3059019508783031,1.9416853039948674,0.5691223455918625,0.0,1.0,0.0,0.0,0.0,0.0,0.0,0.0,1.0,0.0,0.0,0.0,0.0,0.0,0.0,1.0,0.0,0.0,0.0,0.0,0.0,0.0,0.0,0.0,1.0,0.0,0.0,1.0,0.0
-0.5571558291411115,-0.9422990450863568,0.26175698445868995,1.0096648289647836,-0.31895795184967696,-0.35418948698466474,-0.6513847719133283,-0.6132186717941674,-0.3358111558318982,-0.06292230245086312,0.37761102268990426,-0.8310339315516487,0.0,0.0,0.0,1.0,0.0,0.0,0.0,0.0,0.0,1.0,0.0,0.0,0.0,1.0,0.0,0.0,0.0,0.0,0.0,0.0,0.0,0.0,0.0,0.0,0.0,1.0,0.0,0.0,1.0
-1.3323978622750032,-0.9958500354194257,-0.022903537829660283,-1.0398306727794158,-1.341654739747714,-0.35418948698466474,-0.6513847719133283,-0.9629631614106129,-0.3358111558318982,-0.5712911796551837,-1.3553350319179085,-0.913396065501267,0.0,0.0,0.0,0.0,0.0,0.0,0.0,0.0,0.0,1.0,0.0,0.0,0.0,1.0,0.0,0.0,0.0,0.0,0.0,0.0,0.0,0.0,0.0,0.0,1.0,1.0,0.0,0.0,1.0
-0.31175547332894427,0.3161492277407662,0.41677911602336476,-1.1023644922223983,-0.24501367183097633,-0.35418948698466474,-0.6513847719133283,0.6108870418633914,-0.3358111558318982,-0.18912968884460005,-0.13704581023306556,-0.25449899390432057,0.0,0.0,0.0,0.0,0.0,0.0,0.0,0.0,0.0,1.0,1.0,0.0,1.0,0.0,0.0,0.0,0.0,0.0,0.0,0.0,0.0,0.0,0.0,0.0,0.0,0.0,1.0,1.0,0.0
-1.0925747872767488,2.4581888410635284,-0.6321133180136455,-1.5602734281435924,-1.1050638698598443,-0.35418948698466474,-0.6513847719133283,-0.7880909166023902,-0.3358111558318982,-0.1510602925384181,1.7527097481559644,0.8162087474407175,0.0,0.0,0.0,0.0,0.0,0.0,0.0,1.0,0.0,0.0,0.0,0.0,0.0,0.0,1.0,0.0,0.0,0.0,0.0,0.0,0.0,0.0,0.0,0.0,0.0,0.0,0.0,0.0,1.0
-0.5348467058854599,-0.6209931030879423,-0.3130034331553674,-0.11392670102686887,-0.3964087089302335,-0.35418948698466474,-0.6513847719133283,-0.08860193736949937,1.4162470485084402,-0.4792685572914877,0.2650298404880047,-0.6663096636524121,0.0,1.0,0.0,0.0,0.0,0.0,0.0,1.0,0.0,0.0,1.0,0.0,0.0,1.0,0.0,0.0,0.0,0.0,0.0,0.0,0.0,0.0,0.0,0.0,0.0,0.0,1.0,1.0,0.0
-0.9810291709984912,-0.6102829050213285,-0.8660063586199969,1.4796770847781684,-0.8214630877141245,0.9164454439020248,0.4888949163375746,-0.26347418217772206,1.4162470485084402,-0.6981891673424568,-1.5402898312496007,-0.17213685995470224,0.0,0.0,0.0,1.0,0.0,0.0,0.0,0.0,1.0,0.0,0.0,1.0,0.0,0.0,1.0,0.0,0.0,0.0,0.0,0.0,0.0,0.0,0.0,0.0,1.0,0.0,1.0,0.0,1.0
-0.31175547332894427,-1.263604987084771,0.4049938077757577,0.6869096318397132,-0.04911334894662288,2.187080374788714,-0.6513847719133283,0.26114255224694605,-0.3358111558318982,-0.5810459229263822,-1.5563728572784437,-0.25449899390432057,0.0,0.0,1.0,0.0,0.0,0.0,0.0,0.0,1.0,0.0,0.0,0.0,0.0,0.0,1.0,0.0,0.0,0.0,0.0,0.0,0.0,0.0,0.0,0.0,0.0,1.0,0.0,1.0,0.0
2.2537937010709856,0.7177816552387841,-0.6973857944619294,0.5981519526303185,1.5958097202135186,-0.35418948698466474,-0.6513847719133283,0.08627030743872333,-0.3358111558318982,0.23136017375724163,0.40977707474759006,-0.6663096636524121,1.0,0.0,1.0,0.0,0.0,0.0,0.0,0.0,0.0,1.0,1.0,0.0,0.0,1.0,0.0,0.0,0.0,0.0,0.0,0.0,0.0,0.0,0.0,0.0,0.0,0.0,0.0,0.0,0.0
-1.4160570744836967,-0.0319322094241827,0.3796100669347585,-1.4009130495630886,-1.43868011603072,-0.35418948698466474,-0.6513847719133283,1.485248265904505,-0.3358111558318982,-0.5258841446051798,-1.725244630581293,0.8162087474407175,0.0,0.0,0.0,0.0,0.0,0.0,0.0,1.0,0.0,0.0,0.0,0.0,0.0,0.0,0.0,0.0,1.0,0.0,0.0,0.0,0.0,0.0,0.0,0.0,1.0,0.0,1.0,0.0,1.0
0.24597260806234478,-0.6347824830987077,-0.9539428893906017,3.1600213298105677,0.3828383858160839,-0.35418948698466474,0.4888949163375746,-0.7880909166023902,-0.3358111558318982,-0.45565862556871956,1.4069246885358442,-0.913396065501267,1.0,0.0,0.0,0.0,0.0,1.0,0.0,0.0,0.0,1.0,0.0,1.0,0.0,1.0,0.0,0.0,0.0,0.0,0.0,0.0,0.0,0.0,0.0,0.0,1.0,1.0,0.0,1.0,0.0
-0.8137107465811044,-0.8887480547532877,-0.9829528789231724,0.10796749699661724,-0.703283250915086,-0.35418948698466474,0.4888949163375746,-0.7880909166023902,8.424479865869793,-0.5122016064769943,0.9204131511633494,-0.5015853957531755,0.0,0.0,1.0,0.0,0.0,0.0,0.0,1.0,0.0,0.0,1.0,0.0,0.0,1.0,0.0,0.0,0.0,0.0,0.0,0.0,0.0,0.0,0.0,0.0,0.0,1.0,0.0,0.0,1.0
0.9152463057318916,-0.6209931030879423,1.2299653851082373,2.4075982765127466,0.9154761047835144,-0.35418948698466474,-0.6513847719133283,0.08627030743872333,-0.3358111558318982,0.24862520609564615,0.6751470042234962,-0.33686112785393885,1.0,0.0,0.0,0.0,1.0,0.0,0.0,1.0,0.0,0.0,0.0,0.0,0.0,1.0,0.0,0.0,0.0,0.0,0.0,0.0,0.0,0.0,0.0,0.0,1.0,0.0,1.0,1.0,0.0
-0.5348467058854599,-0.08548319975725176,-0.4480811969163998,-1.5602734281435924,-0.5248767806250476,-0.35418948698466474,-0.6513847719133283,-0.9629631614106129,10.176538070210132,-0.5506163034299444,-0.4627270873171325,-1.160482467350122,0.0,0.0,0.0,0.0,0.0,0.0,0.0,1.0,0.0,0.0,1.0,0.0,0.0,1.0,0.0,0.0,0.0,0.0,0.0,0.0,0.0,0.0,0.0,0.0,0.0,0.0,1.0,1.0,0.0
2.2537937010709856,0.3964757132403698,1.7566780075589745,-0.08770284126045706,1.3571380837175147,-0.35418948698466474,-0.6513847719133283,-0.08860193736949937,-0.3358111558318982,-0.12166657498228445,-0.5391214609541358,-0.25449899390432057,1.0,0.0,1.0,0.0,0.0,0.0,0.0,1.0,0.0,0.0,0.0,1.0,0.0,1.0,0.0,0.0,0.0,0.0,0.0,0.0,0.0,0.0,0.0,0.0,0.0,0.0,1.0,0.0,0.0
-0.5348467058854599,0.3161492277407662,-0.2033094102353343,-1.1790188515396025,-0.9184499312821649,-0.35418948698466474,-0.6513847719133283,-0.26347418217772206,-0.3358111558318982,0.8785830735431804,-0.10890051468259081,-0.08977472600508395,1.0,0.0,0.0,0.0,0.0,0.0,0.0,1.0,0.0,0.0,0.0,0.0,1.0,0.0,0.0,0.0,0.0,0.0,0.0,0.0,0.0,0.0,0.0,0.0,1.0,0.0,1.0,1.0,0.0
-0.5348467058854599,-0.08548319975725176,-0.33294780095900983,-1.2233976911442999,-0.4956689826812355,-0.35418948698466474,-0.6513847719133283,-0.7880909166023902,-0.3358111558318982,0.16057354116978317,0.3615279966610615,0.40439807769262587,0.0,0.0,0.0,0.0,0.0,0.0,0.0,1.0,0.0,0.0,1.0,0.0,1.0,0.0,0.0,0.0,0.0,0.0,0.0,0.0,0.0,0.0,0.0,0.0,0.0,0.0,1.0,1.0,0.0
-0.5348467058854599,0.18227175190809353,-0.7218629731300359,-0.5173706974332074,-0.43305332086237747,0.9164454439020248,1.6291746045884776,-0.26347418217772206,-0.3358111558318982,-0.22832131225277827,-0.26571001846380815,-0.33686112785393885,0.0,1.0,0.0,0.0,0.0,0.0,0.0,1.0,0.0,0.0,0.0,0.0,0.0,1.0,0.0,0.0,0.0,0.0,0.0,0.0,0.0,0.0,0.0,0.0,1.0,0.0,1.0,1.0,0.0
-0.9810291709984912,-1.0761765209190293,-0.20512253458112026,-0.9833485132825285,-0.9588707492809231,-0.35418948698466474,-0.6513847719133283,0.08627030743872333,3.1683052528487785,-0.6804493466147462,-1.8016390042182964,0.07494954189415268,0.0,1.0,0.0,0.0,0.0,0.0,0.0,0.0,0.0,1.0,1.0,0.0,0.0,0.0,0.0,0.0,0.0,0.0,0.0,1.0,0.0,0.0,0.0,0.0,0.0,1.0,0.0,0.0,1.0
1.6960656196796964,-0.12564644250705356,0.6062506101579672,0.025261477733317817,0.9555886610625488,-0.35418948698466474,-0.6513847719133283,-0.26347418217772206,-0.3358111558318982,-0.23824870584736085,-0.41447800923060396,-0.913396065501267,1.0,0.0,1.0,0.0,0.0,0.0,0.0,1.0,0.0,0.0,1.0,0.0,0.0,1.0,0.0,0.0,0.0,0.0,0.0,0.0,0.0,0.0,0.0,0.0,0.0,0.0,1.0,0.0,0.0
0.49137296387451196,0.04839427607542089,-0.18245848025879938,-1.168932751629444,0.6079079739292835,-0.35418948698466474,-0.6513847719133283,1.1355037762880595,-0.3358111558318982,0.692983975905332,-0.008381602002323239,0.8162087474407175,0.0,0.0,0.0,0.0,0.0,0.0,0.0,0.0,1.0,0.0,0.0,0.0,1.0,0.0,0.0,0.0,0.0,0.0,0.0,0.0,0.0,0.0,0.0,0.0,1.0,0.0,1.0,1.0,0.0
-0.31175547332894427,-0.8352548994897784,0.750393995647928,0.08779529717630039,-0.6215553624733643,-0.35418948698466474,0.4888949163375746,-0.7880909166023902,1.4162470485084402,-0.31602767653187314,-0.09683824516095853,-0.8310339315516487,1.0,0.0,1.0,0.0,0.0,0.0,0.0,1.0,0.0,0.0,0.0,0.0,0.0,1.0,0.0,0.0,0.0,0.0,0.0,0.0,0.0,0.0,0.0,0.0,1.0,1.0,0.0,1.0,0.0
-0.20020985705068647,-0.44406063102748217,-0.5686539659111469,1.0964052881921462,0.13804004764057304,-0.35418948698466474,2.7694542928393804,0.26114255224694605,1.4162470485084402,-0.30407164163752803,0.8601018035551888,-0.08977472600508395,0.0,0.0,0.0,1.0,0.0,0.0,0.0,1.0,0.0,0.0,0.0,0.0,0.0,1.0,0.0,0.0,0.0,0.0,0.0,0.0,0.0,0.0,0.0,0.0,0.0,0.0,1.0,1.0,0.0
-0.7579379384419755,-0.6477685982544769,-0.33385436313190264,-0.07358230138623516,-0.6512255529967615,-0.35418948698466474,2.7694542928393804,1.8349927555209502,1.4162470485084402,-0.029643952618588442,-0.28983455750707243,0.4867602116422442,0.0,0.0,1.0,0.0,0.0,0.0,0.0,1.0,0.0,0.0,1.0,0.0,1.0,0.0,0.0,0.0,0.0,0.0,0.0,0.0,0.0,0.0,0.0,0.0,1.0,1.0,0.0,0.0,1.0
2.2537937010709856,0.4500267035734388,0.08044454988012295,0.08779529717630039,1.417249119063618,-0.35418948698466474,1.6291746045884776,1.6601205107127277,-0.3358111558318982,-0.5329628078639257,-1.8780333778553,0.7338466134910991,1.0,0.0,1.0,0.0,0.0,0.0,0.0,1.0,0.0,0.0,0.0,1.0,1.0,0.0,0.0,0.0,0.0,0.0,0.0,0.0,0.0,0.0,0.0,0.0,0.0,0.0,1.0,0.0,0.0
-1.3825933896002192,0.3161492277407662,0.8555552077034969,0.18865629627788502,-1.3692441636629773,0.9164454439020248,-0.6513847719133283,0.9606315314798368,-0.3358111558318982,1.0091067180215185,0.9244339076705599,2.710537828281938,0.0,0.0,1.0,0.0,0.0,0.0,0.0,1.0,0.0,0.0,0.0,1.0,0.0,0.0,0.0,0.0,0.0,1.0,0.0,0.0,0.0,0.0,0.0,0.0,1.0,0.0,1.0,0.0,1.0
-0.5348467058854599,-0.8887480547532877,-1.4389536518882684,1.8750522012563802,-0.20671215315531774,-0.35418948698466474,0.4888949163375746,-0.4383464269859448,-0.3358111558318982,-0.579923695824386,0.2851336230240582,-0.913396065501267,0.0,0.0,0.0,1.0,0.0,0.0,0.0,0.0,0.0,1.0,1.0,0.0,0.0,1.0,0.0,0.0,0.0,0.0,0.0,0.0,0.0,0.0,0.0,0.0,0.0,1.0,0.0,1.0,0.0
0.5750321760832053,0.28937373257423166,0.5754274962796109,0.4549293339060685,0.991231422405591,-0.35418948698466474,2.7694542928393804,1.3103760210962823,1.4162470485084402,0.1925570135766775,-0.00034008898790171974,0.5691223455918625,0.0,0.0,1.0,0.0,0.0,0.0,0.0,1.0,0.0,0.0,0.0,0.0,0.0,1.0,0.0,0.0,0.0,0.0,0.0,0.0,0.0,0.0,0.0,0.0,1.0,0.0,1.0,1.0,0.0
-1.0925747872767488,-1.2903804822513056,-0.480717435140542,-1.1285883519888102,-1.0863369703866352,-0.35418948698466474,0.4888949163375746,-0.08860193736949937,-0.3358111558318982,-0.6897293014966386,-2.010718342593253,-0.17213685995470224,0.0,0.0,0.0,0.0,0.0,0.0,0.0,0.0,0.0,1.0,0.0,0.0,0.0,1.0,0.0,0.0,0.0,0.0,0.0,0.0,0.0,0.0,0.0,0.0,0.0,1.0,0.0,0.0,1.0
-0.7133196919306724,-0.9422990450863568,-0.7472467139710354,-0.01306570192528424,-0.5948521910023066,-0.35418948698466474,0.4888949163375746,0.7857592866716141,-0.3358111558318982,-0.45682401525156185,-0.7200555037786174,-0.25449899390432057,0.0,0.0,1.0,0.0,0.0,0.0,0.0,0.0,0.0,1.0,0.0,0.0,0.0,1.0,0.0,0.0,0.0,0.0,0.0,0.0,0.0,0.0,0.0,0.0,0.0,1.0,0.0,0.0,1.0
0.8762053400345013,-0.1390341900903208,-0.08092351689480178,1.7439329024243198,0.7103664630224181,-0.35418948698466474,0.4888949163375746,-0.4383464269859448,-0.3358111558318982,-0.315509725561721,1.4632152796367943,0.15731167584377098,1.0,0.0,0.0,0.0,1.0,0.0,0.0,1.0,0.0,0.0,0.0,1.0,0.0,1.0,0.0,0.0,0.0,0.0,0.0,0.0,0.0,0.0,0.0,0.0,0.0,0.0,1.0,1.0,0.0
2.594704990821411,2.1101074038985796,-0.43629588866879304,-1.2233976911442999,3.0731540119889136,-0.35418948698466474,-0.6513847719133283,-0.4383464269859448,-0.3358111558318982,0.8037391583561969,0.6831885172379177,-0.5839475297027937,0.0,0.0,0.0,0.0,0.0,0.0,0.0,1.0,0.0,0.0,0.0,1.0,0.0,1.0,0.0,0.0,0.0,0.0,0.0,0.0,0.0,0.0,0.0,0.0,0.0,0.0,0.0,0.0,0.0
-0.2141530590854687,-0.3264626562560625,0.13574484242658583,2.4075982765127466,-0.2294079222699686,-0.35418948698466474,0.4888949163375746,-0.26347418217772206,1.4162470485084402,0.06937100784216138,0.3374034576177972,-0.9957581994508853,1.0,0.0,0.0,0.0,0.0,1.0,0.0,1.0,0.0,0.0,1.0,0.0,0.0,1.0,0.0,0.0,0.0,0.0,0.0,0.0,0.0,0.0,0.0,0.0,0.0,0.0,1.0,1.0,0.0
1.4283561406118777,-1.2903804822513056,0.08497736074458719,0.5961347326482872,2.05423343015749,-0.35418948698466474,-0.6513847719133283,-0.6132186717941674,-0.3358111558318982,-0.3143443358788787,-1.106048128470845,0.40439807769262587,0.0,0.0,1.0,0.0,0.0,0.0,0.0,1.0,0.0,0.0,0.0,1.0,0.0,0.0,0.0,1.0,0.0,0.0,0.0,0.0,0.0,0.0,0.0,0.0,0.0,1.0,0.0,0.0,0.0
0.49137296387451196,1.7888014619001653,-0.4535205699537569,0.7776845310311392,0.14983105842000108,-0.35418948698466474,-0.6513847719133283,0.6108870418633914,-0.3358111558318982,0.3283033303373829,0.9726829857570884,-0.25449899390432057,1.0,0.0,1.0,0.0,0.0,0.0,0.0,1.0,0.0,0.0,1.0,0.0,0.0,0.0,1.0,0.0,0.0,0.0,0.0,0.0,0.0,0.0,0.0,0.0,0.0,0.0,0.0,1.0,0.0
-0.7133196919306724,0.3777328666237956,0.7775908608347131,-0.4326474581878763,-0.626988475283493,-0.35418948698466474,0.4888949163375746,-0.4383464269859448,1.4162470485084402,-0.575823250644015,-1.4236878925404903,-0.6663096636524121,0.0,1.0,0.0,0.0,0.0,0.0,0.0,0.0,0.0,1.0,0.0,0.0,0.0,1.0,0.0,0.0,0.0,0.0,0.0,0.0,0.0,0.0,0.0,0.0,1.0,0.0,1.0,0.0,1.0
1.0323692028240623,-0.35323815142259707,0.6978133896201434,0.7938222908873924,0.6173484890958193,-0.35418948698466474,-0.6513847719133283,-0.6132186717941674,-0.3358111558318982,-0.22141529931741646,-0.5672667565046108,-0.9957581994508853,1.0,0.0,0.0,1.0,0.0,0.0,0.0,0.0,0.0,1.0,0.0,0.0,0.0,1.0,0.0,0.0,0.0,0.0,0.0,0.0,0.0,0.0,0.0,0.0,1.0,0.0,1.0,1.0,0.0
-1.1511362358228343,-1.156503006418633,0.12667922069765736,-0.01306570192528424,-1.1043702809904663,-0.35418948698466474,0.4888949163375746,-0.7880909166023902,-0.3358111558318982,-0.5190644568315101,-0.28581380099986164,-1.3252067352493586,0.0,0.0,1.0,0.0,0.0,0.0,0.0,0.0,0.0,1.0,0.0,0.0,0.0,1.0,0.0,0.0,0.0,0.0,0.0,0.0,0.0,0.0,0.0,0.0,0.0,1.0,0.0,0.0,1.0
-0.579464952396763,-0.6745440934210114,1.776622375362617,-0.21680492011048513,-0.4569821368559227,-0.35418948698466474,0.4888949163375746,-0.6132186717941674,-0.3358111558318982,-0.38431087943026293,0.9244339076705599,0.40439807769262587,0.0,1.0,0.0,0.0,0.0,0.0,0.0,1.0,0.0,0.0,1.0,0.0,0.0,0.0,0.0,0.0,0.0,0.0,0.0,0.0,0.0,0.0,0.0,0.0,0.0,1.0,0.0,0.0,1.0
-0.5348467058854599,0.7713326455718532,0.15296952371154982,-0.41650969833162277,-0.4239596001305312,-0.35418948698466474,-0.6513847719133283,-0.7880909166023902,-0.3358111558318982,-0.2738146724644741,1.0933056809734094,0.15731167584377098,0.0,1.0,0.0,0.0,0.0,0.0,0.0,1.0,0.0,0.0,0.0,0.0,0.0,1.0,0.0,0.0,0.0,0.0,0.0,0.0,0.0,0.0,0.0,0.0,1.0,0.0,0.0,1.0,0.0
-1.03680197913762,-1.0761765209190293,0.4974631494108268,-0.2147877001284535,-0.9814509202506774,-0.35418948698466474,-0.6513847719133283,0.7857592866716141,-0.3358111558318982,-0.23751494197297868,1.0249528203508274,0.7338466134910991,0.0,0.0,1.0,0.0,0.0,0.0,0.0,1.0,0.0,0.0,0.0,1.0,0.0,1.0,0.0,0.0,0.0,0.0,0.0,0.0,0.0,0.0,0.0,0.0,0.0,1.0,0.0,0.0,1.0
0.49137296387451196,0.3161492277407662,1.5245980912984087,1.0096648289647836,0.19583912008874965,0.9164454439020248,-0.6513847719133283,3.059098469178509,-0.3358111558318982,0.06820561815931908,1.032994333365249,2.051640756684992,1.0,0.0,0.0,1.0,0.0,0.0,0.0,0.0,0.0,1.0,0.0,0.0,0.0,0.0,0.0,0.0,0.0,0.0,0.0,1.0,0.0,0.0,0.0,0.0,0.0,0.0,1.0,1.0,0.0
1.6960656196796964,0.0016978125049846695,-0.5233258572665052,-0.7190926956363767,2.017126425645761,-0.35418948698466474,0.4888949163375746,2.184737245137396,-0.3358111558318982,0.4155780688080177,-0.957280137704049,1.4751058190376638,0.0,1.0,0.0,0.0,0.0,0.0,0.0,0.0,0.0,1.0,0.0,1.0,0.0,1.0,0.0,0.0,0.0,0.0,0.0,0.0,0.0,0.0,0.0,0.0,1.0,0.0,1.0,0.0,0.0
-1.1455589550089214,-1.102952016085564,1.2471900663932016,0.9693204293241499,-1.0561273218537217,-0.35418948698466474,-0.6513847719133283,-0.9629631614106129,-0.3358111558318982,0.06509791233840627,1.2099076196825196,-0.33686112785393885,0.0,0.0,0.0,1.0,0.0,0.0,0.0,1.0,0.0,0.0,1.0,0.0,0.0,1.0,0.0,0.0,0.0,0.0,0.0,0.0,0.0,0.0,0.0,0.0,1.0,1.0,0.0,0.0,1.0
-0.31175547332894427,0.18227175190809353,0.017891759950517224,-1.1790188515396025,-0.2531055419737209,-0.35418948698466474,0.4888949163375746,1.8349927555209502,-0.3358111558318982,-0.4602770217192428,0.09615806718515509,1.6398300869369005,0.0,0.0,0.0,0.0,0.0,0.0,0.0,0.0,0.0,1.0,0.0,0.0,0.0,1.0,0.0,0.0,0.0,0.0,0.0,0.0,0.0,0.0,0.0,0.0,1.0,0.0,1.0,1.0,0.0
-0.5348467058854599,1.52104651023482,0.12214640983319343,-0.3418725589964503,-0.4171007768666808,-0.35418948698466474,-0.6513847719133283,-0.08860193736949937,-0.3358111558318982,-0.2787783692617654,0.5344205264711216,0.8162087474407175,0.0,1.0,0.0,0.0,0.0,0.0,0.0,1.0,0.0,0.0,0.0,0.0,0.0,1.0,0.0,0.0,0.0,0.0,0.0,0.0,0.0,0.0,0.0,0.0,1.0,0.0,0.0,1.0,0.0
0.5806094568971182,-0.05870770459071723,-0.8351832447416403,1.197266287293731,0.3134409661633065,-0.35418948698466474,-0.6513847719133283,-0.6132186717941674,-0.3358111558318982,-0.4184956434603039,-0.23354396640612235,-1.0781203334005036,1.0,0.0,0.0,0.0,0.0,1.0,0.0,0.0,0.0,1.0,0.0,1.0,0.0,1.0,0.0,0.0,0.0,0.0,0.0,0.0,0.0,0.0,0.0,0.0,0.0,0.0,1.0,1.0,0.0
1.6960656196796964,0.9855366069041295,0.5881193667001103,-1.2072599312880463,1.8877721015067415,-0.35418948698466474,0.4888949163375746,0.4360147970551687,-0.3358111558318982,0.6596193009113653,-0.6155158345911391,2.4634514264330836,0.0,0.0,0.0,0.0,0.0,0.0,0.0,1.0,0.0,0.0,1.0,0.0,0.0,1.0,0.0,0.0,0.0,0.0,0.0,0.0,0.0,0.0,0.0,0.0,0.0,0.0,0.0,0.0,0.0
-0.9810291709984912,-1.210053996751702,-0.6819742375227512,0.10191583705052229,-0.9000312935286793,-0.35418948698466474,-0.6513847719133283,-1.487579895835281,-0.3358111558318982,-0.5921818687846532,-0.5672667565046108,-1.489931003148595,0.0,0.0,1.0,0.0,0.0,0.0,0.0,0.0,1.0,0.0,1.0,0.0,0.0,1.0,0.0,0.0,0.0,0.0,0.0,0.0,0.0,0.0,0.0,0.0,0.0,1.0,0.0,0.0,1.0
-0.31175547332894427,-0.35323815142259707,-0.9031754077086029,1.2053351672218582,0.010381162960033592,-0.35418948698466474,-0.6513847719133283,-1.1378354062188356,-0.3358111558318982,-0.08212965092733814,0.5424620394855432,-0.913396065501267,0.0,0.0,0.0,1.0,0.0,0.0,0.0,0.0,0.0,1.0,0.0,0.0,0.0,1.0,0.0,0.0,0.0,0.0,0.0,0.0,0.0,0.0,0.0,0.0,0.0,0.0,1.0,1.0,0.0
0.02288137550582915,-0.7280950837540805,-0.7127973514011076,1.6935024028735275,-0.10695095410976492,-0.35418948698466474,0.4888949163375746,-0.08860193736949937,1.4162470485084402,-0.029298651971820352,-0.16921186229075133,-0.5015853957531755,1.0,0.0,0.0,1.0,0.0,0.0,0.0,0.0,0.0,1.0,0.0,1.0,0.0,1.0,0.0,0.0,0.0,0.0,0.0,0.0,0.0,0.0,0.0,0.0,0.0,1.0,0.0,1.0,0.0
-0.5348467058854599,-1.156503006418633,-0.7109842270553219,0.9511654494858647,-0.2966475098846807,2.187080374788714,0.4888949163375746,-0.26347418217772206,-0.3358111558318982,-0.45868000622794036,0.19667697986542265,-0.0074125920554656355,0.0,0.0,0.0,1.0,0.0,0.0,0.0,0.0,0.0,1.0,0.0,0.0,0.0,0.0,0.0,0.0,0.0,0.0,0.0,1.0,0.0,0.0,0.0,0.0,1.0,1.0,0.0,1.0,0.0
-0.4233010896072021,-0.554054365171606,-0.8360898069145333,-1.2798798506411873,-0.38211307167805125,-0.35418948698466474,0.4888949163375746,-1.1378354062188356,-0.3358111558318982,-0.4408970229193837,-1.1140896414852663,-1.407568869198977,0.0,0.0,0.0,0.0,0.0,0.0,0.0,0.0,0.0,1.0,1.0,0.0,0.0,1.0,0.0,0.0,0.0,0.0,0.0,0.0,0.0,0.0,0.0,0.0,0.0,0.0,1.0,1.0,0.0
0.5806094568971182,-0.11225869492378629,0.66789683791468,0.25724177566696255,0.9610217738726773,-0.35418948698466474,2.7694542928393804,0.6108870418633914,-0.3358111558318982,-0.2660454079121921,0.6027733870937036,0.8985708813903357,0.0,0.0,1.0,0.0,0.0,0.0,0.0,0.0,1.0,0.0,0.0,1.0,0.0,1.0,0.0,0.0,0.0,0.0,0.0,0.0,0.0,0.0,0.0,0.0,0.0,0.0,1.0,1.0,0.0
1.6960656196796964,0.6374551697391806,-0.4426418238790428,2.6718540941588986,1.7963339688937259,-0.35418948698466474,-0.6513847719133283,0.7857592866716141,-0.3358111558318982,-0.009184889297579105,1.3586756104493156,2.545813560382702,1.0,0.0,0.0,0.0,1.0,0.0,0.0,1.0,0.0,0.0,0.0,1.0,0.0,1.0,0.0,0.0,0.0,0.0,0.0,0.0,0.0,0.0,0.0,0.0,1.0,0.0,1.0,0.0,0.0
-1.3156660198332646,0.9855366069041295,-0.5949442689250392,-1.3242586902458844,-1.3310197104172496,-0.35418948698466474,-0.6513847719133283,0.7857592866716141,-0.3358111558318982,-0.3388606817994131,0.9565999597282454,0.6514844795414808,0.0,0.0,0.0,0.0,0.0,0.0,0.0,1.0,0.0,0.0,0.0,0.0,0.0,0.0,0.0,0.0,0.0,0.0,0.0,1.0,0.0,0.0,0.0,0.0,0.0,0.0,0.0,0.0,1.0
2.2537937010709856,0.1287207615750245,-1.6737532546675127,-1.0378134527973841,2.5353143765011468,-0.35418948698466474,-0.6513847719133283,-0.9629631614106129,-0.3358111558318982,-0.7008652473549095,-2.0187598556076747,-0.5015853957531755,0.0,0.0,0.0,0.0,0.0,0.0,0.0,1.0,0.0,0.0,0.0,1.0,0.0,1.0,0.0,0.0,0.0,0.0,0.0,0.0,0.0,0.0,0.0,0.0,0.0,0.0,1.0,0.0,0.0
-0.9782405305915347,0.7177816552387841,-0.9213066511664597,0.18865629627788502,-0.891900890670969,-0.35418948698466474,0.4888949163375746,-0.08860193736949937,-0.3358111558318982,-0.056404752743115426,1.217949132696941,-0.4192232618035572,0.0,0.0,1.0,0.0,0.0,0.0,0.0,0.0,0.0,1.0,1.0,0.0,0.0,0.0,0.0,0.0,0.0,0.0,0.0,1.0,0.0,0.0,0.0,0.0,0.0,0.0,0.0,0.0,1.0
-0.16674617216720913,0.3161492277407662,-1.1479471943896684,-0.5173706974332074,-0.019828485572879962,-0.35418948698466474,-0.6513847719133283,-0.08860193736949937,-0.3358111558318982,-0.261599662085053,0.433901613790854,-0.5839475297027937,0.0,1.0,0.0,0.0,0.0,0.0,0.0,1.0,0.0,0.0,0.0,0.0,0.0,1.0,0.0,0.0,0.0,0.0,0.0,0.0,0.0,0.0,0.0,0.0,1.0,0.0,1.0,1.0,0.0
-1.0925747872767488,-1.150208623014884,-0.6466183127799306,0.10595027701458559,-1.0307342626914893,-0.35418948698466474,-0.6513847719133283,-1.1378354062188356,-0.3358111558318982,-0.5368474401400668,0.2610090839807939,-1.0781203334005036,0.0,0.0,1.0,0.0,0.0,0.0,0.0,1.0,0.0,0.0,0.0,1.0,1.0,0.0,0.0,0.0,0.0,0.0,0.0,0.0,0.0,0.0,0.0,0.0,0.0,1.0,0.0,0.0,1.0
1.0267919220101493,1.047334449748491,1.7439861371384748,0.4004643943912125,0.5167395703210265,0.9164454439020248,-0.6513847719133283,1.1355037762880595,-0.3358111558318982,2.1258953348312137,1.165679298103202,0.07494954189415268,1.0,0.0,1.0,0.0,0.0,0.0,0.0,1.0,0.0,0.0,0.0,1.0,1.0,0.0,0.0,0.0,0.0,0.0,0.0,0.0,0.0,0.0,0.0,0.0,1.0,0.0,0.0,1.0,0.0
2.594704990821411,0.8516591310714567,0.44760222990172116,-1.025710132905194,1.4377485234252383,-0.35418948698466474,-0.6513847719133283,0.08627030743872333,-0.3358111558318982,0.47997663943026647,-0.900989546603099,1.3103815511384274,1.0,0.0,0.0,0.0,0.0,0.0,0.0,1.0,0.0,0.0,0.0,1.0,0.0,1.0,0.0,0.0,0.0,0.0,0.0,0.0,0.0,0.0,0.0,0.0,1.0,0.0,0.0,0.0,0.0
-1.4272116361115224,-1.467527158273098,-0.7445270274523568,1.047992008623386,-1.4056961120202938,-0.35418948698466474,-0.6513847719133283,-0.9629631614106129,-0.3358111558318982,-0.5981383049414027,1.0048490378147739,-0.8310339315516487,0.0,0.0,0.0,0.0,1.0,0.0,0.0,0.0,0.0,1.0,1.0,0.0,0.0,0.0,0.0,0.0,0.0,0.0,0.0,0.0,0.0,1.0,0.0,0.0,1.0,1.0,0.0,0.0,1.0
-1.3156660198332646,-0.08548319975725176,-0.1652337989738354,-1.243569890964617,-1.3289004110941498,2.187080374788714,-0.6513847719133283,0.08627030743872333,-0.3358111558318982,-0.07828818123204313,-0.33406287908638993,-0.25449899390432057,0.0,0.0,0.0,0.0,0.0,0.0,0.0,1.0,0.0,0.0,1.0,0.0,0.0,1.0,0.0,0.0,0.0,0.0,0.0,0.0,0.0,0.0,0.0,0.0,0.0,0.0,1.0,0.0,1.0
0.02288137550582915,0.7177816552387841,0.8111336612317478,-0.4326474581878763,0.20454751367094157,2.187080374788714,-0.6513847719133283,1.1355037762880595,-0.3358111558318982,1.524683746227123,1.3747586364781588,0.3220359437430076,0.0,1.0,0.0,0.0,0.0,0.0,0.0,1.0,0.0,0.0,1.0,0.0,0.0,1.0,0.0,0.0,0.0,0.0,0.0,0.0,0.0,0.0,0.0,0.0,0.0,0.0,0.0,1.0,0.0
1.1383375382884073,0.9855366069041295,-0.46621244037425663,-1.3242586902458844,1.2667788671235318,0.9164454439020248,-0.6513847719133283,0.4360147970551687,-0.3358111558318982,0.405219049404975,-0.2817930444926509,0.5691223455918625,0.0,0.0,0.0,0.0,0.0,0.0,0.0,1.0,0.0,0.0,1.0,0.0,1.0,0.0,0.0,0.0,0.0,0.0,0.0,0.0,0.0,0.0,0.0,0.0,0.0,0.0,0.0,0.0,0.0
-0.31175547332894427,-0.5942176079214079,-1.0373466092967425,1.6007102837000695,-0.43459462946099564,-0.35418948698466474,0.4888949163375746,-0.08860193736949937,-0.3358111558318982,-0.3471910599026933,0.055950502113048056,-0.8310339315516487,1.0,0.0,0.0,0.0,1.0,0.0,0.0,0.0,0.0,1.0,0.0,1.0,1.0,0.0,0.0,0.0,0.0,0.0,0.0,0.0,0.0,0.0,0.0,0.0,1.0,0.0,1.0,1.0,0.0
-0.03289143263329976,-0.8080081556083127,-0.41544495869225784,-0.4649229779003834,-0.8231199944576388,-0.35418948698466474,-0.6513847719133283,-0.9629631614106129,-0.3358111558318982,0.07804668659220965,-0.5994328085622963,-0.5015853957531755,1.0,1.0,0.0,0.0,0.0,0.0,0.0,1.0,0.0,0.0,1.0,0.0,1.0,0.0,0.0,0.0,0.0,0.0,0.0,0.0,0.0,0.0,0.0,0.0,0.0,1.0,0.0,1.0,0.0
0.5806094568971182,0.04839427607542089,1.0676907561604203,0.652616892145174,1.0351587174662051,0.9164454439020248,0.4888949163375746,-0.08860193736949937,-0.3358111558318982,0.0068715907771370825,0.9565999597282454,0.980933015339954,0.0,0.0,0.0,1.0,0.0,0.0,0.0,0.0,0.0,1.0,0.0,0.0,0.0,1.0,0.0,0.0,0.0,0.0,0.0,0.0,0.0,0.0,0.0,0.0,1.0,0.0,1.0,1.0,0.0
-1.5387572523897801,-1.102952016085564,0.355132888266652,0.9511654494858647,-1.5464175870741212,-0.35418948698466474,-0.6513847719133283,-0.9629631614106129,-0.3358111558318982,-0.43783247967931693,1.4431114971007408,-0.08977472600508395,0.0,0.0,0.0,1.0,0.0,0.0,0.0,0.0,0.0,1.0,0.0,1.0,0.0,0.0,0.0,0.0,1.0,0.0,0.0,0.0,0.0,0.0,0.0,0.0,0.0,1.0,0.0,0.0,1.0
-1.3156660198332646,-1.1063792794668803,0.1584088967489067,-0.6303350164269823,-1.3126396053787295,-0.35418948698466474,-0.6513847719133283,-0.7880909166023902,-0.3358111558318982,-0.3124020197408082,-0.5873705390406644,-1.2428446012997403,0.0,1.0,0.0,0.0,0.0,0.0,0.0,0.0,0.0,1.0,0.0,0.0,0.0,0.0,0.0,0.0,0.0,0.0,0.0,0.0,0.0,0.0,0.0,0.0,0.0,1.0,0.0,0.0,1.0
-0.9810291709984912,-1.303768229834573,-0.11355975511894377,-0.20268438023626323,-0.9168315572536159,0.9164454439020248,1.6291746045884776,-0.4383464269859448,1.4162470485084402,-0.5458252569560371,-1.0055292157905773,-1.0781203334005036,0.0,0.0,1.0,0.0,0.0,0.0,0.0,0.0,0.0,1.0,0.0,0.0,0.0,1.0,0.0,0.0,0.0,0.0,0.0,0.0,0.0,0.0,0.0,0.0,0.0,1.0,0.0,0.0,1.0
-0.5348467058854599,-0.43356463692220065,-0.8587538612368542,0.28951729537946963,-0.35910904084367684,-0.35418948698466474,0.4888949163375746,0.08627030743872333,1.4162470485084402,-0.44111283582361377,-0.5149969219108715,-0.5015853957531755,0.0,0.0,1.0,0.0,0.0,0.0,0.0,1.0,0.0,0.0,1.0,0.0,0.0,0.0,1.0,0.0,0.0,0.0,0.0,0.0,0.0,0.0,0.0,0.0,1.0,0.0,1.0,1.0,0.0
-0.31175547332894427,-0.8287709455802503,0.10220204202955084,-0.7291787955465352,-0.2054020408464925,-0.35418948698466474,-0.6513847719133283,0.4360147970551687,-0.3358111558318982,-0.26699498469080435,1.881373956386707,-0.0074125920554656355,0.0,1.0,0.0,0.0,0.0,0.0,0.0,0.0,0.0,1.0,0.0,1.0,0.0,1.0,0.0,0.0,0.0,0.0,0.0,0.0,0.0,0.0,0.0,0.0,0.0,1.0,0.0,1.0,0.0
-0.6463923221637177,-0.7280950837540805,-0.057352900399587924,-0.5839389568402532,-0.5636406918802913,-0.35418948698466474,0.4888949163375746,-0.4383464269859448,-0.3358111558318982,-0.30148188678676735,0.2851336230240582,-0.5015853957531755,0.0,1.0,0.0,0.0,0.0,0.0,0.0,1.0,0.0,0.0,0.0,0.0,0.0,1.0,0.0,0.0,0.0,0.0,0.0,0.0,0.0,0.0,0.0,0.0,1.0,1.0,0.0,0.0,1.0
0.9514986310223255,0.557128684239577,1.0096707770952786,-1.2375182310185218,1.0865998919450826,-0.35418948698466474,-0.6513847719133283,-0.6132186717941674,-0.3358111558318982,-0.11411312333423247,-1.146255693542952,0.2396738097933893,0.0,0.0,0.0,0.0,0.0,0.0,0.0,1.0,0.0,0.0,0.0,1.0,0.0,1.0,0.0,0.0,0.0,0.0,0.0,0.0,0.0,0.0,0.0,0.0,1.0,0.0,1.0,1.0,0.0
-0.8137107465811044,0.6776184124889824,1.629759303353978,0.18865629627788502,-0.6976960072450955,0.9164454439020248,1.6291746045884776,4.632948672452513,-0.3358111558318982,0.45524448060550204,-0.08477597563932653,3.6988834356773577,0.0,0.0,1.0,0.0,0.0,0.0,0.0,0.0,0.0,1.0,0.0,1.0,1.0,0.0,0.0,0.0,0.0,0.0,0.0,0.0,0.0,0.0,0.0,0.0,0.0,0.0,1.0,0.0,1.0
-0.8694835547202333,-1.1633575331812658,1.2988641102480931,-1.0277273528872257,-0.8405367816220228,-0.35418948698466474,-0.6513847719133283,-0.08860193736949937,-0.3358111558318982,-0.3464141334474651,-1.2065670411511125,-0.0074125920554656355,0.0,0.0,0.0,0.0,0.0,0.0,0.0,0.0,0.0,1.0,0.0,0.0,0.0,1.0,0.0,0.0,0.0,0.0,0.0,0.0,0.0,0.0,0.0,0.0,1.0,1.0,0.0,0.0,1.0
-0.7133196919306724,-1.1297275112520984,-0.09361538731530152,0.4549293339060685,-0.5583231772150589,-0.35418948698466474,1.6291746045884776,-0.26347418217772206,-0.3358111558318982,0.05862352521150458,1.061139628915724,-0.0074125920554656355,0.0,0.0,1.0,0.0,0.0,0.0,0.0,1.0,0.0,0.0,0.0,0.0,0.0,1.0,0.0,0.0,0.0,0.0,0.0,0.0,0.0,0.0,0.0,0.0,0.0,1.0,0.0,0.0,1.0
0.07865418364495805,-0.8887480547532877,1.2127407038232736,0.32179281509197677,-0.2753389185087861,-0.35418948698466474,0.4888949163375746,0.26114255224694605,-0.3358111558318982,-0.10625753362025843,1.7044606700694365,-0.0074125920554656355,1.0,0.0,1.0,0.0,0.0,0.0,0.0,1.0,0.0,0.0,0.0,0.0,1.0,0.0,0.0,0.0,0.0,0.0,0.0,0.0,0.0,0.0,0.0,0.0,0.0,1.0,0.0,1.0,0.0
0.5806094568971182,-0.4871156272552697,-1.2730527742488795,1.5018665045805168,1.1984218307748216,2.187080374788714,1.6291746045884776,-0.08860193736949937,-0.3358111558318982,-0.4208695854068345,0.06399201512746958,0.40439807769262587,0.0,0.0,0.0,0.0,1.0,0.0,0.0,1.0,0.0,0.0,0.0,1.0,0.0,0.0,1.0,0.0,0.0,0.0,0.0,0.0,0.0,0.0,0.0,0.0,0.0,0.0,1.0,1.0,0.0
-0.7579379384419755,0.31604212576010005,-0.30393781142643905,-0.08770284126045706,-0.6522659363008289,-0.35418948698466474,-0.6513847719133283,4.283204182836068,-0.3358111558318982,0.25971798937307106,-1.2588368757448516,3.369434899878885,0.0,0.0,1.0,0.0,0.0,0.0,0.0,0.0,1.0,0.0,1.0,0.0,0.0,0.0,1.0,0.0,0.0,0.0,0.0,0.0,0.0,0.0,0.0,0.0,1.0,0.0,1.0,0.0,1.0
1.6960656196796964,0.18227175190809353,0.10764141506690807,1.89925884104076,1.5383959749149965,0.9164454439020248,-0.6513847719133283,0.26114255224694605,-0.3358111558318982,-0.24852140008871154,0.5625658220215967,0.8162087474407175,1.0,0.0,0.0,0.0,1.0,0.0,0.0,0.0,0.0,1.0,0.0,1.0,0.0,1.0,0.0,0.0,0.0,0.0,0.0,0.0,0.0,0.0,0.0,0.0,0.0,0.0,1.0,0.0,0.0
1.1383375382884073,0.7177816552387841,-1.3111283855103788,-0.7291787955465352,1.3978286307210308,-0.35418948698466474,1.6291746045884776,-0.6132186717941674,-0.3358111558318982,-0.6339200844627461,-1.8177220302471393,-1.2428446012997403,0.0,1.0,0.0,0.0,0.0,0.0,0.0,0.0,0.0,1.0,1.0,0.0,0.0,0.0,0.0,0.0,0.0,0.0,0.0,1.0,0.0,0.0,0.0,0.0,1.0,0.0,0.0,0.0,0.0
0.02288137550582915,0.3964757132403698,0.040555814272838095,0.05551977746379328,-0.3603806204375369,-0.35418948698466474,-0.6513847719133283,-0.7880909166023902,-0.3358111558318982,0.6092917316449162,1.2943435063339446,-0.33686112785393885,1.0,0.0,1.0,0.0,0.0,0.0,0.0,1.0,0.0,0.0,0.0,0.0,0.0,1.0,0.0,0.0,0.0,0.0,0.0,0.0,0.0,0.0,0.0,0.0,0.0,0.0,1.0,1.0,0.0
0.13442699178408696,-0.08548319975725176,0.27535541705208233,-1.4170508094193424,0.19113812886296475,-0.35418948698466474,-0.6513847719133283,-0.7880909166023902,-0.3358111558318982,-0.12490376854573529,-0.5029346523892395,-1.160482467350122,0.0,0.0,0.0,0.0,0.0,0.0,0.0,1.0,0.0,0.0,0.0,0.0,1.0,0.0,0.0,0.0,0.0,0.0,0.0,0.0,0.0,0.0,0.0,0.0,1.0,0.0,1.0,1.0,0.0
-0.6463923221637177,-0.00515671425764817,1.1683191573515248,-0.5173706974332074,-0.5582846445000935,-0.35418948698466474,-0.6513847719133283,-0.26347418217772206,-0.3358111558318982,-0.013242171897104164,0.1685316843149479,-0.5015853957531755,0.0,1.0,0.0,0.0,0.0,0.0,0.0,1.0,0.0,0.0,0.0,0.0,0.0,0.0,0.0,0.0,0.0,0.0,0.0,1.0,0.0,0.0,0.0,0.0,1.0,0.0,1.0,0.0,1.0
-1.3017228177984823,-1.210053996751702,-1.4824686361871247,0.5981519526303185,-1.2618149543392996,0.9164454439020248,-0.6513847719133283,-1.1378354062188356,-0.3358111558318982,-0.6694428884990133,-0.6315988606199822,-1.3252067352493586,0.0,0.0,1.0,0.0,0.0,0.0,0.0,0.0,0.0,1.0,0.0,0.0,0.0,0.0,0.0,0.0,0.0,0.0,0.0,1.0,0.0,0.0,0.0,0.0,1.0,1.0,0.0,0.0,1.0
0.059133700796262935,-0.35323815142259707,1.1492813517207752,1.2476967868445232,0.48649138907314726,-0.35418948698466474,-0.6513847719133283,-0.7880909166023902,-0.3358111558318982,-0.6016776365707757,-0.7401592863146709,-1.3252067352493586,0.0,0.0,0.0,0.0,1.0,0.0,0.0,1.0,0.0,0.0,1.0,0.0,0.0,1.0,0.0,0.0,0.0,0.0,0.0,0.0,0.0,0.0,0.0,0.0,0.0,0.0,1.0,1.0,0.0
1.0267919220101493,-0.3264626562560625,0.8138533477504264,1.2476967868445232,0.7258951471534948,-0.35418948698466474,0.4888949163375746,0.6108870418633914,-0.3358111558318982,0.34565468783747944,0.6027733870937036,0.5691223455918625,1.0,0.0,0.0,0.0,1.0,0.0,0.0,1.0,0.0,0.0,1.0,0.0,1.0,0.0,0.0,0.0,0.0,0.0,0.0,0.0,0.0,0.0,0.0,0.0,1.0,0.0,1.0,1.0,0.0
0.8483189359649369,-0.4603401320887352,-0.755405773527071,1.8952244010766968,0.7207317633481243,-0.35418948698466474,1.6291746045884776,0.6108870418633914,-0.3358111558318982,-0.058217581138647896,0.3856525357043258,-0.25449899390432057,1.0,0.0,0.0,0.0,0.0,1.0,0.0,0.0,0.0,1.0,0.0,1.0,0.0,1.0,0.0,0.0,0.0,0.0,0.0,0.0,0.0,0.0,0.0,0.0,0.0,0.0,1.0,1.0,0.0
0.5806094568971182,0.5839041794061115,-0.28490000579568964,-0.5859561768222848,0.8068523812959075,-0.35418948698466474,-0.6513847719133283,0.7857592866716141,-0.3358111558318982,-0.07880613220219526,-0.7642838253579352,2.6281756943323202,0.0,1.0,0.0,0.0,0.0,0.0,0.0,1.0,0.0,0.0,1.0,0.0,0.0,1.0,0.0,0.0,0.0,0.0,0.0,0.0,0.0,0.0,0.0,0.0,0.0,0.0,1.0,1.0,0.0
0.02288137550582915,-0.5674421127548733,1.1266172973984543,0.39037829448105427,0.3180648919591604,-0.35418948698466474,1.6291746045884776,0.4360147970551687,-0.3358111558318982,0.44687093992137583,0.16049017130052637,-0.08977472600508395,0.0,0.0,1.0,0.0,0.0,0.0,0.0,0.0,0.0,1.0,0.0,1.0,0.0,1.0,0.0,0.0,0.0,0.0,0.0,0.0,0.0,0.0,0.0,0.0,1.0,0.0,1.0,1.0,0.0
0.49137296387451196,1.5973566714594434,-0.02381010000255326,0.36213721473261046,0.0689508897075192,-0.35418948698466474,-0.6513847719133283,1.485248265904505,-0.3358111558318982,0.04999100904230233,0.24090530144474043,3.5341591677781214,1.0,0.0,1.0,0.0,0.0,0.0,0.0,1.0,0.0,0.0,0.0,0.0,0.0,0.0,1.0,0.0,0.0,0.0,0.0,0.0,0.0,0.0,0.0,0.0,1.0,0.0,0.0,1.0,0.0
-0.20020985705068647,-0.754870578920615,1.1755716547346673,0.1241052568528708,-0.5282676595420073,-0.35418948698466474,1.6291746045884776,0.08627030743872333,-0.3358111558318982,1.064052683438491,1.4029039320286336,1.6398300869369005,1.0,0.0,1.0,0.0,0.0,0.0,0.0,0.0,1.0,0.0,0.0,0.0,0.0,1.0,0.0,0.0,0.0,0.0,0.0,0.0,0.0,0.0,0.0,0.0,1.0,1.0,0.0,1.0,0.0
-0.1779007337950349,-0.20851660004747793,0.5826799936627535,-0.06349620147607656,-0.5347411556562031,-0.35418948698466474,-0.6513847719133283,-0.08860193736949937,-0.3358111558318982,0.5770492837529458,0.8319565080047138,-0.17213685995470224,1.0,0.0,1.0,0.0,0.0,0.0,0.0,1.0,0.0,0.0,0.0,0.0,0.0,1.0,0.0,0.0,0.0,0.0,0.0,0.0,0.0,0.0,0.0,0.0,0.0,0.0,1.0,1.0,0.0
0.6921550731753761,2.4581888410635284,-0.5269521059580765,0.18865629627788502,1.0799337322560594,-0.35418948698466474,2.7694542928393804,-0.26347418217772206,1.4162470485084402,-0.5740535848293284,0.5143167439350681,2.4634514264330836,0.0,0.0,1.0,0.0,0.0,0.0,0.0,1.0,0.0,0.0,0.0,1.0,1.0,0.0,0.0,0.0,0.0,0.0,0.0,0.0,0.0,0.0,0.0,0.0,0.0,0.0,0.0,1.0,0.0
-0.31175547332894427,0.7177816552387841,0.5772406206253965,-0.3257347991401967,-0.6697597888951435,-0.35418948698466474,-0.6513847719133283,0.26114255224694605,-0.3358111558318982,0.3178148231918022,0.6630847347018642,-0.17213685995470224,1.0,1.0,0.0,0.0,0.0,0.0,0.0,0.0,1.0,0.0,0.0,0.0,0.0,1.0,0.0,0.0,0.0,0.0,0.0,0.0,0.0,0.0,0.0,0.0,0.0,0.0,0.0,1.0,0.0
2.2537937010709856,1.7888014619001653,-1.2349771629873807,0.9108210498452309,1.7079399207629813,-0.35418948698466474,-0.6513847719133283,-0.9629631614106129,1.4162470485084402,-0.5825134506751467,0.9204131511633494,-1.2428446012997403,1.0,0.0,0.0,1.0,0.0,0.0,0.0,1.0,0.0,0.0,0.0,1.0,0.0,0.0,1.0,0.0,0.0,0.0,0.0,0.0,0.0,0.0,0.0,0.0,1.0,0.0,0.0,0.0,0.0
0.5806094568971182,0.6832948174642877,0.8201992829606762,-1.1790188515396025,0.7016966021551917,-0.35418948698466474,0.4888949163375746,0.08627030743872333,-0.3358111558318982,2.3938917993040976,1.5717757053314827,-0.33686112785393885,0.0,0.0,0.0,0.0,0.0,0.0,0.0,1.0,0.0,0.0,0.0,1.0,1.0,0.0,0.0,0.0,0.0,0.0,0.0,0.0,0.0,0.0,0.0,0.0,1.0,0.0,1.0,1.0,0.0
-0.31175547332894427,0.7177816552387841,-0.28671313014147526,-1.5602734281435924,-0.29279423838813556,-0.35418948698466474,-0.6513847719133283,0.08627030743872333,-0.3358111558318982,0.351481636251691,0.341424214125008,0.7338466134910991,0.0,0.0,0.0,0.0,0.0,0.0,0.0,1.0,0.0,0.0,0.0,0.0,0.0,1.0,0.0,0.0,0.0,0.0,0.0,0.0,0.0,0.0,0.0,0.0,0.0,0.0,0.0,1.0,0.0
0.02288137550582915,0.3964757132403698,0.5853996801814321,-0.900642494019229,-0.49694056227509553,-0.35418948698466474,-0.6513847719133283,3.4088429587949545,-0.3358111558318982,0.662122730600434,-0.9492386246896276,2.1340028906346102,1.0,0.0,0.0,0.0,0.0,0.0,0.0,0.0,1.0,0.0,1.0,0.0,0.0,1.0,0.0,0.0,0.0,0.0,0.0,0.0,0.0,0.0,0.0,0.0,1.0,0.0,1.0,1.0,0.0
-0.9810291709984912,-0.9690745402528912,0.31161790396779593,-0.5435945571996196,-0.9353657931519979,-0.35418948698466474,-0.6513847719133283,-0.4383464269859448,-0.3358111558318982,-0.5403004466077477,-0.1852948883195941,-0.8310339315516487,0.0,1.0,0.0,0.0,0.0,0.0,0.0,0.0,0.0,1.0,0.0,1.0,0.0,0.0,0.0,0.0,0.0,1.0,0.0,0.0,0.0,0.0,0.0,0.0,1.0,1.0,0.0,0.0,1.0
-1.2041204035550068,-0.35323815142259707,-0.3791824717765444,-0.4326474581878763,-1.1813201127764723,-0.35418948698466474,0.4888949163375746,0.08627030743872333,-0.3358111558318982,-0.5504004905257143,-1.6930785785236075,0.2396738097933893,0.0,1.0,0.0,0.0,0.0,0.0,0.0,1.0,0.0,0.0,0.0,0.0,0.0,0.0,0.0,0.0,0.0,0.0,0.0,1.0,0.0,0.0,0.0,0.0,1.0,0.0,1.0,0.0,1.0
-0.03010279222634331,-0.21936067558992442,0.38776912649079404,-1.3242586902458844,0.029878716732551852,-0.35418948698466474,-0.6513847719133283,-1.1378354062188356,-0.3358111558318982,-0.3316093682172832,1.9979758950958175,-0.8310339315516487,0.0,0.0,0.0,0.0,0.0,0.0,0.0,1.0,0.0,0.0,0.0,1.0,0.0,1.0,0.0,0.0,0.0,0.0,0.0,0.0,0.0,0.0,0.0,0.0,1.0,0.0,1.0,1.0,0.0
-0.3312759561776394,-1.156503006418633,-0.24682439453419042,1.883121081184507,0.0640957676218724,-0.35418948698466474,-0.6513847719133283,-0.7880909166023902,-0.3358111558318982,-0.00452333056620989,1.061139628915724,-1.2428446012997403,0.0,0.0,0.0,0.0,1.0,0.0,0.0,0.0,0.0,1.0,0.0,1.0,1.0,0.0,0.0,0.0,0.0,0.0,0.0,0.0,0.0,0.0,0.0,0.0,0.0,1.0,0.0,1.0,0.0
1.6960656196796964,1.119414082736802,0.27535541705208233,0.652616892145174,2.395402088461594,-0.35418948698466474,-0.6513847719133283,1.3103760210962823,-0.3358111558318982,-0.03849228169202075,0.1041995801995766,1.0632951492895724,0.0,0.0,0.0,1.0,0.0,0.0,0.0,1.0,0.0,0.0,1.0,0.0,0.0,1.0,0.0,0.0,0.0,0.0,0.0,0.0,0.0,0.0,0.0,0.0,0.0,0.0,0.0,0.0,0.0
2.025125187700557,0.04839427607542089,0.32702946090697393,1.441349905119566,1.6926809656366626,-0.35418948698466474,0.4888949163375746,-0.26347418217772206,-0.3358111558318982,0.9329679254091546,0.8239149949902923,0.07494954189415268,1.0,0.0,0.0,0.0,1.0,0.0,0.0,0.0,1.0,0.0,0.0,1.0,0.0,1.0,0.0,0.0,0.0,0.0,0.0,0.0,0.0,0.0,0.0,0.0,0.0,0.0,1.0,0.0,0.0
-0.31175547332894427,-0.4871156272552697,-0.8496882395079257,0.10796749699661724,-0.6191663341455063,-0.35418948698466474,-0.6513847719133283,-0.9629631614106129,-0.3358111558318982,-0.25395988527530894,0.3494657271394295,1.3927436850880455,1.0,0.0,1.0,0.0,0.0,0.0,0.0,1.0,0.0,0.0,0.0,0.0,0.0,0.0,1.0,0.0,0.0,0.0,0.0,0.0,0.0,0.0,0.0,0.0,0.0,0.0,1.0,1.0,0.0
-0.5348467058854599,0.4500267035734388,-0.5659342793924684,-1.5602734281435924,-0.5248767806250476,-0.35418948698466474,-0.6513847719133283,0.6108870418633914,-0.3358111558318982,-0.2300478154866187,-0.888927277081467,0.2396738097933893,0.0,0.0,0.0,0.0,0.0,0.0,0.0,0.0,1.0,0.0,0.0,0.0,1.0,0.0,0.0,0.0,0.0,0.0,0.0,0.0,0.0,0.0,0.0,0.0,1.0,0.0,1.0,1.0,0.0
-0.8694835547202333,-0.299687161089528,-1.4090371001828048,-1.0277273528872257,-0.8405367816220228,-0.35418948698466474,-0.6513847719133283,-0.6132186717941674,1.4162470485084402,-0.5880814236042821,-0.7562423123435137,-1.3252067352493586,0.0,0.0,0.0,0.0,0.0,0.0,0.0,0.0,0.0,1.0,1.0,0.0,0.0,0.0,0.0,0.0,0.0,0.0,0.0,1.0,0.0,0.0,0.0,0.0,0.0,0.0,1.0,0.0,1.0
-1.5387572523897801,-1.156503006418633,0.28260791443522515,0.9511654494858647,-1.5464175870741212,-0.35418948698466474,-0.6513847719133283,-0.9629631614106129,-0.3358111558318982,-0.2237892412639471,1.5516719227954292,-1.0781203334005036,0.0,0.0,0.0,1.0,0.0,0.0,0.0,1.0,0.0,0.0,0.0,0.0,0.0,0.0,0.0,0.0,0.0,0.0,0.0,1.0,0.0,0.0,0.0,0.0,0.0,1.0,0.0,0.0,1.0
1.205264908055362,2.4581888410635284,-0.6357395667052167,-0.9813312933004968,1.4145132963010714,-0.35418948698466474,1.6291746045884776,-0.6132186717941674,8.424479865869793,1.7341949136536616,1.0410358463796705,-0.5839475297027937,0.0,0.0,0.0,0.0,0.0,0.0,0.0,0.0,0.0,1.0,0.0,1.0,1.0,0.0,0.0,0.0,0.0,0.0,0.0,0.0,0.0,0.0,0.0,0.0,0.0,0.0,0.0,0.0,0.0
-0.6101399968732839,-0.3318177552893694,1.283452553308915,-0.04130678167372805,-0.4771732794978191,-0.35418948698466474,0.4888949163375746,-0.26347418217772206,-0.3358111558318982,0.18841340581546043,1.8612701738506534,-0.0074125920554656355,0.0,1.0,0.0,0.0,0.0,0.0,0.0,1.0,0.0,0.0,0.0,1.0,0.0,1.0,0.0,0.0,0.0,0.0,0.0,0.0,0.0,0.0,0.0,0.0,1.0,0.0,1.0,0.0,1.0
0.13442699178408696,2.4581888410635284,0.666990275741787,0.18865629627788502,0.42156376435636206,0.9164454439020248,1.6291746045884776,2.534481734753841,-0.3358111558318982,4.430172875876371,0.44194312680527553,1.5574679529872821,0.0,0.0,1.0,0.0,0.0,0.0,0.0,1.0,0.0,0.0,0.0,1.0,0.0,0.0,0.0,0.0,0.0,0.0,0.0,0.0,0.0,0.0,0.0,0.0,0.0,0.0,0.0,1.0,0.0
1.8633840440970832,-0.2729116659229935,0.2245879353700837,-0.18856384036204168,1.0220961270929174,-0.35418948698466474,-0.6513847719133283,-0.26347418217772206,-0.3358111558318982,-0.20764643602753888,-0.41447800923060396,-0.913396065501267,1.0,1.0,0.0,0.0,0.0,0.0,0.0,0.0,0.0,1.0,0.0,1.0,0.0,0.0,0.0,0.0,0.0,0.0,0.0,1.0,0.0,0.0,0.0,0.0,1.0,0.0,1.0,0.0,0.0
1.1383375382884073,-0.6209931030879423,0.14299733980972867,0.9693204293241499,1.7905925943638736,-0.35418948698466474,0.4888949163375746,-0.6132186717941674,-0.3358111558318982,-0.09473312453437342,1.0933056809734094,-0.25449899390432057,0.0,0.0,0.0,1.0,0.0,0.0,0.0,1.0,0.0,0.0,1.0,0.0,0.0,1.0,0.0,0.0,0.0,0.0,0.0,0.0,0.0,0.0,0.0,0.0,0.0,0.0,1.0,0.0,0.0
-1.3156660198332646,-1.4778089484170474,-0.5178864842291481,-0.7856609550434225,-1.3168011385949983,-0.35418948698466474,-0.6513847719133283,-1.1378354062188356,-0.3358111558318982,-0.4194452202389161,0.9565999597282454,-0.8310339315516487,0.0,1.0,0.0,0.0,0.0,0.0,0.0,0.0,0.0,1.0,0.0,1.0,0.0,1.0,0.0,0.0,0.0,0.0,0.0,0.0,0.0,0.0,0.0,0.0,0.0,1.0,0.0,0.0,1.0
-0.044045994261125536,-0.6745440934210114,-0.5160733598833624,0.40248161437324453,-0.36377149935449654,-0.35418948698466474,-0.6513847719133283,-0.9629631614106129,-0.3358111558318982,-0.2977699048340104,0.22482227541589767,-0.6663096636524121,1.0,0.0,1.0,0.0,0.0,0.0,0.0,0.0,0.0,1.0,0.0,1.0,0.0,1.0,0.0,0.0,0.0,0.0,0.0,0.0,0.0,0.0,0.0,0.0,1.0,1.0,0.0,1.0,0.0
2.2537937010709856,0.7177816552387841,-0.1897109776419419,0.7776845310311392,1.659928157916029,-0.35418948698466474,0.4888949163375746,-0.6132186717941674,-0.3358111558318982,1.35211974800477,0.40977707474759006,0.07494954189415268,1.0,0.0,1.0,0.0,0.0,0.0,0.0,1.0,0.0,0.0,1.0,0.0,0.0,1.0,0.0,0.0,0.0,0.0,0.0,0.0,0.0,0.0,0.0,0.0,0.0,0.0,0.0,0.0,0.0
2.594704990821411,2.4581888410635284,-0.12353193902076491,-0.6303350164269823,1.5249865901070194,-0.35418948698466474,0.4888949163375746,1.485248265904505,-0.3358111558318982,10.521621585512248,0.22482227541589767,0.7338466134910991,1.0,1.0,0.0,0.0,0.0,0.0,0.0,1.0,0.0,0.0,1.0,0.0,0.0,1.0,0.0,0.0,0.0,0.0,0.0,0.0,0.0,0.0,0.0,0.0,1.0,0.0,0.0,0.0,0.0
0.24597260806234478,-0.8887480547532877,2.265259386551855,-0.08972006124248871,0.5095724853374525,-0.35418948698466474,-0.6513847719133283,-0.7880909166023902,-0.3358111558318982,-0.1038404290928818,1.6441493224612758,-0.9957581994508853,0.0,0.0,1.0,0.0,0.0,0.0,0.0,1.0,0.0,0.0,0.0,1.0,0.0,1.0,0.0,0.0,0.0,0.0,0.0,0.0,0.0,0.0,0.0,0.0,1.0,1.0,0.0,1.0,0.0
1.3837378941005745,-1.2234417443349692,-0.24047845932394055,-0.2147877001284535,0.64563150188046,-0.35418948698466474,-0.6513847719133283,-1.1378354062188356,-0.3358111558318982,-0.20566095730862236,-0.8406781989949385,-1.0781203334005036,1.0,1.0,0.0,0.0,0.0,0.0,0.0,0.0,0.0,1.0,0.0,0.0,0.0,1.0,0.0,0.0,0.0,0.0,0.0,0.0,0.0,0.0,0.0,0.0,1.0,1.0,0.0,0.0,0.0
-1.0925747872767488,0.7177816552387841,-0.39278090436993696,-0.9833485132825285,-1.0799405397023703,-0.35418948698466474,-0.6513847719133283,0.08627030743872333,1.4162470485084402,-0.5040007161162522,-1.0980066154564236,-0.4192232618035572,0.0,1.0,0.0,0.0,0.0,0.0,0.0,1.0,0.0,0.0,1.0,0.0,0.0,1.0,0.0,0.0,0.0,0.0,0.0,0.0,0.0,0.0,0.0,0.0,1.0,0.0,0.0,0.0,1.0
0.23481804643451898,-0.7280950837540805,0.540978133709683,-0.900642494019229,0.3731281416447903,-0.35418948698466474,-0.6513847719133283,-0.26347418217772206,-0.3358111558318982,0.6176221097481964,1.9256022779660251,0.8162087474407175,0.0,0.0,0.0,0.0,0.0,0.0,0.0,1.0,0.0,0.0,0.0,1.0,1.0,0.0,0.0,0.0,0.0,0.0,0.0,0.0,0.0,0.0,0.0,0.0,0.0,1.0,0.0,1.0,0.0
-1.3156660198332646,-0.27082317730000377,0.9008833163481386,0.18865629627788502,-1.2902520979838026,-0.35418948698466474,-0.6513847719133283,-1.3127076510270583,-0.3358111558318982,-0.49692205285750635,1.9979758950958175,-0.913396065501267,0.0,0.0,1.0,0.0,0.0,0.0,0.0,0.0,0.0,1.0,0.0,1.0,0.0,0.0,0.0,0.0,0.0,0.0,0.0,1.0,0.0,0.0,0.0,0.0,0.0,0.0,1.0,0.0,1.0
-0.6603355241985,-0.4871156272552697,-0.5885983337147893,0.1241052568528708,-0.5219482942876731,-0.35418948698466474,0.4888949163375746,-0.4383464269859448,-0.3358111558318982,-0.7121738435365644,-2.0026768295788315,0.2396738097933893,0.0,0.0,1.0,0.0,0.0,0.0,0.0,1.0,0.0,0.0,1.0,0.0,0.0,0.0,0.0,0.0,0.0,0.0,0.0,0.0,0.0,1.0,0.0,0.0,0.0,0.0,1.0,0.0,1.0
-0.8471744314645817,-0.08548319975725176,-0.13622380944126464,-0.8381086745762465,-0.8043160295544988,-0.35418948698466474,-0.6513847719133283,2.009865000329173,-0.3358111558318982,0.12164089324668102,-0.7321177733002497,0.8985708813903357,0.0,0.0,0.0,0.0,0.0,0.0,0.0,0.0,0.0,1.0,1.0,0.0,0.0,1.0,0.0,0.0,0.0,0.0,0.0,0.0,0.0,0.0,0.0,0.0,1.0,0.0,1.0,0.0,1.0
0.02288137550582915,-0.612960454537982,-1.0264678632220285,0.39037829448105427,-0.3105192872722432,-0.35418948698466474,-0.6513847719133283,0.08627030743872333,3.1683052528487785,-0.25318295882008074,-0.10487975817538005,-0.08977472600508395,1.0,0.0,1.0,0.0,0.0,0.0,0.0,1.0,0.0,0.0,0.0,1.0,0.0,1.0,0.0,0.0,0.0,0.0,0.0,0.0,0.0,0.0,0.0,0.0,1.0,0.0,1.0,1.0,0.0
2.3095665092101143,2.4581888410635284,-0.7227695353029289,-1.4009130495630886,2.4829869495780645,0.9164454439020248,-0.6513847719133283,0.08627030743872333,-0.3358111558318982,0.6403256272731983,0.19667697986542265,0.3220359437430076,0.0,0.0,0.0,0.0,0.0,0.0,0.0,1.0,0.0,0.0,1.0,0.0,1.0,0.0,0.0,0.0,0.0,0.0,0.0,0.0,0.0,0.0,0.0,0.0,0.0,0.0,0.0,0.0,0.0
-0.9810291709984912,-0.5406666175883388,-0.27492782189386833,-1.5602734281435924,-0.9890418650988713,-0.35418948698466474,-0.6513847719133283,0.6108870418633914,-0.3358111558318982,-0.5752621370930168,-1.391521840482805,0.07494954189415268,0.0,0.0,0.0,0.0,0.0,0.0,0.0,0.0,0.0,1.0,1.0,0.0,0.0,1.0,0.0,0.0,0.0,0.0,0.0,0.0,0.0,0.0,0.0,0.0,0.0,0.0,1.0,0.0,1.0
0.5806094568971182,0.9933015005024245,0.9824739119084936,-0.11392670102686887,0.89247207394914,-0.35418948698466474,-0.6513847719133283,1.485248265904505,-0.3358111558318982,0.25164658675486695,1.1214509765238845,2.957624230130793,0.0,1.0,0.0,0.0,0.0,0.0,0.0,1.0,0.0,0.0,0.0,1.0,1.0,0.0,0.0,0.0,0.0,0.0,0.0,0.0,0.0,0.0,0.0,0.0,1.0,0.0,0.0,1.0,0.0
-0.5348467058854599,-0.7816460740871496,0.3415344556732593,-0.7836437350613908,-0.4569050714259917,-0.35418948698466474,1.6291746045884776,0.6108870418633914,1.4162470485084402,-0.3411914611650977,-1.1583179630645841,0.2396738097933893,0.0,1.0,0.0,0.0,0.0,0.0,0.0,1.0,0.0,0.0,0.0,0.0,0.0,1.0,0.0,0.0,0.0,0.0,0.0,0.0,0.0,0.0,0.0,0.0,0.0,1.0,0.0,1.0,0.0
1.2526717949736215,2.102904795698782,-0.2549834540902259,0.8139944907077097,1.8945153266256953,-0.35418948698466474,-0.6513847719133283,-0.7880909166023902,-0.3358111558318982,-0.30463275518852617,0.8560810470479778,-0.17213685995470224,0.0,0.0,0.0,1.0,0.0,0.0,0.0,1.0,0.0,0.0,1.0,0.0,0.0,1.0,0.0,0.0,0.0,0.0,0.0,0.0,0.0,0.0,0.0,0.0,1.0,0.0,0.0,0.0,0.0
-1.0925747872767488,-0.23274842317319167,-1.4117567867014833,-1.2233976911442999,-1.0904599708879386,-0.35418948698466474,-0.6513847719133283,-1.3127076510270583,-0.3358111558318982,-0.7228350010055292,-2.05092590766536,0.7338466134910991,0.0,0.0,0.0,0.0,0.0,0.0,0.0,1.0,0.0,0.0,1.0,0.0,0.0,0.0,0.0,1.0,0.0,0.0,0.0,0.0,0.0,0.0,0.0,0.0,1.0,0.0,1.0,0.0,1.0
0.3575182243406026,0.5303531890730424,0.14662358850129995,-1.025710132905194,0.4872235106574906,-0.35418948698466474,-0.6513847719133283,-0.7880909166023902,-0.3358111558318982,0.9312845847561602,1.696419157055015,-0.913396065501267,0.0,0.0,0.0,0.0,0.0,0.0,0.0,0.0,0.0,1.0,1.0,0.0,0.0,1.0,0.0,0.0,0.0,0.0,0.0,0.0,0.0,0.0,0.0,0.0,1.0,0.0,1.0,1.0,0.0
0.15673611503973853,-0.754870578920615,-1.5268901826588734,2.766663433314388,0.2122540566640318,-0.35418948698466474,-0.6513847719133283,-0.6132186717941674,-0.3358111558318982,-0.5949011113779519,-1.5724558833072864,-0.8310339315516487,1.0,0.0,0.0,0.0,0.0,0.0,1.0,0.0,0.0,1.0,0.0,1.0,0.0,1.0,0.0,0.0,0.0,0.0,0.0,0.0,0.0,0.0,0.0,0.0,0.0,1.0,0.0,1.0,0.0
1.1383375382884073,0.9319856165710604,0.14027765329105008,0.10595027701458559,0.5352738062194082,-0.35418948698466474,-0.6513847719133283,-0.26347418217772206,-0.3358111558318982,0.757857334916887,0.8761848295840313,-0.4192232618035572,1.0,0.0,1.0,0.0,0.0,0.0,0.0,1.0,0.0,0.0,0.0,0.0,0.0,1.0,0.0,0.0,0.0,0.0,0.0,0.0,0.0,0.0,0.0,0.0,0.0,0.0,0.0,0.0,0.0
0.4021364708519057,1.3871690344021474,-1.244949346889202,-0.2147877001284535,-0.1084922627083831,-0.35418948698466474,1.6291746045884776,-0.9629631614106129,-0.3358111558318982,0.06786031751255099,0.4821506918773826,-0.5839475297027937,1.0,1.0,0.0,0.0,0.0,0.0,0.0,0.0,0.0,1.0,1.0,0.0,1.0,0.0,0.0,0.0,0.0,0.0,0.0,0.0,0.0,0.0,0.0,0.0,0.0,0.0,0.0,1.0,0.0
-0.8694835547202333,-0.8887480547532877,0.618942480578467,-0.7836437350613908,-0.8253934246406005,-0.35418948698466474,-0.6513847719133283,-0.6132186717941674,-0.3358111558318982,-0.5314089549534693,1.9135400084443925,-0.8310339315516487,0.0,1.0,0.0,0.0,0.0,0.0,0.0,0.0,0.0,1.0,1.0,0.0,0.0,1.0,0.0,0.0,0.0,0.0,0.0,0.0,0.0,0.0,0.0,0.0,1.0,1.0,0.0,0.0,1.0
-0.7579379384419755,-0.9422990450863568,0.44760222990172116,0.39037829448105427,-0.6168158385326137,-0.35418948698466474,-0.6513847719133283,-0.7880909166023902,1.4162470485084402,-0.46981595208621124,0.37761102268990426,-0.8310339315516487,0.0,0.0,1.0,0.0,0.0,0.0,0.0,1.0,0.0,0.0,0.0,1.0,0.0,1.0,0.0,0.0,0.0,0.0,0.0,0.0,0.0,0.0,0.0,0.0,1.0,1.0,0.0,0.0,1.0
2.594704990821411,1.353190931035815,0.9162948732873166,0.08779529717630039,1.860452406596237,-0.35418948698466474,-0.6513847719133283,0.7857592866716141,-0.3358111558318982,-0.6001237836603193,-1.4960615096702832,1.3927436850880455,1.0,0.0,1.0,0.0,0.0,0.0,0.0,0.0,0.0,1.0,0.0,1.0,0.0,1.0,0.0,0.0,0.0,0.0,0.0,0.0,0.0,0.0,0.0,0.0,1.0,0.0,0.0,0.0,0.0
-0.8694835547202333,0.1287207615750245,-0.342919984860831,-0.9409868936598628,-0.835180734241825,-0.35418948698466474,2.7694542928393804,-0.08860193736949937,-0.3358111558318982,-0.3113229552196579,0.14038638876447287,2.7928999622315565,0.0,1.0,0.0,0.0,0.0,0.0,0.0,1.0,0.0,0.0,1.0,0.0,1.0,0.0,0.0,0.0,0.0,0.0,0.0,0.0,0.0,0.0,0.0,0.0,0.0,0.0,1.0,0.0,1.0
-0.08866424077242865,-0.6745440934210114,-0.7671910817746777,-0.5173706974332074,0.06783344097352126,-0.35418948698466474,-0.6513847719133283,-0.4383464269859448,-0.3358111558318982,-0.10647334652448848,-0.3099383400431259,-0.913396065501267,0.0,1.0,0.0,0.0,0.0,0.0,0.0,1.0,0.0,0.0,1.0,0.0,0.0,1.0,0.0,0.0,0.0,0.0,0.0,0.0,0.0,0.0,0.0,0.0,1.0,1.0,0.0,1.0,0.0
-0.31175547332894427,0.4500267035734388,-0.8515013638537114,-1.5622906481256242,-0.2929869019629629,-0.35418948698466474,0.4888949163375746,-0.26347418217772206,-0.3358111558318982,0.02085626697124473,-1.2467746062232195,-0.6663096636524121,0.0,0.0,0.0,0.0,0.0,0.0,0.0,1.0,0.0,0.0,0.0,0.0,1.0,0.0,0.0,0.0,0.0,0.0,0.0,0.0,0.0,0.0,0.0,0.0,1.0,0.0,1.0,1.0,0.0
-0.04962327507503843,-0.0319322094241827,0.700533076138822,1.1670079875632557,-0.25576429930633704,-0.35418948698466474,0.4888949163375746,0.26114255224694605,1.4162470485084402,-0.3456803695730829,0.06399201512746958,-0.5839475297027937,1.0,0.0,0.0,0.0,1.0,0.0,0.0,1.0,0.0,0.0,1.0,0.0,0.0,1.0,0.0,0.0,0.0,0.0,0.0,0.0,0.0,0.0,0.0,0.0,1.0,0.0,1.0,1.0,0.0
0.02288137550582915,0.07516977124195542,0.9888198471187435,0.5981519526303185,-0.279076591860435,0.9164454439020248,-0.6513847719133283,1.6601205107127277,-0.3358111558318982,0.3698257331112458,-0.19333640133401533,0.40439807769262587,1.0,0.0,1.0,0.0,0.0,0.0,0.0,0.0,0.0,1.0,0.0,1.0,1.0,0.0,0.0,0.0,0.0,0.0,0.0,0.0,0.0,0.0,0.0,0.0,1.0,0.0,1.0,1.0,0.0
2.2537937010709856,0.610679674572646,-0.21600128065583404,0.9108210498452309,1.7079399207629813,-0.35418948698466474,2.7694542928393804,2.009865000329173,-0.3358111558318982,0.7224208560423118,-0.36220817463686494,2.4634514264330836,1.0,0.0,0.0,1.0,0.0,0.0,0.0,1.0,0.0,0.0,0.0,1.0,1.0,0.0,0.0,0.0,0.0,0.0,0.0,0.0,0.0,0.0,0.0,0.0,0.0,0.0,1.0,0.0,0.0
-0.9810291709984912,-1.0949193675356035,0.3034588444117604,-1.0418478927614476,-0.9619533664781592,-0.35418948698466474,0.4888949163375746,-1.1378354062188356,-0.3358111558318982,-0.44210557518307203,0.03986747608420531,-0.25449899390432057,0.0,0.0,0.0,0.0,0.0,0.0,0.0,0.0,0.0,1.0,1.0,0.0,1.0,0.0,0.0,0.0,0.0,0.0,0.0,0.0,0.0,0.0,0.0,0.0,1.0,1.0,0.0,0.0,1.0
-0.9252563628593622,0.04839427607542089,0.47479909508850593,-1.168932751629444,-0.9089323506856986,-0.35418948698466474,-0.6513847719133283,-0.4383464269859448,-0.3358111558318982,1.2939797516051927,-1.5764766398144971,-0.913396065501267,0.0,0.0,0.0,0.0,0.0,0.0,0.0,1.0,0.0,0.0,0.0,0.0,0.0,1.0,0.0,0.0,0.0,0.0,0.0,0.0,0.0,0.0,0.0,0.0,0.0,0.0,1.0,0.0,1.0
0.8037006894536338,-0.3800136465891316,0.60081123712061,-1.4170508094193424,0.8948225695620325,-0.35418948698466474,-0.6513847719133283,-0.08860193736949937,-0.3358111558318982,0.3240302348336278,-0.14910807975469784,0.8162087474407175,0.0,0.0,0.0,0.0,0.0,0.0,0.0,1.0,0.0,0.0,1.0,0.0,1.0,0.0,0.0,0.0,0.0,0.0,0.0,0.0,0.0,0.0,0.0,0.0,0.0,0.0,1.0,1.0,0.0
-0.31175547332894427,-0.6745440934210114,0.10492172854822945,-0.07358230138623516,-0.1341935835903388,-0.35418948698466474,0.4888949163375746,-0.26347418217772206,-0.3358111558318982,-0.23483886196052597,0.9807244987715099,-0.8310339315516487,0.0,0.0,1.0,0.0,0.0,0.0,0.0,1.0,0.0,0.0,1.0,0.0,1.0,0.0,0.0,0.0,0.0,0.0,0.0,0.0,0.0,0.0,0.0,0.0,0.0,1.0,0.0,1.0,0.0
-0.5348467058854599,1.3871690344021474,1.156533849103918,0.10191583705052229,-0.7974572062906484,-0.35418948698466474,0.4888949163375746,0.4360147970551687,-0.3358111558318982,1.2968716445218755,1.616004026910801,1.5574679529872821,1.0,0.0,1.0,0.0,0.0,0.0,0.0,1.0,0.0,0.0,1.0,0.0,0.0,1.0,0.0,0.0,0.0,0.0,0.0,0.0,0.0,0.0,0.0,0.0,1.0,0.0,0.0,1.0,0.0
0.5806094568971182,0.8944999233379121,0.6261949779616095,-1.3444308900662014,0.6728355986460688,-0.35418948698466474,-0.6513847719133283,0.9606315314798368,-0.3358111558318982,0.3155272064069636,0.1926562233582119,0.6514844795414808,0.0,0.0,0.0,0.0,0.0,0.0,0.0,0.0,0.0,1.0,0.0,1.0,1.0,0.0,0.0,0.0,0.0,0.0,0.0,0.0,0.0,0.0,0.0,0.0,0.0,0.0,0.0,1.0,0.0
-0.8694835547202333,-0.8887480547532877,-0.21509471848294137,-0.618231696534792,-0.8150666570298596,-0.35418948698466474,0.4888949163375746,-0.6132186717941674,-0.3358111558318982,-0.4855271315141594,-0.402415739708972,0.40439807769262587,0.0,1.0,0.0,0.0,0.0,0.0,0.0,0.0,0.0,1.0,0.0,0.0,1.0,0.0,0.0,0.0,0.0,0.0,0.0,0.0,0.0,0.0,0.0,0.0,1.0,1.0,0.0,0.0,1.0
0.46906384061886036,-0.8882125448499569,0.9861001606000649,-0.5173706974332074,0.693951526447136,-0.35418948698466474,-0.6513847719133283,-0.9629631614106129,-0.3358111558318982,-0.1981938308222624,1.6240455399252223,-1.407568869198977,0.0,1.0,0.0,0.0,0.0,0.0,0.0,0.0,1.0,0.0,0.0,0.0,1.0,0.0,0.0,0.0,0.0,0.0,0.0,0.0,0.0,0.0,0.0,0.0,0.0,1.0,0.0,1.0,0.0
-0.5348467058854599,-0.08548319975725176,0.07137892815119447,-0.9833485132825285,-0.47459158759513387,-0.35418948698466474,-0.6513847719133283,-0.4383464269859448,-0.3358111558318982,-0.11972425884421393,0.059971258620258816,-0.25449899390432057,0.0,1.0,0.0,0.0,0.0,0.0,0.0,0.0,0.0,1.0,1.0,0.0,0.0,1.0,0.0,0.0,0.0,0.0,0.0,0.0,0.0,0.0,0.0,0.0,0.0,0.0,1.0,1.0,0.0
-0.46513069571154875,-1.1238808141275338,0.9788476632169224,0.9108210498452309,-0.6551944226382032,-0.35418948698466474,0.4888949163375746,-0.6132186717941674,-0.3358111558318982,0.10299465832120415,0.5303997699639111,-0.4192232618035572,1.0,0.0,0.0,1.0,0.0,0.0,0.0,0.0,1.0,0.0,0.0,1.0,0.0,1.0,0.0,0.0,0.0,0.0,0.0,0.0,0.0,0.0,0.0,0.0,1.0,1.0,0.0,1.0,0.0
-1.4829844442506512,-1.047901598023169,0.3424410178461523,-0.48509517772070027,-1.497018646488413,0.9164454439020248,-0.6513847719133283,-0.6132186717941674,-0.3358111558318982,-0.6200217334303304,-1.0417160243554737,0.5691223455918625,0.0,1.0,0.0,0.0,0.0,0.0,0.0,0.0,1.0,0.0,0.0,0.0,0.0,0.0,1.0,0.0,0.0,0.0,0.0,0.0,0.0,0.0,0.0,0.0,1.0,1.0,0.0,0.0,1.0
-0.20020985705068647,-0.6209931030879423,-0.38734153133257987,-1.4170508094193424,-0.16066555877160374,-0.35418948698466474,-0.6513847719133283,0.26114255224694605,-0.3358111558318982,-0.11683236592753118,-0.3742704441584969,0.15731167584377098,0.0,0.0,0.0,0.0,0.0,0.0,0.0,1.0,0.0,0.0,1.0,0.0,1.0,0.0,0.0,0.0,0.0,0.0,0.0,0.0,0.0,0.0,0.0,0.0,0.0,0.0,1.0,1.0,0.0
1.6960656196796964,1.6549239860674927,-0.2613293893004758,0.08779529717630039,0.9740458315309998,-0.35418948698466474,0.4888949163375746,0.7857592866716141,-0.3358111558318982,0.6530154260419256,-0.8446989555021492,1.4751058190376638,1.0,0.0,1.0,0.0,0.0,0.0,0.0,1.0,0.0,0.0,0.0,1.0,0.0,1.0,0.0,0.0,0.0,0.0,0.0,0.0,0.0,0.0,0.0,0.0,0.0,0.0,0.0,0.0,0.0
-0.7579379384419755,-1.31715597741784,0.9987920310205647,0.9108210498452309,-0.5774739365528883,-0.35418948698466474,0.4888949163375746,-1.1378354062188356,-0.3358111558318982,-0.40934517632094947,0.4459638833124863,-1.489931003148595,0.0,0.0,0.0,1.0,0.0,0.0,0.0,0.0,0.0,1.0,1.0,0.0,0.0,0.0,0.0,0.0,1.0,0.0,0.0,0.0,0.0,0.0,0.0,0.0,1.0,1.0,0.0,0.0,1.0
-0.8248653082089302,-1.31715597741784,-0.7563123356999637,0.5921002926842235,-0.6829379774133278,-0.35418948698466474,-0.6513847719133283,-1.1378354062188356,-0.3358111558318982,-0.5808732726029983,-0.5833497825334536,-1.2428446012997403,0.0,0.0,1.0,0.0,0.0,0.0,0.0,1.0,0.0,0.0,1.0,0.0,0.0,1.0,0.0,0.0,0.0,0.0,0.0,0.0,0.0,0.0,0.0,0.0,0.0,1.0,0.0,0.0,1.0
0.5806094568971182,0.08855751882522268,-0.3728365365662945,-1.243569890964617,0.6904065166703143,0.9164454439020248,-0.6513847719133283,0.9606315314798368,-0.3358111558318982,1.328725629186232,-0.3139590965503364,0.15731167584377098,0.0,0.0,0.0,0.0,0.0,0.0,0.0,1.0,0.0,0.0,0.0,0.0,0.0,1.0,0.0,0.0,0.0,0.0,0.0,0.0,0.0,0.0,0.0,0.0,1.0,0.0,1.0,1.0,0.0
0.9152463057318916,-0.4067891417556661,0.8564617698763896,-1.5602734281435924,0.9836404775573971,-0.35418948698466474,-0.6513847719133283,-0.26347418217772206,-0.3358111558318982,1.659135185562448,0.35750724015385077,0.3220359437430076,0.0,0.0,0.0,0.0,0.0,0.0,0.0,1.0,0.0,0.0,0.0,0.0,1.0,0.0,0.0,0.0,0.0,0.0,0.0,0.0,0.0,0.0,0.0,0.0,0.0,0.0,1.0,1.0,0.0
-0.5348467058854599,-0.43356463692220065,-1.171517810884882,0.18865629627788502,-0.7888644108533529,-0.35418948698466474,-0.6513847719133283,-0.6132186717941674,-0.3358111558318982,-0.2552116001198433,0.5263790134567001,-0.5839475297027937,1.0,0.0,1.0,0.0,0.0,0.0,0.0,1.0,0.0,0.0,1.0,0.0,0.0,1.0,0.0,0.0,0.0,0.0,0.0,0.0,0.0,0.0,0.0,0.0,0.0,0.0,1.0,1.0,0.0
0.02288137550582915,1.2532915585694748,-0.08908257645083727,-0.4326474581878763,0.20454751367094157,-0.35418948698466474,-0.6513847719133283,-1.3127076510270583,11.92859627455047,-0.4450406306806008,2.190972207441931,-0.33686112785393885,0.0,1.0,0.0,0.0,0.0,0.0,0.0,0.0,0.0,1.0,0.0,0.0,0.0,1.0,0.0,0.0,0.0,0.0,0.0,0.0,0.0,0.0,0.0,0.0,1.0,0.0,0.0,1.0,0.0
-0.5348467058854599,-0.9958500354194257,-1.3999714784538766,1.6935024028735275,-0.22462986561425263,-0.35418948698466474,-0.6513847719133283,-1.487579895835281,-0.3358111558318982,-0.5434081524286605,-0.25364774894217584,-1.489931003148595,0.0,0.0,0.0,1.0,0.0,0.0,0.0,0.0,0.0,1.0,0.0,1.0,0.0,0.0,0.0,0.0,0.0,0.0,1.0,0.0,0.0,0.0,0.0,0.0,0.0,1.0,0.0,1.0,0.0
0.17625659788843365,-0.9155235499198222,0.3415344556732593,-0.6666449761035527,0.3433038202615311,-0.35418948698466474,0.4888949163375746,-0.26347418217772206,-0.3358111558318982,0.36015731500173925,-0.2938553140142829,-0.17213685995470224,0.0,1.0,0.0,0.0,0.0,0.0,0.0,0.0,1.0,0.0,0.0,1.0,1.0,0.0,0.0,0.0,0.0,0.0,0.0,0.0,0.0,0.0,0.0,0.0,1.0,1.0,0.0,1.0,0.0
-0.8694835547202333,-1.238757327570227,-0.14438286899730016,-0.618231696534792,-0.8150666570298596,-0.35418948698466474,-0.6513847719133283,-1.1378354062188356,1.4162470485084402,-0.518805481346434,0.24090530144474043,-0.5839475297027937,0.0,1.0,0.0,0.0,0.0,0.0,0.0,0.0,0.0,1.0,0.0,1.0,0.0,1.0,0.0,0.0,0.0,0.0,0.0,0.0,0.0,0.0,0.0,0.0,1.0,1.0,0.0,0.0,1.0
-1.3156660198332646,-1.1431152588353657,0.4222184890607217,-1.1790188515396025,-1.3272435043506354,-0.35418948698466474,0.4888949163375746,-0.7880909166023902,-0.3358111558318982,-0.5945989733120298,-1.5684351268000758,-1.2428446012997403,0.0,0.0,0.0,0.0,0.0,0.0,0.0,0.0,1.0,0.0,1.0,0.0,1.0,0.0,0.0,0.0,0.0,0.0,0.0,0.0,0.0,0.0,0.0,0.0,1.0,1.0,0.0,0.0,1.0
0.5806094568971182,-1.156503006418633,-0.7254892218216074,-0.533508457289461,0.8162928964624432,-0.35418948698466474,-0.6513847719133283,-1.1378354062188356,-0.3358111558318982,-0.33566665081680824,0.7233960823100247,-1.5722931370982134,0.0,1.0,0.0,0.0,0.0,0.0,0.0,0.0,0.0,1.0,1.0,0.0,0.0,1.0,0.0,0.0,0.0,0.0,0.0,0.0,0.0,0.0,0.0,0.0,0.0,1.0,0.0,1.0,0.0
0.13442699178408696,-0.495897989669893,0.9879132849458505,1.6935024028735275,-0.0017181095391179963,-0.35418948698466474,-0.6513847719133283,-0.26347418217772206,-0.3358111558318982,-0.28343992799313467,0.5746280915432286,-0.08977472600508395,1.0,0.0,0.0,1.0,0.0,0.0,0.0,1.0,0.0,0.0,0.0,0.0,1.0,0.0,0.0,0.0,0.0,0.0,0.0,0.0,0.0,0.0,0.0,0.0,1.0,0.0,1.0,1.0,0.0
1.6960656196796964,-0.19258518042338987,0.3723575695516157,2.3087544973931937,1.6738770007335224,-0.35418948698466474,-0.6513847719133283,-0.7880909166023902,-0.3358111558318982,0.5024211814701923,1.459194523129583,-0.0074125920554656355,1.0,0.0,0.0,0.0,0.0,1.0,0.0,1.0,0.0,0.0,0.0,1.0,0.0,1.0,0.0,0.0,0.0,0.0,0.0,0.0,0.0,0.0,0.0,0.0,1.0,0.0,1.0,0.0,0.0
-1.3128773794263082,-0.4871156272552697,0.01698519777762457,-0.6303350164269823,-1.3095569881814935,-0.35418948698466474,-0.6513847719133283,2.3596094899456186,-0.3358111558318982,-0.36484455546871186,-0.5994328085622963,0.8162087474407175,0.0,1.0,0.0,0.0,0.0,0.0,0.0,0.0,0.0,1.0,1.0,0.0,0.0,0.0,0.0,0.0,1.0,0.0,0.0,0.0,0.0,0.0,0.0,0.0,1.0,0.0,1.0,0.0,1.0
0.13442699178408696,-0.4603401320887352,0.3261228987340813,0.32179281509197677,0.44136957984860387,-0.35418948698466474,-0.6513847719133283,0.6108870418633914,-0.3358111558318982,-0.24774447363348334,1.2259906457113625,-0.08977472600508395,0.0,0.0,1.0,0.0,0.0,0.0,0.0,0.0,0.0,1.0,1.0,0.0,0.0,1.0,0.0,0.0,0.0,0.0,0.0,0.0,0.0,0.0,0.0,0.0,0.0,0.0,1.0,1.0,0.0
0.02288137550582915,-1.0494010257524948,0.19285825931883432,-1.025710132905194,0.12513158812714684,-0.35418948698466474,-0.6513847719133283,-0.9629631614106129,-0.3358111558318982,-0.31710674105302344,-1.146255693542952,-1.0781203334005036,0.0,0.0,0.0,0.0,0.0,0.0,0.0,0.0,0.0,1.0,1.0,0.0,0.0,1.0,0.0,0.0,0.0,0.0,0.0,0.0,0.0,0.0,0.0,0.0,0.0,1.0,0.0,1.0,0.0
-0.7579379384419755,-0.21936067558992442,-0.12987787423101477,0.36213721473261046,-0.6189351378557135,2.187080374788714,0.4888949163375746,3.5837152036031767,-0.3358111558318982,-0.17984973396270762,0.21678076240147615,2.298727158533847,0.0,0.0,1.0,0.0,0.0,0.0,0.0,0.0,1.0,0.0,0.0,1.0,0.0,1.0,0.0,0.0,0.0,0.0,0.0,0.0,0.0,0.0,0.0,0.0,1.0,0.0,1.0,0.0,1.0
-1.3156660198332646,-0.05870770459071723,0.897257067656567,1.9537237805556156,-1.2393503815144415,-0.35418948698466474,0.4888949163375746,3.4088429587949545,-0.3358111558318982,0.2733142023395646,-0.0566306800888515,1.3103815511384274,0.0,0.0,0.0,0.0,1.0,0.0,0.0,0.0,0.0,1.0,0.0,1.0,0.0,0.0,0.0,0.0,0.0,0.0,1.0,0.0,0.0,0.0,0.0,0.0,1.0,0.0,1.0,0.0,1.0
-1.2041204035550068,-0.6209931030879423,-1.1298159509318118,1.3041789463414108,-1.1162383571998253,-0.35418948698466474,1.6291746045884776,-0.9629631614106129,-0.3358111558318982,-0.5822976377709166,0.7354583518316568,-0.9957581994508853,0.0,0.0,0.0,1.0,0.0,0.0,0.0,0.0,0.0,1.0,0.0,0.0,0.0,1.0,0.0,0.0,0.0,0.0,0.0,0.0,0.0,0.0,0.0,0.0,1.0,0.0,1.0,0.0,1.0
-0.5348467058854599,-0.754870578920615,-0.579532711985861,-0.5314912373074293,-0.4343249004562375,-0.35418948698466474,0.4888949163375746,-1.1378354062188356,1.4162470485084402,-0.33035765337274886,-0.07271370611769425,-1.2428446012997403,0.0,1.0,0.0,0.0,0.0,0.0,0.0,0.0,1.0,0.0,0.0,0.0,1.0,0.0,0.0,0.0,0.0,0.0,0.0,0.0,0.0,0.0,0.0,0.0,1.0,1.0,0.0,1.0,0.0
1.1383375382884073,-0.10840302361980532,-0.8161454391108909,0.85030445038428,0.7228125299562589,-0.35418948698466474,1.6291746045884776,0.7857592866716141,-0.3358111558318982,0.2964493456730266,-0.5471629739685573,0.4867602116422442,1.0,0.0,1.0,0.0,0.0,0.0,0.0,0.0,0.0,1.0,0.0,1.0,1.0,0.0,0.0,0.0,0.0,0.0,0.0,0.0,0.0,0.0,0.0,0.0,0.0,0.0,1.0,0.0,0.0
1.4729743871231806,0.5839041794061115,0.10945453941269369,1.3041789463414108,1.14447602982319,7.269620098335473,0.4888949163375746,0.4360147970551687,-0.3358111558318982,-0.7225328629396072,-2.05092590766536,-0.4192232618035572,1.0,0.0,0.0,0.0,1.0,0.0,0.0,0.0,1.0,0.0,1.0,0.0,0.0,1.0,0.0,0.0,0.0,0.0,0.0,0.0,0.0,0.0,0.0,0.0,1.0,0.0,1.0,0.0,0.0
-0.7523606576280626,-1.358283137993637,0.36963788303293743,-0.07358230138623516,-0.6447520568825658,-0.35418948698466474,-0.6513847719133283,-0.6132186717941674,-0.3358111558318982,1.3013605529298609,0.2529675709663724,-0.25449899390432057,0.0,0.0,1.0,0.0,0.0,0.0,0.0,1.0,0.0,0.0,1.0,0.0,0.0,1.0,0.0,0.0,0.0,0.0,0.0,0.0,0.0,0.0,0.0,0.0,0.0,1.0,0.0,0.0,1.0
0.5806094568971182,-0.6209931030879423,0.46392034901379214,0.9915098491264984,0.270438456261863,-0.35418948698466474,-0.6513847719133283,-1.487579895835281,-0.3358111558318982,-0.7152815493574773,-1.508123779191915,-0.8310339315516487,1.0,0.0,0.0,1.0,0.0,0.0,0.0,1.0,0.0,0.0,0.0,0.0,0.0,0.0,1.0,0.0,0.0,0.0,0.0,0.0,0.0,0.0,0.0,0.0,1.0,0.0,1.0,1.0,0.0
0.8009120490466773,-0.6209931030879423,-0.4526140077808641,0.18663907629585336,1.2079008786563226,-0.35418948698466474,1.6291746045884776,0.6108870418633914,-0.3358111558318982,-0.0010703240985289893,-0.8527404685165706,-0.33686112785393885,0.0,0.0,1.0,0.0,0.0,0.0,0.0,0.0,0.0,1.0,0.0,1.0,1.0,0.0,0.0,0.0,0.0,0.0,0.0,0.0,0.0,0.0,0.0,0.0,0.0,0.0,1.0,1.0,0.0
0.3575182243406026,-0.9690745402528912,0.17110076716940645,-0.7190926956363767,0.5361600586636136,-0.35418948698466474,-0.6513847719133283,-0.26347418217772206,-0.3358111558318982,-0.36976508968515714,-0.9050103031103098,-0.25449899390432057,0.0,1.0,0.0,0.0,0.0,0.0,0.0,0.0,1.0,0.0,0.0,1.0,0.0,1.0,0.0,0.0,0.0,0.0,0.0,0.0,0.0,0.0,0.0,0.0,0.0,1.0,0.0,1.0,0.0
-0.021736871005473973,-0.43356463692220065,1.035961080109171,-0.3257347991401967,0.1682882288884522,-0.35418948698466474,0.4888949163375746,2.3596094899456186,-0.3358111558318982,-0.3411914611650977,-0.9773839202401025,2.051640756684992,0.0,1.0,0.0,0.0,0.0,0.0,0.0,0.0,0.0,1.0,0.0,1.0,1.0,0.0,0.0,0.0,0.0,0.0,0.0,0.0,0.0,0.0,0.0,0.0,0.0,0.0,1.0,1.0,0.0
1.6960656196796964,-0.4067891417556661,-0.6765348644853941,0.10191583705052229,0.9782073647472687,0.9164454439020248,1.6291746045884776,1.485248265904505,-0.3358111558318982,-0.6416030238533361,-1.9463862384778816,2.545813560382702,1.0,0.0,1.0,0.0,0.0,0.0,0.0,0.0,0.0,1.0,1.0,0.0,0.0,1.0,0.0,0.0,0.0,0.0,0.0,0.0,0.0,0.0,0.0,0.0,0.0,0.0,1.0,0.0,0.0
0.02288137550582915,0.610679674572646,-0.4943158677339344,0.9915098491264984,0.4034533883226003,-0.35418948698466474,0.4888949163375746,-0.4383464269859448,-0.3358111558318982,-0.43951582033231135,0.20471849287984417,-0.6663096636524121,0.0,0.0,0.0,1.0,0.0,0.0,0.0,0.0,0.0,1.0,0.0,0.0,0.0,0.0,0.0,0.0,0.0,0.0,0.0,1.0,0.0,0.0,0.0,0.0,0.0,0.0,1.0,1.0,0.0
0.13442699178408696,-1.9597678614146687,-0.07639070603033753,0.4912392935826389,-0.20266621808394555,-0.35418948698466474,-0.6513847719133283,0.9606315314798368,-0.3358111558318982,-0.24446411748918648,-0.2817930444926509,-0.08977472600508395,1.0,0.0,1.0,0.0,0.0,0.0,0.0,1.0,0.0,0.0,0.0,0.0,1.0,0.0,0.0,0.0,0.0,0.0,0.0,0.0,0.0,0.0,0.0,0.0,1.0,1.0,0.0,1.0,0.0
0.2236634848066932,2.4046378507304595,1.3478184675843061,1.701571282801654,0.7699380403590053,-0.35418948698466474,-0.6513847719133283,1.1355037762880595,-0.3358111558318982,3.119023157517087,0.42988085728364356,1.3103815511384274,0.0,0.0,0.0,1.0,0.0,0.0,0.0,1.0,0.0,0.0,0.0,0.0,0.0,1.0,0.0,0.0,0.0,0.0,0.0,0.0,0.0,0.0,0.0,0.0,0.0,0.0,0.0,1.0,0.0
1.6402928115405673,-0.6209931030879423,-1.6320513947144422,-0.5214051373972707,0.7562974592612357,-0.35418948698466474,0.4888949163375746,-0.4383464269859448,-0.3358111558318982,-0.6587385684492025,-1.9021579168985638,-0.4192232618035572,1.0,1.0,0.0,0.0,0.0,0.0,0.0,1.0,0.0,0.0,0.0,0.0,0.0,1.0,0.0,0.0,0.0,0.0,0.0,0.0,0.0,0.0,0.0,0.0,1.0,0.0,1.0,0.0,0.0
-0.5348467058854599,-0.0319322094241827,-0.18064535591301342,0.10191583705052229,-0.3765258280080609,-0.35418948698466474,-0.6513847719133283,-0.08860193736949937,-0.3358111558318982,-0.353838097352979,0.32132043158895446,-0.4192232618035572,0.0,0.0,1.0,0.0,0.0,0.0,0.0,0.0,0.0,1.0,0.0,0.0,1.0,0.0,0.0,0.0,0.0,0.0,0.0,0.0,0.0,0.0,0.0,0.0,0.0,0.0,1.0,1.0,0.0
-0.5348467058854599,-0.8351970644202186,0.2399994923092617,-0.31564869923003813,-0.8380321551492684,-0.35418948698466474,-0.6513847719133283,-0.26347418217772206,-0.3358111558318982,-0.40805029889556915,-0.941197111675206,-0.17213685995470224,1.0,1.0,0.0,0.0,0.0,0.0,0.0,1.0,0.0,0.0,1.0,0.0,0.0,1.0,0.0,0.0,0.0,0.0,0.0,0.0,0.0,0.0,0.0,0.0,1.0,1.0,0.0,1.0,0.0
1.506438072006658,-0.9958500354194257,0.23456011927190482,0.4912392935826389,0.937092957879132,-0.35418948698466474,-0.6513847719133283,-0.7880909166023902,-0.3358111558318982,-0.6018934494750057,-1.3633765449323298,-0.9957581994508853,1.0,0.0,1.0,0.0,0.0,0.0,0.0,0.0,0.0,1.0,0.0,0.0,0.0,1.0,0.0,0.0,0.0,0.0,0.0,0.0,0.0,0.0,0.0,0.0,0.0,1.0,0.0,0.0,0.0
1.1383375382884073,0.04839427607542089,-0.22869315107633378,-0.4326474581878763,1.4644131621813303,0.9164454439020248,-0.6513847719133283,1.3103760210962823,1.4162470485084402,-0.11903365755067775,-0.012402358509533713,0.2396738097933893,0.0,1.0,0.0,0.0,0.0,0.0,0.0,1.0,0.0,0.0,1.0,0.0,0.0,1.0,0.0,0.0,0.0,0.0,0.0,0.0,0.0,0.0,0.0,0.0,1.0,0.0,1.0,0.0,0.0
0.02288137550582915,-0.754870578920615,0.453041602939078,0.025261477733317817,-0.3648504153735291,-0.35418948698466474,-0.6513847719133283,0.6108870418633914,1.4162470485084402,-0.2211994864131864,1.5154851142305332,0.7338466134910991,1.0,0.0,1.0,0.0,0.0,0.0,0.0,0.0,0.0,1.0,0.0,1.0,1.0,0.0,0.0,0.0,0.0,0.0,0.0,0.0,0.0,0.0,0.0,0.0,0.0,1.0,0.0,1.0,0.0
-0.579464952396763,0.5839041794061115,-0.5922245824063606,-0.618231696534792,-0.49185424389965576,-0.35418948698466474,-0.6513847719133283,-0.7880909166023902,-0.3358111558318982,-0.5184601806996659,0.6309186826441787,0.980933015339954,0.0,1.0,0.0,0.0,0.0,0.0,0.0,0.0,0.0,1.0,0.0,0.0,0.0,1.0,0.0,0.0,0.0,0.0,0.0,0.0,0.0,0.0,0.0,0.0,1.0,0.0,1.0,0.0,1.0
2.2537937010709856,0.9319856165710604,-0.529671792476755,-0.035255121727632746,1.375017263461484,-0.35418948698466474,-0.6513847719133283,-0.6132186717941674,-0.3358111558318982,1.2574642082094674,1.2782604803051016,-0.9957581994508853,1.0,0.0,1.0,0.0,0.0,0.0,0.0,0.0,1.0,0.0,1.0,0.0,1.0,0.0,0.0,0.0,0.0,0.0,0.0,0.0,0.0,0.0,0.0,0.0,0.0,0.0,0.0,0.0,0.0
1.2108421888692749,-0.21936067558992442,0.1692876428236208,-0.664627756121521,1.4927732403959022,-0.35418948698466474,-0.6513847719133283,1.1355037762880595,-0.3358111558318982,0.7576415220126569,-0.6034535650695071,1.5574679529872821,0.0,1.0,0.0,0.0,0.0,0.0,0.0,1.0,0.0,0.0,1.0,0.0,0.0,1.0,0.0,0.0,0.0,0.0,0.0,0.0,0.0,0.0,0.0,0.0,1.0,0.0,1.0,0.0,0.0
-0.31175547332894427,-0.754870578920615,-0.777163265676499,-0.9268663537856409,-0.22647943593259434,-0.35418948698466474,0.4888949163375746,-0.7880909166023902,1.4162470485084402,-0.6495017761481562,-1.7453484131173465,-0.5839475297027937,0.0,0.0,0.0,0.0,0.0,0.0,0.0,1.0,0.0,0.0,1.0,0.0,0.0,1.0,0.0,0.0,0.0,0.0,0.0,0.0,0.0,0.0,0.0,0.0,0.0,1.0,0.0,1.0,0.0
1.0267919220101493,1.2532915585694748,-0.6910398592516795,-1.5602734281435924,1.0997010150333357,4.728350236562093,-0.6513847719133283,1.3103760210962823,-0.3358111558318982,0.554647904293866,-0.7642838253579352,1.7221922208865188,0.0,0.0,0.0,0.0,0.0,0.0,0.0,1.0,0.0,0.0,0.0,1.0,0.0,1.0,0.0,0.0,0.0,0.0,0.0,0.0,0.0,0.0,0.0,0.0,0.0,0.0,0.0,1.0,0.0
0.9375554289875432,-0.4067891417556661,-0.006585418717589281,0.5981519526303185,0.48961253898534857,-0.35418948698466474,1.6291746045884776,0.7857592866716141,-0.3358111558318982,-0.32815636174960233,-0.3782912006657077,-0.17213685995470224,1.0,0.0,1.0,0.0,0.0,0.0,0.0,1.0,0.0,0.0,0.0,1.0,0.0,1.0,0.0,0.0,0.0,0.0,0.0,0.0,0.0,0.0,0.0,0.0,0.0,0.0,1.0,1.0,0.0
2.594704990821411,0.7177816552387841,-1.3065955746459146,0.10595027701458559,1.8676194915798103,-0.35418948698466474,1.6291746045884776,0.08627030743872333,-0.3358111558318982,-0.2430397523212681,-0.9854254332545238,0.15731167584377098,1.0,0.0,1.0,0.0,0.0,0.0,0.0,1.0,0.0,0.0,1.0,0.0,0.0,0.0,1.0,0.0,0.0,0.0,0.0,0.0,0.0,0.0,0.0,0.0,0.0,0.0,0.0,0.0,0.0
1.6960656196796964,0.9855366069041295,0.1692876428236208,-0.5314912373074293,2.067604282250502,-0.35418948698466474,0.4888949163375746,2.009865000329173,1.4162470485084402,0.16463082376930824,-0.41849876573781475,2.875262096181175,0.0,1.0,0.0,0.0,0.0,0.0,0.0,1.0,0.0,0.0,1.0,0.0,0.0,1.0,0.0,0.0,0.0,0.0,0.0,0.0,0.0,0.0,0.0,0.0,0.0,0.0,0.0,0.0,0.0
-1.2292181672176148,-0.6209931030879423,-0.4779977486218634,-0.01306570192528424,-1.195230422879,-0.35418948698466474,2.7694542928393804,-0.4383464269859448,-0.3358111558318982,-0.3022156506611495,-0.9894461897617346,-0.913396065501267,0.0,0.0,1.0,0.0,0.0,0.0,0.0,0.0,0.0,1.0,0.0,0.0,1.0,0.0,0.0,0.0,0.0,0.0,0.0,0.0,0.0,0.0,0.0,0.0,1.0,0.0,1.0,0.0,1.0
-0.8917926779758849,-1.4242579580839783,0.6261949779616095,0.18865629627788502,-0.7898662614424546,-0.35418948698466474,-0.6513847719133283,0.9606315314798368,3.1683052528487785,-0.33804059276333887,-0.45870633080992174,-0.25449899390432057,0.0,0.0,1.0,0.0,0.0,0.0,0.0,0.0,1.0,0.0,1.0,0.0,0.0,1.0,0.0,0.0,0.0,0.0,0.0,0.0,0.0,0.0,0.0,0.0,0.0,1.0,0.0,0.0,1.0
-0.9141018012315364,-0.19258518042338987,-1.4017846027996623,0.5537731130256215,-1.0695367066616985,-0.35418948698466474,-0.6513847719133283,0.6108870418633914,-0.3358111558318982,-0.5696078390021893,-1.725244630581293,1.8869164887857555,1.0,0.0,1.0,0.0,0.0,0.0,0.0,1.0,0.0,0.0,0.0,1.0,0.0,0.0,0.0,0.0,0.0,0.0,0.0,1.0,0.0,0.0,0.0,0.0,1.0,0.0,1.0,0.0,1.0
0.13442699178408696,0.18227175190809353,-0.606729577172646,-0.5314912373074293,0.3162538543557845,-0.35418948698466474,-0.6513847719133283,-0.4383464269859448,-0.3358111558318982,-0.05070729207144194,0.6148356566153357,-0.913396065501267,0.0,1.0,0.0,0.0,0.0,0.0,0.0,0.0,0.0,1.0,1.0,0.0,1.0,0.0,0.0,0.0,0.0,0.0,0.0,0.0,0.0,0.0,0.0,0.0,0.0,0.0,1.0,1.0,0.0
0.3575182243406026,-0.35323815142259707,-0.8741654181760323,-1.0398306727794158,0.4849886131894947,-0.35418948698466474,-0.6513847719133283,0.08627030743872333,-0.3358111558318982,-0.13474483697862585,0.3092581620673225,-0.33686112785393885,0.0,0.0,0.0,0.0,0.0,0.0,0.0,0.0,0.0,1.0,0.0,0.0,1.0,0.0,0.0,0.0,0.0,0.0,0.0,0.0,0.0,0.0,0.0,0.0,0.0,0.0,1.0,1.0,0.0
-0.31175547332894427,-0.45605605286208967,0.8356108398998543,0.18663907629585336,-0.10537111279618155,-0.35418948698466474,-0.6513847719133283,1.1355037762880595,1.4162470485084402,-0.23527048776898607,1.2420736717402057,0.3220359437430076,0.0,0.0,1.0,0.0,0.0,0.0,0.0,0.0,0.0,1.0,1.0,0.0,1.0,0.0,0.0,0.0,0.0,0.0,0.0,0.0,0.0,0.0,0.0,0.0,1.0,0.0,1.0,1.0,0.0
-0.5348467058854599,-0.8887480547532877,1.4085581331681263,1.701571282801654,-0.22382067859997823,-0.35418948698466474,1.6291746045884776,1.485248265904505,-0.3358111558318982,-0.6363371889901227,-1.8257635432615607,0.40439807769262587,0.0,0.0,0.0,1.0,0.0,0.0,0.0,0.0,0.0,1.0,0.0,0.0,0.0,1.0,0.0,0.0,0.0,0.0,0.0,0.0,0.0,0.0,0.0,0.0,1.0,1.0,0.0,1.0,0.0
2.2537937010709856,0.18227175190809353,0.18107295107122756,1.047992008623386,1.7577627212133093,-0.35418948698466474,0.4888949163375746,0.6108870418633914,-0.3358111558318982,-0.3856057568556433,-1.5201860487135472,-0.08977472600508395,1.0,0.0,0.0,0.0,1.0,0.0,0.0,1.0,0.0,0.0,0.0,1.0,0.0,1.0,0.0,0.0,0.0,0.0,0.0,0.0,0.0,0.0,0.0,0.0,0.0,0.0,1.0,0.0,0.0
-0.5348467058854599,-0.0319322094241827,-0.4508008834350784,-0.618231696534792,-0.44210850887925857,-0.35418948698466474,-0.6513847719133283,-0.6132186717941674,-0.3358111558318982,-0.02398965452776097,0.37761102268990426,0.40439807769262587,0.0,1.0,0.0,0.0,0.0,0.0,0.0,1.0,0.0,0.0,1.0,0.0,0.0,1.0,0.0,0.0,0.0,0.0,0.0,0.0,0.0,0.0,0.0,0.0,0.0,0.0,1.0,1.0,0.0
-1.1148839105324004,-0.8887480547532877,-1.2404165360247374,-0.2147877001284535,-1.0710394825453513,-0.35418948698466474,0.4888949163375746,-1.1378354062188356,-0.3358111558318982,-0.5172947910168236,0.5706073350360181,-1.5722931370982134,0.0,0.0,1.0,0.0,0.0,0.0,0.0,0.0,0.0,1.0,1.0,0.0,1.0,0.0,0.0,0.0,0.0,0.0,0.0,0.0,0.0,0.0,0.0,0.0,1.0,1.0,0.0,0.0,1.0
0.3575182243406026,0.610679674572646,-0.38734153133257987,-1.4089819294912156,0.42695834445152514,-0.35418948698466474,-0.6513847719133283,-0.9629631614106129,-0.3358111558318982,0.09172922472039521,-0.24560623592775463,-1.2428446012997403,0.0,0.0,0.0,0.0,0.0,0.0,0.0,0.0,0.0,1.0,0.0,0.0,1.0,0.0,0.0,0.0,0.0,0.0,0.0,0.0,0.0,0.0,0.0,0.0,1.0,0.0,1.0,1.0,0.0
-0.5348467058854599,-0.6209931030879423,0.30436540658465305,0.4549293339060685,-0.343657422142531,-0.35418948698466474,-0.6513847719133283,-0.26347418217772206,-0.3358111558318982,-0.41301399569286046,1.230011402218573,-0.4192232618035572,0.0,0.0,1.0,0.0,0.0,0.0,0.0,1.0,0.0,0.0,1.0,0.0,0.0,1.0,0.0,0.0,0.0,0.0,0.0,0.0,0.0,0.0,0.0,0.0,1.0,0.0,1.0,1.0,0.0
0.5806094568971182,-1.3103014506552073,-0.18789785329615627,1.187180187383573,0.31132166684020646,-0.35418948698466474,-0.6513847719133283,-0.9629631614106129,-0.3358111558318982,-0.46606080755260826,1.09732643748062,-1.2428446012997403,1.0,0.0,0.0,1.0,0.0,0.0,0.0,0.0,1.0,0.0,0.0,1.0,1.0,0.0,0.0,0.0,0.0,0.0,0.0,0.0,0.0,0.0,0.0,0.0,0.0,1.0,0.0,1.0,0.0
0.3575182243406026,-0.35859325045590396,0.650672156629716,-1.4170508094193424,0.42568676485766554,-0.35418948698466474,-0.6513847719133283,-0.26347418217772206,-0.3358111558318982,0.0931967524691596,0.5505035524999646,-0.25449899390432057,0.0,0.0,0.0,0.0,0.0,0.0,0.0,0.0,0.0,1.0,0.0,0.0,1.0,0.0,0.0,0.0,0.0,0.0,0.0,0.0,0.0,0.0,0.0,0.0,1.0,0.0,1.0,1.0,0.0
0.02288137550582915,-0.6209931030879423,-0.5006618029441843,0.19672517620601163,0.2910149260534138,-0.35418948698466474,-0.6513847719133283,-1.3127076510270583,-0.3358111558318982,-0.10258871424834747,1.800958826242493,-0.6663096636524121,0.0,0.0,1.0,0.0,0.0,0.0,0.0,1.0,0.0,0.0,0.0,0.0,0.0,0.0,1.0,0.0,0.0,0.0,0.0,0.0,0.0,0.0,0.0,0.0,0.0,0.0,1.0,1.0,0.0
1.6960656196796964,2.4581888410635284,-0.2713015732022971,-0.731196015528567,0.7385724103771281,-0.35418948698466474,-0.6513847719133283,0.6108870418633914,-0.3358111558318982,0.23097171052962753,-0.8044913904300423,1.228019417188809,1.0,1.0,0.0,0.0,0.0,0.0,0.0,1.0,0.0,0.0,1.0,0.0,0.0,1.0,0.0,0.0,0.0,0.0,0.0,0.0,0.0,0.0,0.0,0.0,1.0,0.0,0.0,0.0,0.0
0.5806094568971182,1.52104651023482,0.3324688339443312,-0.4044063784394325,0.8395666563015756,-0.35418948698466474,0.4888949163375746,0.9606315314798368,1.4162470485084402,-0.3190058946102479,-0.7843876078939888,0.3220359437430076,0.0,1.0,0.0,0.0,0.0,0.0,0.0,1.0,0.0,0.0,0.0,0.0,0.0,0.0,1.0,0.0,0.0,0.0,0.0,0.0,0.0,0.0,0.0,0.0,0.0,0.0,0.0,1.0,0.0
-0.6352377605358919,-1.2324115352157583,0.9679689171422082,-0.06349620147607656,-0.508192115045007,-0.35418948698466474,-0.6513847719133283,-0.26347418217772206,1.4162470485084402,-0.4860019199034655,-0.41849876573781475,-0.33686112785393885,0.0,0.0,1.0,0.0,0.0,0.0,0.0,1.0,0.0,0.0,1.0,0.0,0.0,1.0,0.0,0.0,0.0,0.0,0.0,0.0,0.0,0.0,0.0,0.0,1.0,1.0,0.0,0.0,1.0
-1.0897861468697925,-0.6745440934210114,-1.2639871525199513,2.0868602993697074,-0.9317051852302801,-0.35418948698466474,-0.6513847719133283,-1.6624521406435036,-0.3358111558318982,-0.32517814367122755,1.4752775491584262,-1.6546552710478317,0.0,0.0,0.0,0.0,1.0,0.0,0.0,0.0,1.0,0.0,0.0,0.0,0.0,1.0,0.0,0.0,0.0,0.0,0.0,0.0,0.0,0.0,0.0,0.0,1.0,1.0,0.0,0.0,1.0
0.13442699178408696,-0.08548319975725176,-0.19424378850640614,-0.900642494019229,0.26350256756808177,-0.35418948698466474,-0.6513847719133283,1.485248265904505,1.4162470485084402,-0.19750322952872623,-0.8366574424877279,1.228019417188809,0.0,0.0,0.0,0.0,0.0,0.0,0.0,1.0,0.0,0.0,0.0,1.0,0.0,1.0,0.0,0.0,0.0,0.0,0.0,0.0,0.0,0.0,0.0,0.0,1.0,0.0,1.0,1.0,0.0
-0.8694835547202333,-1.1832785015851675,-1.2803052716320225,-0.30354537933784786,-0.7951837761076869,0.9164454439020248,-0.6513847719133283,-0.26347418217772206,-0.3358111558318982,-0.633358970911748,-1.5282275617279686,-1.0781203334005036,0.0,1.0,0.0,0.0,0.0,0.0,0.0,0.0,0.0,1.0,0.0,0.0,1.0,0.0,0.0,0.0,0.0,0.0,0.0,0.0,0.0,0.0,0.0,0.0,1.0,1.0,0.0,0.0,1.0
-0.8694835547202333,0.04839427607542089,-0.7191432866113575,-1.0418478927614476,-0.8414230340662282,0.9164454439020248,-0.6513847719133283,0.08627030743872333,-0.3358111558318982,-0.49472076123435976,-1.0135707288049987,-0.0074125920554656355,0.0,0.0,0.0,0.0,0.0,0.0,0.0,0.0,0.0,1.0,0.0,0.0,1.0,0.0,0.0,0.0,0.0,0.0,0.0,0.0,0.0,0.0,0.0,0.0,0.0,0.0,1.0,0.0,1.0
-1.2041204035550068,-1.263604987084771,0.12939890721633596,-0.2147877001284535,-1.1734209062085545,-0.35418948698466474,1.6291746045884776,-0.9629631614106129,-0.3358111558318982,-0.5703847654574175,-0.15714959276911905,-1.489931003148595,0.0,1.0,0.0,0.0,0.0,0.0,0.0,1.0,0.0,0.0,0.0,1.0,1.0,0.0,0.0,0.0,0.0,0.0,0.0,0.0,0.0,0.0,0.0,0.0,1.0,1.0,0.0,0.0,1.0
0.02288137550582915,0.7713326455718532,1.3160887915330568,0.18865629627788502,0.28989747731941584,-0.35418948698466474,2.7694542928393804,2.8842262243702863,-0.3358111558318982,-0.14769361123242924,-1.089965102442002,1.3927436850880455,0.0,0.0,1.0,0.0,0.0,0.0,0.0,0.0,0.0,1.0,0.0,1.0,0.0,1.0,0.0,0.0,0.0,0.0,0.0,0.0,0.0,0.0,0.0,0.0,1.0,0.0,0.0,1.0,0.0
-1.293356896577613,-0.9958500354194257,-0.3547052931084379,0.9108210498452309,-1.2421632697069194,-0.35418948698466474,-0.6513847719133283,-1.487579895835281,-0.3358111558318982,-0.6096627140272878,-0.8527404685165706,-1.5722931370982134,0.0,0.0,0.0,1.0,0.0,0.0,0.0,0.0,0.0,1.0,0.0,0.0,0.0,0.0,0.0,0.0,0.0,0.0,0.0,1.0,0.0,0.0,0.0,0.0,1.0,1.0,0.0,0.0,1.0
-0.47907389774633097,-1.210053996751702,1.101233556557455,-0.4649229779003834,-0.36546693881297637,-0.35418948698466474,-0.6513847719133283,-0.08860193736949937,-0.3358111558318982,0.0537029909950593,1.0128905508291954,-0.7486717976020304,0.0,1.0,0.0,0.0,0.0,0.0,0.0,0.0,0.0,1.0,0.0,1.0,1.0,0.0,0.0,0.0,0.0,0.0,0.0,0.0,0.0,0.0,0.0,0.0,1.0,1.0,0.0,1.0,0.0
0.02288137550582915,-0.2729116659229935,-0.1208122525020863,-1.0418478927614476,0.12301228880404719,0.9164454439020248,0.4888949163375746,-0.26347418217772206,-0.3358111558318982,-0.0616705876063288,0.9083508816417168,-0.0074125920554656355,0.0,0.0,0.0,0.0,0.0,0.0,0.0,1.0,0.0,0.0,1.0,0.0,0.0,1.0,0.0,0.0,0.0,0.0,0.0,0.0,0.0,0.0,0.0,0.0,0.0,0.0,1.0,1.0,0.0
0.02288137550582915,1.3871690344021474,-1.535049242214909,-0.6000767166965068,-0.4549399029627537,-0.35418948698466474,1.6291746045884776,1.3103760210962823,-0.3358111558318982,-0.3970438407798363,-1.6488502569442898,0.2396738097933893,1.0,1.0,0.0,0.0,0.0,0.0,0.0,1.0,0.0,0.0,1.0,0.0,0.0,1.0,0.0,0.0,0.0,0.0,0.0,0.0,0.0,0.0,0.0,0.0,0.0,0.0,0.0,1.0,0.0
0.02288137550582915,-0.6745440934210114,0.44760222990172116,1.3989882854969002,0.4624469749347057,0.9164454439020248,1.6291746045884776,-0.08860193736949937,1.4162470485084402,-0.5150503368128311,-0.6155158345911391,-0.5839475297027937,0.0,0.0,0.0,1.0,0.0,0.0,0.0,1.0,0.0,0.0,0.0,1.0,0.0,0.0,1.0,0.0,0.0,0.0,0.0,0.0,0.0,0.0,0.0,0.0,0.0,1.0,0.0,1.0,0.0
0.02288137550582915,0.4500267035734388,-0.30937718446379614,-0.7836437350613908,0.15730640512329858,-0.35418948698466474,0.4888949163375746,-0.26347418217772206,1.4162470485084402,-0.43472477385840413,-0.06467219310327302,-0.4192232618035572,0.0,1.0,0.0,0.0,0.0,0.0,0.0,1.0,0.0,0.0,1.0,0.0,1.0,0.0,0.0,0.0,0.0,0.0,0.0,0.0,0.0,0.0,0.0,0.0,0.0,0.0,1.0,1.0,0.0
-0.31175547332894427,1.2532915585694748,-0.4245105804211861,-0.9268663537856409,-0.22647943593259434,0.9164454439020248,-0.6513847719133283,-0.08860193736949937,-0.3358111558318982,-0.5229059265268051,-0.08879673214653729,-0.25449899390432057,0.0,0.0,0.0,0.0,0.0,0.0,0.0,0.0,0.0,1.0,0.0,0.0,1.0,0.0,0.0,0.0,0.0,0.0,0.0,0.0,0.0,0.0,0.0,0.0,1.0,0.0,0.0,1.0,0.0
-0.6463923221637177,-0.8351970644202186,-1.2857446446693792,-1.3242586902458844,-0.6225186803475005,0.9164454439020248,-0.6513847719133283,-1.3127076510270583,-0.3358111558318982,-0.5551915369996215,-0.780366851386778,-0.9957581994508853,0.0,0.0,0.0,0.0,0.0,0.0,0.0,1.0,0.0,0.0,0.0,1.0,0.0,1.0,0.0,0.0,0.0,0.0,0.0,0.0,0.0,0.0,0.0,0.0,0.0,1.0,0.0,0.0,1.0
0.02288137550582915,1.5456799657880318,-1.528703307004659,-0.8300397946481198,0.1511026380138609,-0.35418948698466474,-0.6513847719133283,-0.7880909166023902,-0.3358111558318982,-0.3573774289823519,-1.1824425021078482,-0.4192232618035572,0.0,0.0,0.0,0.0,0.0,0.0,0.0,1.0,0.0,0.0,0.0,0.0,0.0,1.0,0.0,0.0,0.0,0.0,0.0,0.0,0.0,0.0,0.0,0.0,0.0,0.0,0.0,1.0,0.0
-0.31175547332894427,-1.1297275112520984,1.0114839014410644,1.4796770847781684,-0.45016184630703776,-0.35418948698466474,0.4888949163375746,-0.4383464269859448,-0.3358111558318982,-0.449745351992816,-0.442623304781079,0.7338466134910991,1.0,0.0,0.0,1.0,0.0,0.0,0.0,0.0,0.0,1.0,0.0,1.0,0.0,0.0,0.0,0.0,0.0,0.0,0.0,1.0,0.0,0.0,0.0,0.0,1.0,1.0,0.0,1.0,0.0
-1.0256474175097943,-0.7227935357111066,0.09404298247351535,-0.6303350164269823,-0.989696921253284,-0.35418948698466474,-0.6513847719133283,-0.08860193736949937,-0.3358111558318982,-0.5332217833490018,-1.3392520058890656,-0.913396065501267,0.0,1.0,0.0,0.0,0.0,0.0,0.0,1.0,0.0,0.0,1.0,0.0,1.0,0.0,0.0,0.0,0.0,0.0,0.0,0.0,0.0,0.0,0.0,0.0,0.0,1.0,0.0,0.0,1.0
0.5806094568971182,-0.5952886277280692,0.800254915157034,-0.9409868936598628,0.743581663322637,-0.35418948698466474,-0.6513847719133283,-0.7880909166023902,1.4162470485084402,-0.2971224661213202,-0.5833497825334536,-0.08977472600508395,0.0,1.0,0.0,0.0,0.0,0.0,0.0,0.0,0.0,1.0,0.0,1.0,0.0,1.0,0.0,0.0,0.0,0.0,0.0,0.0,0.0,0.0,0.0,0.0,0.0,0.0,1.0,1.0,0.0
2.2537937010709856,1.3871690344021474,-0.14166318247862153,0.5921002926842235,1.5936518881754536,-0.35418948698466474,-0.6513847719133283,-0.6132186717941674,3.1683052528487785,0.1376973733213972,1.4953813316944797,-0.8310339315516487,1.0,0.0,1.0,0.0,0.0,0.0,0.0,1.0,0.0,0.0,1.0,0.0,0.0,1.0,0.0,0.0,0.0,0.0,0.0,0.0,0.0,0.0,0.0,0.0,1.0,0.0,0.0,0.0,0.0
1.6960656196796964,2.4581888410635284,-0.5432702250701475,0.622358592414699,2.3868092930242986,-0.35418948698466474,-0.6513847719133283,-0.7880909166023902,-0.3358111558318982,-0.023514866138454844,0.03584671957699455,-0.17213685995470224,0.0,0.0,1.0,0.0,0.0,0.0,0.0,1.0,0.0,0.0,1.0,0.0,0.0,1.0,0.0,0.0,0.0,0.0,0.0,0.0,0.0,0.0,0.0,0.0,1.0,0.0,0.0,0.0,0.0
1.1383375382884073,0.3161492277407662,2.236249397019284,-0.6666449761035527,1.4117774735385242,-0.35418948698466474,-0.6513847719133283,1.6601205107127277,-0.3358111558318982,0.3941694287083961,-0.13704581023306556,1.0632951492895724,0.0,1.0,0.0,0.0,0.0,0.0,0.0,1.0,0.0,0.0,0.0,1.0,0.0,1.0,0.0,0.0,0.0,0.0,0.0,0.0,0.0,0.0,0.0,0.0,1.0,0.0,1.0,0.0,0.0
-1.5387572523897801,-0.35323815142259707,-1.0364400471238497,-1.1790188515396025,-1.5659151408466394,-0.35418948698466474,-0.6513847719133283,1.1355037762880595,-0.3358111558318982,-0.5234238774969573,-1.2588368757448516,0.5691223455918625,0.0,0.0,0.0,0.0,0.0,0.0,0.0,0.0,0.0,1.0,0.0,0.0,0.0,0.0,0.0,0.0,0.0,0.0,0.0,1.0,0.0,0.0,0.0,0.0,1.0,0.0,1.0,0.0,1.0
-0.20020985705068647,-0.21936067558992442,0.06593955511383758,-0.5214051373972707,-0.05786027524378021,-0.35418948698466474,-0.6513847719133283,-0.7880909166023902,-0.3358111558318982,-0.2035028282663218,0.6831885172379177,-0.33686112785393885,0.0,1.0,0.0,0.0,0.0,0.0,0.0,0.0,1.0,0.0,1.0,0.0,0.0,1.0,0.0,0.0,0.0,0.0,0.0,0.0,0.0,0.0,0.0,0.0,1.0,0.0,1.0,1.0,0.0
0.5806094568971182,2.4581888410635284,-1.6909779359524764,0.5981519526303185,0.18963535297931197,-0.35418948698466474,0.4888949163375746,-1.8373243854517263,-0.3358111558318982,-0.7069511712541972,-1.4357501620621227,-1.5722931370982134,1.0,0.0,1.0,0.0,0.0,0.0,0.0,1.0,0.0,0.0,1.0,0.0,0.0,1.0,0.0,0.0,0.0,0.0,0.0,0.0,0.0,0.0,0.0,0.0,0.0,0.0,0.0,1.0,0.0
-0.7244742535584981,0.3161492277407662,0.28804728747258207,-1.025710132905194,-0.6835159681378096,-0.35418948698466474,-0.6513847719133283,-0.9629631614106129,-0.3358111558318982,-0.3465867837708491,0.3333827011105865,-0.08977472600508395,0.0,0.0,0.0,0.0,0.0,0.0,0.0,0.0,1.0,0.0,0.0,0.0,0.0,1.0,0.0,0.0,0.0,0.0,0.0,0.0,0.0,0.0,0.0,0.0,1.0,0.0,1.0,0.0,1.0
-1.2041204035550068,-1.61168642424972,1.3305937862993427,-0.08770284126045706,-1.168758447697735,-0.35418948698466474,-0.6513847719133283,-0.9629631614106129,-0.3358111558318982,-0.5041733664396362,0.5947318740792822,-0.6663096636524121,0.0,0.0,1.0,0.0,0.0,0.0,0.0,0.0,0.0,1.0,0.0,1.0,0.0,1.0,0.0,0.0,0.0,0.0,0.0,0.0,0.0,0.0,0.0,0.0,1.0,1.0,0.0,0.0,1.0
-0.5710990311758937,-1.210053996751702,0.5065287711397553,0.622358592414699,-0.372017500357103,-0.35418948698466474,-0.6513847719133283,0.26114255224694605,-0.3358111558318982,-0.5450051679199629,-1.5322483182351794,-0.33686112785393885,0.0,0.0,1.0,0.0,0.0,0.0,0.0,1.0,0.0,0.0,1.0,0.0,0.0,1.0,0.0,0.0,0.0,0.0,0.0,0.0,0.0,0.0,0.0,0.0,1.0,1.0,0.0,0.0,1.0
-0.579464952396763,-0.6156380040546354,0.05596737121201645,0.18865629627788502,-0.4211852446530186,0.9164454439020248,0.4888949163375746,-0.6132186717941674,-0.3358111558318982,-0.5206183097419665,-0.024464628031165992,-0.08977472600508395,0.0,0.0,1.0,0.0,0.0,0.0,0.0,0.0,0.0,1.0,0.0,1.0,0.0,1.0,0.0,0.0,0.0,0.0,0.0,0.0,0.0,0.0,0.0,0.0,0.0,0.0,1.0,0.0,1.0
-0.7579379384419755,-0.8351970644202186,0.3506000774021878,-0.9409868936598628,-0.7137256166707233,-0.35418948698466474,-0.6513847719133283,-0.08860193736949937,-0.3358111558318982,-0.2837420660590567,1.6320870529396432,-0.5839475297027937,0.0,0.0,0.0,0.0,0.0,0.0,0.0,0.0,0.0,1.0,0.0,0.0,0.0,1.0,0.0,0.0,0.0,0.0,0.0,0.0,0.0,0.0,0.0,0.0,1.0,1.0,0.0,0.0,1.0
-0.6463923221637177,0.5758715308561512,-0.7581254600457493,-1.243569890964617,-0.6161993150931666,-0.35418948698466474,1.6291746045884776,-0.9629631614106129,-0.3358111558318982,-0.30730883520097885,-0.6476818866488249,-1.489931003148595,0.0,0.0,0.0,0.0,0.0,0.0,0.0,0.0,0.0,1.0,0.0,1.0,0.0,1.0,0.0,0.0,0.0,0.0,0.0,0.0,0.0,0.0,0.0,0.0,1.0,0.0,1.0,0.0,1.0
0.6921550731753761,0.4500267035734388,-0.6094492636913246,-0.9712451933903382,0.8594110045087827,0.9164454439020248,2.7694542928393804,0.7857592866716141,-0.3358111558318982,-0.09529423808537157,0.4379223702980648,-0.4192232618035572,0.0,1.0,0.0,0.0,0.0,0.0,0.0,1.0,0.0,0.0,0.0,0.0,0.0,1.0,0.0,0.0,0.0,0.0,0.0,0.0,0.0,0.0,0.0,0.0,1.0,0.0,1.0,1.0,0.0
-0.20020985705068647,-0.21936067558992442,0.10220204202955084,-0.21680492011048513,-0.5715013657332433,-0.35418948698466474,1.6291746045884776,0.6108870418633914,-0.3358111558318982,0.007648517232365285,-0.3863327136801292,1.3103815511384274,1.0,1.0,0.0,0.0,0.0,0.0,0.0,0.0,1.0,0.0,0.0,0.0,0.0,1.0,0.0,0.0,0.0,0.0,0.0,0.0,0.0,0.0,0.0,0.0,1.0,0.0,1.0,1.0,0.0
-0.5348467058854599,-0.9958500354194257,0.11126766375847932,-0.07358230138623516,-0.3927095682935503,-0.35418948698466474,0.4888949163375746,0.26114255224694605,1.4162470485084402,-0.3595787206054985,-0.23354396640612235,2.6281756943323202,0.0,0.0,1.0,0.0,0.0,0.0,0.0,0.0,0.0,1.0,0.0,1.0,0.0,1.0,0.0,0.0,0.0,0.0,0.0,0.0,0.0,0.0,0.0,0.0,1.0,1.0,0.0,1.0,0.0
1.6960656196796964,1.4139445295686819,0.3197769635238314,-0.618231696534792,0.7702848347936944,-0.35418948698466474,-0.6513847719133283,2.009865000329173,-0.3358111558318982,0.7712808975599965,0.8681433165696097,0.8162087474407175,1.0,1.0,0.0,0.0,0.0,0.0,0.0,0.0,0.0,1.0,1.0,0.0,1.0,0.0,0.0,0.0,0.0,0.0,0.0,0.0,0.0,0.0,0.0,0.0,1.0,0.0,0.0,0.0,0.0
-1.0033382942541427,2.4581888410635284,-0.5061011759815413,1.6935024028735275,-0.8381092205791993,-0.35418948698466474,0.4888949163375746,0.08627030743872333,4.920363457189116,-0.6103533153208239,-1.2708991452664837,-0.33686112785393885,0.0,0.0,0.0,1.0,0.0,0.0,0.0,1.0,0.0,0.0,0.0,1.0,0.0,1.0,0.0,0.0,0.0,0.0,0.0,0.0,0.0,0.0,0.0,0.0,0.0,0.0,0.0,0.0,1.0
-0.31175547332894427,-0.4871156272552697,-0.5804392741587538,1.9537237805556156,-0.3886636332221779,-0.35418948698466474,0.4888949163375746,-0.08860193736949937,-0.3358111558318982,-0.47585871340465286,-0.8125329034444636,-0.33686112785393885,1.0,0.0,0.0,0.0,1.0,0.0,0.0,0.0,0.0,1.0,1.0,0.0,0.0,1.0,0.0,0.0,0.0,0.0,0.0,0.0,0.0,0.0,0.0,0.0,0.0,0.0,1.0,1.0,0.0
1.9191568522362121,1.8155769570667,1.3559775271403414,3.5695169861630016,3.599973290996561,-0.35418948698466474,0.4888949163375746,0.9606315314798368,-0.3358111558318982,5.787981344130194,0.22884303192310843,1.0632951492895724,0.0,0.0,0.0,0.0,0.0,1.0,0.0,0.0,0.0,1.0,1.0,0.0,0.0,1.0,0.0,0.0,0.0,0.0,0.0,0.0,0.0,0.0,0.0,0.0,0.0,0.0,0.0,0.0,0.0
1.6960656196796964,-0.19258518042338987,0.23637324361769046,0.7776845310311392,1.1820454269145049,-0.35418948698466474,-0.6513847719133283,-0.4383464269859448,-0.3358111558318982,0.5421739184293687,1.2983642628411551,-0.25449899390432057,1.0,0.0,1.0,0.0,0.0,0.0,0.0,1.0,0.0,0.0,0.0,1.0,1.0,0.0,0.0,0.0,0.0,0.0,0.0,0.0,0.0,0.0,0.0,0.0,0.0,0.0,1.0,0.0,0.0
0.3212658990501688,-0.1979402794566968,0.7685252391057846,0.4125677142834028,-0.06144381773556718,-0.35418948698466474,1.6291746045884776,0.9606315314798368,-0.3358111558318982,0.1303597345775753,0.019763693548151794,-0.17213685995470224,1.0,0.0,1.0,0.0,0.0,0.0,0.0,1.0,0.0,0.0,0.0,1.0,0.0,1.0,0.0,0.0,0.0,0.0,0.0,0.0,0.0,0.0,0.0,0.0,0.0,0.0,1.0,1.0,0.0
1.6960656196796964,0.5035776939065079,0.04780831165598094,-0.5173706974332074,2.0714190210320815,0.9164454439020248,-0.6513847719133283,0.26114255224694605,-0.3358111558318982,0.4506260844549788,0.3896732922115365,0.40439807769262587,0.0,1.0,0.0,0.0,0.0,0.0,0.0,1.0,0.0,0.0,1.0,0.0,1.0,0.0,0.0,0.0,0.0,0.0,0.0,0.0,0.0,0.0,0.0,0.0,0.0,0.0,1.0,0.0,0.0
1.1383375382884073,0.42325120840690433,-0.5042880516357556,0.1241052568528708,1.5916867197122155,0.9164454439020248,0.4888949163375746,-0.08860193736949937,-0.3358111558318982,-0.3132652713577284,-0.11292127118980128,-0.17213685995470224,0.0,0.0,1.0,0.0,0.0,0.0,0.0,1.0,0.0,0.0,0.0,0.0,0.0,1.0,0.0,0.0,0.0,0.0,0.0,0.0,0.0,0.0,0.0,0.0,0.0,0.0,1.0,0.0,0.0
0.3575182243406026,-0.6209931030879423,0.8963505054836743,3.1600213298105677,0.5044861669620128,-0.35418948698466474,-0.6513847719133283,-1.1378354062188356,-0.3358111558318982,-0.4819014747230944,-0.2697307749710189,-0.913396065501267,1.0,0.0,0.0,0.0,0.0,1.0,0.0,0.0,1.0,0.0,0.0,1.0,0.0,1.0,0.0,0.0,0.0,0.0,0.0,0.0,0.0,0.0,0.0,0.0,1.0,0.0,1.0,1.0,0.0
-1.0925747872767488,-0.19258518042338987,0.9271736193620308,-0.4588713179542885,-1.056512649003376,-0.35418948698466474,-0.6513847719133283,-0.26347418217772206,1.4162470485084402,-0.5589898441140705,-1.375438814453962,0.5691223455918625,0.0,1.0,0.0,0.0,0.0,0.0,0.0,1.0,0.0,0.0,0.0,0.0,0.0,1.0,0.0,0.0,0.0,0.0,0.0,0.0,0.0,0.0,0.0,0.0,1.0,0.0,1.0,0.0,1.0
0.46069791939799104,-1.4250344474438077,0.23093387058033357,1.0883364082640197,0.9675723354168041,-0.35418948698466474,-0.6513847719133283,1.8349927555209502,-0.3358111558318982,-0.6088857875720596,-1.3714180579467514,0.980933015339954,0.0,0.0,0.0,1.0,0.0,0.0,0.0,0.0,0.0,1.0,0.0,0.0,0.0,1.0,0.0,0.0,0.0,0.0,0.0,0.0,0.0,0.0,0.0,0.0,0.0,1.0,0.0,1.0,0.0
-0.9810291709984912,-0.35323815142259707,0.34425414219193795,-0.6000767166965068,-0.9384098776342685,-0.35418948698466474,-0.6513847719133283,-0.08860193736949937,-0.3358111558318982,-0.5483286866451057,-1.0819235894275807,-0.25449899390432057,0.0,1.0,0.0,0.0,0.0,0.0,0.0,1.0,0.0,0.0,1.0,0.0,0.0,1.0,0.0,0.0,0.0,0.0,0.0,0.0,0.0,0.0,0.0,0.0,0.0,0.0,1.0,0.0,1.0
-0.08866424077242865,-0.9958500354194257,0.5246600145976119,2.6718540941588986,-0.06051903257639632,-0.35418948698466474,-0.6513847719133283,0.26114255224694605,-0.3358111558318982,-0.22163111222164653,0.8842263425984528,2.2163650245842286,1.0,0.0,0.0,0.0,1.0,0.0,0.0,0.0,1.0,0.0,0.0,1.0,0.0,1.0,0.0,0.0,0.0,0.0,0.0,0.0,0.0,0.0,0.0,0.0,1.0,1.0,0.0,1.0,0.0
-1.2487386500663098,-0.5406666175883388,0.34697382871061655,-0.2147877001284535,-1.2245923516826738,-0.35418948698466474,2.7694542928393804,0.26114255224694605,-0.3358111558318982,-0.5859664571428276,-1.5804973963217077,0.6514844795414808,0.0,1.0,0.0,0.0,0.0,0.0,0.0,0.0,0.0,1.0,0.0,0.0,0.0,0.0,0.0,0.0,0.0,0.0,0.0,1.0,0.0,0.0,0.0,0.0,0.0,0.0,1.0,0.0,1.0
-1.0925747872767488,-1.1832785015851675,-0.3837152826410086,-1.150777771791159,-1.0873002882607716,-0.35418948698466474,-0.6513847719133283,0.26114255224694605,-0.3358111558318982,-0.5403436091885937,-0.5592252434901893,0.8985708813903357,0.0,0.0,0.0,0.0,0.0,0.0,0.0,0.0,1.0,0.0,0.0,1.0,0.0,1.0,0.0,0.0,0.0,0.0,0.0,0.0,0.0,0.0,0.0,0.0,0.0,1.0,0.0,0.0,1.0
-0.8471744314645817,0.22243499465789535,-0.10993350642737251,-0.9712451933903382,-0.8128317595618635,-0.35418948698466474,-0.6513847719133283,-0.6132186717941674,-0.3358111558318982,-0.315466562980875,1.7446682351415435,-0.08977472600508395,0.0,1.0,0.0,0.0,0.0,0.0,0.0,1.0,0.0,0.0,1.0,0.0,0.0,1.0,0.0,0.0,0.0,0.0,0.0,0.0,0.0,0.0,0.0,0.0,1.0,0.0,1.0,0.0,1.0
-1.0925747872767488,-0.701319588587546,-0.3012181249077606,-0.5314912373074293,-1.0597879297754393,-0.35418948698466474,-0.6513847719133283,-0.4383464269859448,-0.3358111558318982,-0.32996919014513476,-0.37024968765128646,1.0632951492895724,0.0,1.0,0.0,0.0,0.0,0.0,0.0,1.0,0.0,0.0,1.0,0.0,0.0,1.0,0.0,0.0,0.0,0.0,0.0,0.0,0.0,0.0,0.0,0.0,1.0,1.0,0.0,0.0,1.0
1.6960656196796964,0.20904724707462807,-1.4289814679864472,1.3989882854969002,2.6101834416790184,-0.35418948698466474,0.4888949163375746,-0.6132186717941674,-0.3358111558318982,-0.14268675185429194,-0.6356196171271926,-0.5839475297027937,0.0,0.0,0.0,1.0,0.0,0.0,0.0,1.0,0.0,0.0,1.0,0.0,0.0,1.0,0.0,0.0,0.0,0.0,0.0,0.0,0.0,0.0,0.0,0.0,0.0,0.0,1.0,0.0,0.0
-0.6073513564663274,-1.0226255305859604,0.37145100737872305,1.0964052881921462,-0.3739056033904102,0.9164454439020248,-0.6513847719133283,-0.9629631614106129,-0.3358111558318982,-0.2884036247904259,1.085264167958988,-0.6663096636524121,0.0,0.0,0.0,1.0,0.0,0.0,0.0,0.0,0.0,1.0,1.0,0.0,0.0,1.0,0.0,0.0,0.0,0.0,0.0,0.0,0.0,0.0,0.0,0.0,0.0,1.0,0.0,0.0,1.0
-0.8694835547202333,-0.05067505604075687,-0.20965534544558417,-0.7856609550434225,-0.8255475555004623,3.457715305675404,-0.6513847719133283,-0.9629631614106129,-0.3358111558318982,-0.3518957812149085,1.4029039320286336,0.3220359437430076,0.0,1.0,0.0,0.0,0.0,0.0,0.0,0.0,0.0,1.0,1.0,0.0,1.0,0.0,0.0,0.0,0.0,0.0,0.0,0.0,0.0,0.0,0.0,0.0,0.0,0.0,1.0,0.0,1.0
2.2537937010709856,0.9855366069041295,0.7467677469563564,-0.618231696534792,2.6657861493741644,-0.35418948698466474,-0.6513847719133283,1.3103760210962823,-0.3358111558318982,2.50240252755097,0.5384412829783326,0.7338466134910991,0.0,1.0,0.0,0.0,0.0,0.0,0.0,1.0,0.0,0.0,1.0,0.0,0.0,0.0,1.0,0.0,0.0,0.0,0.0,0.0,0.0,0.0,0.0,0.0,1.0,0.0,0.0,0.0,0.0
1.6960656196796964,1.9494544328993726,-0.9530363272177089,-0.01306570192528424,2.2091349443186035,-0.35418948698466474,-0.6513847719133283,1.3103760210962823,-0.3358111558318982,0.02741697925983844,1.8331248783001783,0.4867602116422442,0.0,0.0,1.0,0.0,0.0,0.0,0.0,0.0,0.0,1.0,0.0,1.0,0.0,1.0,0.0,0.0,0.0,0.0,0.0,0.0,0.0,0.0,0.0,0.0,0.0,0.0,0.0,0.0,0.0
-0.22251898030633804,-0.9422990450863568,0.3388147691545807,-0.12804724090109076,-0.03716820730733295,-0.35418948698466474,1.6291746045884776,-0.7880909166023902,-0.3358111558318982,-0.3849151555621071,1.696419157055015,-0.8310339315516487,0.0,1.0,0.0,0.0,0.0,0.0,0.0,0.0,0.0,1.0,0.0,0.0,1.0,0.0,0.0,0.0,0.0,0.0,0.0,0.0,0.0,0.0,0.0,0.0,0.0,1.0,0.0,1.0,0.0
1.024003281603193,-0.623777754585262,-0.578626149812968,-0.10585782109874227,1.4064214261583265,-0.35418948698466474,1.6291746045884776,-1.1378354062188356,-0.3358111558318982,-0.7228350010055292,-2.05092590766536,-0.8310339315516487,0.0,1.0,0.0,0.0,0.0,0.0,0.0,0.0,0.0,1.0,0.0,1.0,0.0,0.0,0.0,0.0,1.0,0.0,0.0,0.0,0.0,0.0,0.0,0.0,1.0,1.0,0.0,1.0,0.0
1.205264908055362,2.3510868603973907,-0.31753624401983166,-0.8199536947379613,0.36191512158984374,-0.35418948698466474,-0.6513847719133283,0.9606315314798368,-0.3358111558318982,-0.18235316365177628,-1.467916214119808,0.6514844795414808,1.0,1.0,0.0,0.0,0.0,0.0,0.0,1.0,0.0,0.0,0.0,0.0,0.0,1.0,0.0,0.0,0.0,0.0,0.0,0.0,0.0,0.0,0.0,0.0,1.0,0.0,0.0,0.0,0.0
0.3212658990501688,0.04839427607542089,-0.12443850119365789,0.7050646116779984,0.7277061847568711,-0.35418948698466474,2.7694542928393804,0.26114255224694605,-0.3358111558318982,0.34246065685487465,0.49421296139901455,1.7221922208865188,0.0,0.0,0.0,1.0,0.0,0.0,0.0,0.0,1.0,0.0,0.0,0.0,0.0,1.0,0.0,0.0,0.0,0.0,0.0,0.0,0.0,0.0,0.0,0.0,0.0,0.0,1.0,1.0,0.0
-1.3156660198332646,0.3161492277407662,-1.2920905798796292,-1.2233976911442999,-1.3283994857995989,-0.35418948698466474,0.4888949163375746,-0.9629631614106129,-0.3358111558318982,0.10420321058489247,-0.7120139907641961,-1.0781203334005036,0.0,0.0,0.0,0.0,0.0,0.0,0.0,1.0,0.0,0.0,0.0,0.0,0.0,0.0,0.0,0.0,0.0,0.0,0.0,1.0,0.0,0.0,0.0,0.0,1.0,0.0,1.0,0.0,1.0
1.6960656196796964,2.0565564135655108,-0.15163536638044267,-0.6666449761035527,2.0311908666081506,-0.35418948698466474,-0.6513847719133283,-0.08860193736949937,-0.3358111558318982,0.7178887850534805,0.6349394391513892,-0.0074125920554656355,0.0,1.0,0.0,0.0,0.0,0.0,0.0,1.0,0.0,0.0,0.0,0.0,1.0,0.0,0.0,0.0,0.0,0.0,0.0,0.0,0.0,0.0,0.0,0.0,1.0,0.0,0.0,0.0,0.0
1.6849110580518705,0.18227175190809353,-0.15526161507201425,2.9724198714816206,1.8873867743570867,-0.35418948698466474,1.6291746045884776,-0.7880909166023902,-0.3358111558318982,0.12703621585243244,0.5223582569494896,-0.08977472600508395,1.0,0.0,0.0,0.0,0.0,1.0,0.0,1.0,0.0,0.0,0.0,1.0,0.0,1.0,0.0,0.0,0.0,0.0,0.0,0.0,0.0,0.0,0.0,0.0,0.0,0.0,1.0,0.0,0.0
-0.5348467058854599,1.2532915585694748,-0.01746416479230339,-0.9813312933004968,-0.47439892402030653,4.728350236562093,-0.6513847719133283,0.08627030743872333,1.4162470485084402,0.1851762122520096,1.5798172183459043,0.5691223455918625,0.0,0.0,0.0,0.0,0.0,0.0,0.0,1.0,0.0,0.0,1.0,0.0,0.0,1.0,0.0,0.0,0.0,0.0,0.0,0.0,0.0,0.0,0.0,0.0,1.0,0.0,0.0,1.0,0.0
0.08980874527278383,1.2265160634029402,-0.43810901301457866,-0.9813312933004968,0.20366126122673633,-0.35418948698466474,0.4888949163375746,0.6108870418633914,1.4162470485084402,-0.3903104781678585,-0.012402358509533713,2.957624230130793,0.0,0.0,0.0,0.0,0.0,0.0,0.0,1.0,0.0,0.0,0.0,1.0,1.0,0.0,0.0,0.0,0.0,0.0,0.0,0.0,0.0,0.0,0.0,0.0,1.0,0.0,0.0,1.0,0.0
-1.3156660198332646,-1.0226255305859604,-1.0799550314227058,-0.2147877001284535,-1.3013880526088177,-0.35418948698466474,0.4888949163375746,-0.7880909166023902,-0.3358111558318982,-0.48121087342955826,-0.2938553140142829,-1.160482467350122,0.0,0.0,1.0,0.0,0.0,0.0,0.0,0.0,0.0,1.0,1.0,0.0,0.0,1.0,0.0,0.0,0.0,0.0,0.0,0.0,0.0,0.0,0.0,0.0,1.0,1.0,0.0,0.0,1.0
-0.9810291709984912,-1.0761765209190293,-0.007491980890481935,-0.7836437350613908,-0.9482357199504585,-0.35418948698466474,-0.6513847719133283,-1.3127076510270583,-0.3358111558318982,-0.37667110262051895,1.5315681402593757,-1.489931003148595,0.0,1.0,0.0,0.0,0.0,0.0,0.0,0.0,0.0,1.0,1.0,0.0,1.0,0.0,0.0,0.0,0.0,0.0,0.0,0.0,0.0,0.0,0.0,0.0,0.0,1.0,0.0,0.0,1.0
-0.8694835547202333,-1.6384619194162544,1.0568120100857061,0.20479405613413856,-0.7624695011020188,-0.35418948698466474,-0.6513847719133283,0.08627030743872333,-0.3358111558318982,-0.5962823139650243,-1.6689540394803433,0.40439807769262587,0.0,0.0,1.0,0.0,0.0,0.0,0.0,0.0,0.0,1.0,0.0,0.0,0.0,1.0,0.0,0.0,0.0,0.0,0.0,0.0,0.0,0.0,0.0,0.0,1.0,1.0,0.0,0.0,1.0
-0.5348467058854599,-0.35323815142259707,-0.12171881467497928,-1.5602734281435924,-0.5248767806250476,-0.35418948698466474,-0.6513847719133283,-0.9629631614106129,-0.3358111558318982,-0.5205751471611205,-0.25766850544938663,-0.8310339315516487,0.0,0.0,0.0,0.0,0.0,0.0,0.0,0.0,0.0,1.0,0.0,0.0,0.0,1.0,0.0,0.0,0.0,0.0,0.0,0.0,0.0,0.0,0.0,0.0,1.0,0.0,1.0,1.0,0.0
0.02288137550582915,-0.5942176079214079,0.7513005578208206,-0.01306570192528424,0.2619227262544982,-0.35418948698466474,0.4888949163375746,0.4360147970551687,-0.3358111558318982,0.12064815388722276,0.5585450655143862,1.4751058190376638,0.0,0.0,1.0,0.0,0.0,0.0,0.0,1.0,0.0,0.0,1.0,0.0,0.0,1.0,0.0,0.0,0.0,0.0,0.0,0.0,0.0,0.0,0.0,0.0,0.0,0.0,1.0,1.0,0.0
-1.2041204035550068,-0.8887480547532877,-1.2250049790855593,-0.9268663537856409,-1.1990066289456143,-0.35418948698466474,-0.6513847719133283,-0.7880909166023902,-0.3358111558318982,-0.522387975556653,0.31327891857453294,-0.8310339315516487,0.0,0.0,0.0,0.0,0.0,0.0,0.0,0.0,0.0,1.0,0.0,0.0,1.0,0.0,0.0,0.0,0.0,0.0,0.0,0.0,0.0,0.0,0.0,0.0,1.0,1.0,0.0,0.0,1.0
-0.5348467058854599,0.4500267035734388,-1.3238202559308783,0.39037829448105427,-0.34970705839210675,-0.35418948698466474,0.4888949163375746,0.4360147970551687,-0.3358111558318982,-0.4169417905498475,-0.7079932342569855,-0.08977472600508395,0.0,0.0,1.0,0.0,0.0,0.0,0.0,0.0,0.0,1.0,1.0,0.0,0.0,1.0,0.0,0.0,0.0,0.0,0.0,0.0,0.0,0.0,0.0,0.0,0.0,0.0,1.0,1.0,0.0
1.6960656196796964,2.4581888410635284,-1.2313509142958092,-0.7009377157980914,0.7470110749545621,-0.35418948698466474,0.4888949163375746,-0.08860193736949937,-0.3358111558318982,3.6352044618545354,-1.2507953627304302,0.40439807769262587,1.0,1.0,0.0,0.0,0.0,0.0,0.0,0.0,0.0,1.0,0.0,0.0,0.0,1.0,0.0,0.0,0.0,0.0,0.0,0.0,0.0,0.0,0.0,0.0,1.0,0.0,0.0,0.0,0.0
-0.5571558291411115,-0.7244107756191653,0.02061144646919583,-0.31564869923003813,-0.4402204058459514,-0.35418948698466474,-0.6513847719133283,-1.3127076510270583,1.4162470485084402,-0.5770749654885492,-0.957280137704049,2.3810892924834652,0.0,1.0,0.0,0.0,0.0,0.0,0.0,1.0,0.0,0.0,0.0,1.0,0.0,0.0,0.0,0.0,0.0,0.0,0.0,1.0,0.0,0.0,0.0,0.0,1.0,1.0,0.0,0.0,1.0
-0.2615599460037283,-1.0226255305859604,0.27535541705208233,-0.09375450120655202,-0.07832114689043473,-0.35418948698466474,0.4888949163375746,1.1355037762880595,-0.3358111558318982,0.19687327166127863,-0.1611703492763298,0.8162087474407175,0.0,0.0,1.0,0.0,0.0,0.0,0.0,1.0,0.0,0.0,0.0,0.0,0.0,1.0,0.0,0.0,0.0,0.0,0.0,0.0,0.0,0.0,0.0,0.0,0.0,1.0,0.0,1.0,0.0
1.155069380730146,-0.35323815142259707,-0.029249473039910153,1.2476967868445232,0.8414547593348827,0.9164454439020248,-0.6513847719133283,0.9606315314798368,-0.3358111558318982,0.11615924547923759,1.274239723797891,1.7221922208865188,1.0,0.0,0.0,0.0,1.0,0.0,0.0,1.0,0.0,0.0,1.0,0.0,1.0,0.0,0.0,0.0,0.0,0.0,0.0,0.0,0.0,0.0,0.0,0.0,0.0,0.0,1.0,0.0,0.0
-1.3156660198332646,-0.08548319975725176,-0.17701910722144215,1.2053351672218582,-1.261352561759714,-0.35418948698466474,-0.6513847719133283,-0.4383464269859448,-0.3358111558318982,0.22328877113903753,1.9014777389227604,0.6514844795414808,0.0,0.0,0.0,1.0,0.0,0.0,0.0,0.0,0.0,1.0,0.0,0.0,0.0,0.0,0.0,0.0,0.0,1.0,0.0,0.0,0.0,0.0,0.0,0.0,0.0,0.0,1.0,0.0,1.0
-0.8137107465811044,-1.0494010257524948,0.8102270990588551,-1.4009130495630886,-0.8046628239891879,-0.35418948698466474,0.4888949163375746,-0.9629631614106129,-0.3358111558318982,0.007001078519675116,0.027805206562573313,-0.6663096636524121,0.0,0.0,0.0,0.0,0.0,0.0,0.0,0.0,0.0,1.0,1.0,0.0,1.0,0.0,0.0,0.0,0.0,0.0,0.0,0.0,0.0,0.0,0.0,0.0,0.0,1.0,0.0,0.0,1.0
0.6921550731753761,0.1287207615750245,-0.4236040182482933,-0.41650969833162277,0.07369041364826975,-0.35418948698466474,-0.6513847719133283,-0.7880909166023902,-0.3358111558318982,0.04485466192162699,1.5959002443747472,-0.5015853957531755,1.0,1.0,0.0,0.0,0.0,0.0,0.0,0.0,0.0,1.0,1.0,0.0,1.0,0.0,0.0,0.0,0.0,0.0,0.0,0.0,0.0,0.0,0.0,0.0,1.0,0.0,1.0,1.0,0.0
0.21250892317886744,-0.7280950837540805,1.3287806619535567,-0.0655134214581082,-0.2299859129944503,-0.35418948698466474,0.4888949163375746,3.4088429587949545,-0.3358111558318982,0.11270623901155669,-0.8165536599516744,1.8869164887857555,1.0,1.0,0.0,0.0,0.0,0.0,0.0,1.0,0.0,0.0,0.0,0.0,1.0,0.0,0.0,0.0,0.0,0.0,0.0,0.0,0.0,0.0,0.0,0.0,0.0,1.0,0.0,1.0,0.0
0.5806094568971182,0.4500267035734388,0.705972449176179,-0.07358230138623516,0.8998703552225064,0.9164454439020248,0.4888949163375746,-0.4383464269859448,-0.3358111558318982,-0.029126001648436307,0.7957696994398172,1.3103815511384274,0.0,0.0,1.0,0.0,0.0,0.0,0.0,1.0,0.0,0.0,0.0,0.0,1.0,0.0,0.0,0.0,0.0,0.0,0.0,0.0,0.0,0.0,0.0,0.0,1.0,0.0,1.0,1.0,0.0
-0.9782405305915347,-0.701319588587546,-0.8841376020778534,1.047992008623386,-0.843041408094777,-0.35418948698466474,0.4888949163375746,-0.08860193736949937,-0.3358111558318982,-0.5612342983180632,-0.41447800923060396,-0.5839475297027937,0.0,0.0,0.0,1.0,0.0,0.0,0.0,0.0,0.0,1.0,0.0,1.0,0.0,0.0,0.0,0.0,1.0,0.0,0.0,0.0,0.0,0.0,0.0,0.0,1.0,1.0,0.0,0.0,1.0
-0.5348467058854599,0.5169654414897752,0.23184043275322622,-1.5622906481256242,-0.5250309114849092,-0.35418948698466474,-0.6513847719133283,0.08627030743872333,-0.3358111558318982,-0.2672107975950344,-0.6597441561704569,0.40439807769262587,0.0,0.0,0.0,0.0,0.0,0.0,0.0,0.0,0.0,1.0,0.0,0.0,1.0,0.0,0.0,0.0,0.0,0.0,0.0,0.0,0.0,0.0,0.0,0.0,0.0,0.0,1.0,1.0,0.0
-0.5348467058854599,-0.754870578920615,0.55910937716754,-0.9833485132825285,-0.47459158759513387,0.9164454439020248,-0.6513847719133283,2.184737245137396,-0.3358111558318982,-0.5445303795306567,-1.4839992401486508,1.8869164887857555,0.0,1.0,0.0,0.0,0.0,0.0,0.0,1.0,0.0,0.0,1.0,0.0,0.0,1.0,0.0,0.0,0.0,0.0,0.0,0.0,0.0,0.0,0.0,0.0,0.0,1.0,0.0,1.0,0.0
1.1383375382884073,-0.4603401320887352,0.5337256363265405,1.8750522012563802,0.9945067031776545,-0.35418948698466474,1.6291746045884776,0.7857592866716141,-0.3358111558318982,-0.51863283102305,-1.335231249381855,-0.5015853957531755,1.0,0.0,0.0,1.0,0.0,0.0,0.0,0.0,0.0,1.0,1.0,0.0,0.0,1.0,0.0,0.0,0.0,0.0,0.0,0.0,0.0,0.0,0.0,0.0,0.0,0.0,1.0,0.0,0.0
0.4132910324797315,-0.35323815142259707,0.008826138221589067,0.7050646116779984,0.0691435532823465,-0.35418948698466474,-0.6513847719133283,0.08627030743872333,1.4162470485084402,-0.009443864782655173,0.31327891857453294,-0.5015853957531755,1.0,0.0,0.0,1.0,0.0,0.0,0.0,0.0,0.0,1.0,1.0,0.0,0.0,1.0,0.0,0.0,0.0,0.0,0.0,0.0,0.0,0.0,0.0,0.0,0.0,0.0,1.0,1.0,0.0
2.3653393173492434,-0.4871156272552697,-1.331979315486914,-0.5314912373074293,1.2908232812619733,-0.35418948698466474,-0.6513847719133283,-1.8373243854517263,-0.3358111558318982,-0.4479325235972835,1.1495962720743589,-1.5722931370982134,1.0,1.0,0.0,0.0,0.0,0.0,0.0,1.0,0.0,0.0,1.0,0.0,0.0,1.0,0.0,0.0,0.0,0.0,0.0,0.0,0.0,0.0,0.0,0.0,1.0,0.0,1.0,0.0,0.0
-0.6463923221637177,-1.4405374591452313,2.067628832861217,0.652616892145174,-0.46106660464226057,-0.35418948698466474,-0.6513847719133283,1.3103760210962823,-0.3358111558318982,-0.06840395021830656,0.6470017086730212,0.3220359437430076,0.0,0.0,0.0,1.0,0.0,0.0,0.0,1.0,0.0,0.0,0.0,1.0,0.0,1.0,0.0,0.0,0.0,0.0,0.0,0.0,0.0,0.0,0.0,0.0,0.0,1.0,0.0,0.0,1.0
-1.3156660198332646,0.24921048982442986,-0.025623224348338892,0.32179281509197677,-1.2865144246321536,-0.35418948698466474,5.050013669341187,-0.26347418217772206,3.1683052528487785,-0.3865121710534095,0.8480395340335563,-0.0074125920554656355,0.0,0.0,1.0,0.0,0.0,0.0,0.0,0.0,0.0,1.0,0.0,1.0,0.0,0.0,0.0,0.0,0.0,0.0,0.0,1.0,0.0,0.0,0.0,0.0,0.0,0.0,1.0,0.0,1.0
1.1383375382884073,2.4581888410635284,-0.6375526910510023,-1.2798798506411873,1.2764120458648944,-0.35418948698466474,-0.6513847719133283,-0.26347418217772206,-0.3358111558318982,3.132446720160196,0.5826696045576502,1.0632951492895724,0.0,0.0,0.0,0.0,0.0,0.0,0.0,0.0,0.0,1.0,1.0,0.0,0.0,1.0,0.0,0.0,0.0,0.0,0.0,0.0,0.0,0.0,0.0,0.0,0.0,0.0,0.0,0.0,0.0
0.6921550731753761,0.4071859113069836,-0.497035554252613,-0.30757981930191153,0.9842570009968442,-0.35418948698466474,0.4888949163375746,0.6108870418633914,-0.3358111558318982,1.7856447100221071,0.341424214125008,0.4867602116422442,0.0,1.0,0.0,0.0,0.0,0.0,0.0,1.0,0.0,0.0,1.0,0.0,0.0,1.0,0.0,0.0,0.0,0.0,0.0,0.0,0.0,0.0,0.0,0.0,0.0,0.0,1.0,1.0,0.0
-0.5348467058854599,-1.5581354339166509,-1.222285292566881,1.2840067465210945,-0.6767727430188556,-0.35418948698466474,-0.6513847719133283,-1.487579895835281,-0.3358111558318982,-0.6267119334614621,0.8359772645119243,-1.73701740499745,1.0,0.0,0.0,1.0,0.0,0.0,0.0,0.0,0.0,1.0,0.0,1.0,1.0,0.0,0.0,0.0,0.0,0.0,0.0,0.0,0.0,0.0,0.0,0.0,1.0,1.0,0.0,1.0,0.0
0.5806094568971182,-0.6209931030879423,-0.3501724822439736,-0.5032501575589855,0.8217260092725717,0.9164454439020248,-0.6513847719133283,-1.3127076510270583,-0.3358111558318982,-0.40179172467289753,0.7193753258028143,-1.160482467350122,0.0,1.0,0.0,0.0,0.0,0.0,0.0,0.0,1.0,0.0,1.0,0.0,0.0,1.0,0.0,0.0,0.0,0.0,0.0,0.0,0.0,0.0,0.0,0.0,1.0,0.0,1.0,1.0,0.0
-1.3156660198332646,0.18227175190809353,-0.12806474988522915,-0.9409868936598628,-1.3209626718112668,-0.35418948698466474,-0.6513847719133283,-0.08860193736949937,-0.3358111558318982,0.4278362417682849,1.2782604803051016,1.1456572832391907,0.0,0.0,0.0,0.0,0.0,0.0,0.0,1.0,0.0,0.0,1.0,0.0,0.0,1.0,0.0,0.0,0.0,0.0,0.0,0.0,0.0,0.0,0.0,0.0,1.0,0.0,1.0,0.0,1.0
-0.20020985705068647,-0.6209931030879423,-0.348359357898188,-0.3196831391941014,-0.034124122825062456,-0.35418948698466474,1.6291746045884776,-0.7880909166023902,1.4162470485084402,-0.3127473203875763,0.7153545692956033,-1.0781203334005036,0.0,1.0,0.0,0.0,0.0,0.0,0.0,1.0,0.0,0.0,1.0,0.0,0.0,1.0,0.0,0.0,0.0,0.0,0.0,0.0,0.0,0.0,0.0,0.0,0.0,0.0,1.0,1.0,0.0
0.13442699178408696,-0.808421569253684,-0.13169099857680042,2.2300829180939576,0.09226318226161716,-0.35418948698466474,0.4888949163375746,0.26114255224694605,-0.3358111558318982,-0.2353136503498321,-0.523038434925293,-0.17213685995470224,1.0,0.0,0.0,0.0,0.0,1.0,0.0,1.0,0.0,0.0,1.0,0.0,0.0,1.0,0.0,0.0,0.0,0.0,0.0,0.0,0.0,0.0,0.0,0.0,0.0,1.0,0.0,1.0,0.0
-0.579464952396763,0.3830879656571025,0.9217342463246738,-0.9712451933903382,-0.5219868270026388,-0.35418948698466474,0.4888949163375746,1.485248265904505,-0.3358111558318982,0.4462235012086857,-0.20941942736285837,1.1456572832391907,0.0,1.0,0.0,0.0,0.0,0.0,0.0,0.0,1.0,0.0,0.0,0.0,0.0,0.0,0.0,0.0,0.0,1.0,0.0,0.0,0.0,0.0,0.0,0.0,1.0,0.0,1.0,0.0,1.0
0.3575182243406026,0.9587611117375949,-1.244949346889202,-0.7291787955465352,0.5345416846350648,-0.35418948698466474,0.4888949163375746,-0.4383464269859448,1.4162470485084402,-0.5611048105755251,-1.1663594760790055,-0.8310339315516487,0.0,1.0,0.0,0.0,0.0,0.0,0.0,1.0,0.0,0.0,1.0,0.0,0.0,1.0,0.0,0.0,0.0,0.0,0.0,0.0,0.0,0.0,0.0,0.0,0.0,0.0,0.0,1.0,0.0
-0.2559826651898154,-1.1800654421651833,0.14571702632840697,-0.4588713179542885,-0.11338591750899532,-0.35418948698466474,1.6291746045884776,-1.487579895835281,-0.3358111558318982,-0.4286820125399625,0.10822033670678737,-1.3252067352493586,0.0,1.0,0.0,0.0,0.0,0.0,0.0,0.0,0.0,1.0,0.0,1.0,0.0,1.0,0.0,0.0,0.0,0.0,0.0,0.0,0.0,0.0,0.0,0.0,1.0,1.0,0.0,1.0,0.0
0.13442699178408696,2.0565564135655108,-1.1153109561655263,0.32179281509197677,0.44136957984860387,2.187080374788714,2.7694542928393804,1.1355037762880595,-0.3358111558318982,0.12332423389967546,-0.3260213660719687,0.4867602116422442,0.0,0.0,1.0,0.0,0.0,0.0,0.0,1.0,0.0,0.0,1.0,0.0,0.0,1.0,0.0,0.0,0.0,0.0,0.0,0.0,0.0,0.0,0.0,0.0,0.0,0.0,0.0,1.0,0.0
0.02288137550582915,-0.9422990450863568,0.256317611421333,-0.30757981930191153,0.2215404409707056,-0.35418948698466474,-0.6513847719133283,-0.08860193736949937,-0.3358111558318982,-0.15110345511926412,1.6481700789684863,-0.4192232618035572,0.0,1.0,0.0,0.0,0.0,0.0,0.0,0.0,0.0,1.0,1.0,0.0,0.0,1.0,0.0,0.0,0.0,0.0,0.0,0.0,0.0,0.0,0.0,0.0,1.0,1.0,0.0,1.0,0.0
2.2537937010709856,0.9052101214045258,0.4349103594812214,3.5695169861630016,2.7403854855472773,-0.35418948698466474,-0.6513847719133283,-0.4383464269859448,-0.3358111558318982,0.3279580296906148,1.8170418522713359,-1.0781203334005036,1.0,0.0,0.0,0.0,0.0,1.0,0.0,1.0,0.0,0.0,0.0,1.0,0.0,1.0,0.0,0.0,0.0,0.0,0.0,0.0,0.0,0.0,0.0,0.0,1.0,0.0,0.0,0.0,0.0
0.3575182243406026,-0.1390341900903208,-0.051913527362231024,0.18865629627788502,-0.0717705853463081,0.9164454439020248,-0.6513847719133283,0.6108870418633914,1.4162470485084402,0.08633390211464381,1.085264167958988,2.051640756684992,1.0,0.0,1.0,0.0,0.0,0.0,0.0,0.0,1.0,0.0,0.0,1.0,1.0,0.0,0.0,0.0,0.0,0.0,0.0,0.0,0.0,0.0,0.0,0.0,0.0,0.0,1.0,1.0,0.0
1.9191568522362121,0.7177816552387841,-0.5287652303038621,1.3989882854969002,1.5808590268069236,0.9164454439020248,-0.6513847719133283,-0.6132186717941674,-0.3358111558318982,-0.21407766057359456,0.5947318740792822,0.40439807769262587,1.0,0.0,0.0,0.0,1.0,0.0,0.0,1.0,0.0,0.0,0.0,1.0,0.0,0.0,0.0,0.0,0.0,0.0,0.0,1.0,0.0,0.0,0.0,0.0,1.0,0.0,0.0,0.0,0.0
-1.4829844442506512,-0.6477685982544769,-0.8197716878024621,0.18865629627788502,-1.4877707948967047,-0.35418948698466474,0.4888949163375746,-0.7880909166023902,1.4162470485084402,-0.26047743498305664,0.1564694147933156,-0.7486717976020304,0.0,0.0,1.0,0.0,0.0,0.0,0.0,0.0,0.0,1.0,1.0,0.0,0.0,1.0,0.0,0.0,0.0,0.0,0.0,0.0,0.0,0.0,0.0,0.0,0.0,1.0,0.0,0.0,1.0
-0.31175547332894427,-0.9155235499198222,-0.1597944259364785,0.39642995442714923,-0.5847566196813584,-0.35418948698466474,-0.6513847719133283,-1.1378354062188356,-0.3358111558318982,-0.4139635724714727,1.7848758002136504,-0.8310339315516487,1.0,0.0,1.0,0.0,0.0,0.0,0.0,1.0,0.0,0.0,0.0,1.0,1.0,0.0,0.0,0.0,0.0,0.0,0.0,0.0,0.0,0.0,0.0,0.0,0.0,1.0,0.0,1.0,0.0
-0.7467833768141497,-0.8351970644202186,-0.9004557211899245,-1.5602734281435924,-0.7453609756573586,-0.35418948698466474,-0.6513847719133283,-0.7880909166023902,-0.3358111558318982,-0.5804848093753842,-1.4478124315837546,-0.6663096636524121,0.0,0.0,0.0,0.0,0.0,0.0,0.0,1.0,0.0,0.0,0.0,0.0,0.0,1.0,0.0,0.0,0.0,0.0,0.0,0.0,0.0,0.0,0.0,0.0,0.0,1.0,0.0,0.0,1.0
0.1316383513771305,-0.5674421127548733,-0.8397160556061045,0.9955442890905617,-0.12247963824084182,-0.35418948698466474,-0.6513847719133283,-1.3127076510270583,-0.3358111558318982,-0.05295174627543452,1.949726817009289,-1.3252067352493586,1.0,0.0,0.0,1.0,0.0,0.0,0.0,1.0,0.0,0.0,0.0,0.0,1.0,0.0,0.0,0.0,0.0,0.0,0.0,0.0,0.0,0.0,0.0,0.0,0.0,0.0,1.0,1.0,0.0
-0.5906195140245888,-1.156503006418633,-0.2141881563100484,1.1064913881023049,-0.3519419558601031,-0.35418948698466474,2.7694542928393804,0.26114255224694605,1.4162470485084402,-0.4010579607985153,-0.9452178681824168,-0.5015853957531755,0.0,0.0,0.0,0.0,1.0,0.0,0.0,0.0,0.0,1.0,1.0,0.0,0.0,0.0,0.0,0.0,0.0,0.0,0.0,1.0,0.0,0.0,0.0,0.0,1.0,1.0,0.0,0.0,1.0
0.13442699178408696,-0.29165451253956765,0.5400715715367903,0.9511654494858647,0.5365068530983028,-0.35418948698466474,0.4888949163375746,0.08627030743872333,-0.3358111558318982,-0.12589650790519355,0.2851336230240582,-0.08977472600508395,0.0,0.0,0.0,1.0,0.0,0.0,0.0,1.0,0.0,0.0,0.0,1.0,0.0,1.0,0.0,0.0,0.0,0.0,0.0,0.0,0.0,0.0,0.0,0.0,0.0,0.0,1.0,1.0,0.0
0.08423146445887095,0.5839041794061115,0.009732700394481722,-0.7291787955465352,0.23240666659096276,-0.35418948698466474,-0.6513847719133283,0.6108870418633914,-0.3358111558318982,0.07882361304743785,-0.5310799479397146,0.40439807769262587,0.0,1.0,0.0,0.0,0.0,0.0,0.0,0.0,1.0,0.0,0.0,0.0,1.0,0.0,0.0,0.0,0.0,0.0,0.0,0.0,0.0,0.0,0.0,0.0,1.0,0.0,1.0,1.0,0.0
-1.1762339994854423,0.5839041794061115,-0.1072138199086939,-0.6666449761035527,-1.1587784745216834,-0.35418948698466474,0.4888949163375746,0.6108870418633914,-0.3358111558318982,1.3342936021153673,0.5344205264711216,1.0632951492895724,0.0,1.0,0.0,0.0,0.0,0.0,0.0,1.0,0.0,0.0,0.0,1.0,0.0,1.0,0.0,0.0,0.0,0.0,0.0,0.0,0.0,0.0,0.0,0.0,1.0,0.0,1.0,0.0,1.0
0.5806094568971182,-0.16045458622354844,-0.19152410198772754,0.8139944907077097,0.233716778899788,0.9164454439020248,-0.6513847719133283,-0.6132186717941674,-0.3358111558318982,-0.242608126512808,0.47812993537017184,-0.5015853957531755,1.0,0.0,0.0,1.0,0.0,0.0,0.0,1.0,0.0,0.0,0.0,1.0,1.0,0.0,0.0,0.0,0.0,0.0,0.0,0.0,0.0,0.0,0.0,0.0,0.0,0.0,1.0,1.0,0.0
0.5806094568971182,-1.0226255305859604,0.13846452894526443,-0.632352236409014,0.7985293148633702,-0.35418948698466474,-0.6513847719133283,1.1355037762880595,1.4162470485084402,-0.07177063152429543,-0.8969687900958884,1.4751058190376638,0.0,1.0,0.0,0.0,0.0,0.0,0.0,1.0,0.0,0.0,1.0,0.0,0.0,1.0,0.0,0.0,0.0,0.0,0.0,0.0,0.0,0.0,0.0,0.0,0.0,1.0,0.0,1.0,0.0
-0.7133196919306724,-0.8351970644202186,1.0758498157164558,-1.025710132905194,-0.6714552283536234,-0.35418948698466474,-0.6513847719133283,-1.487579895835281,-0.3358111558318982,-0.4348110990200961,-0.14910807975469784,-0.4192232618035572,0.0,0.0,0.0,0.0,0.0,0.0,0.0,0.0,0.0,1.0,1.0,0.0,1.0,0.0,0.0,0.0,0.0,0.0,0.0,0.0,0.0,0.0,0.0,0.0,0.0,1.0,0.0,0.0,1.0
-0.4233010896072021,-0.6209931030879423,-0.06097914909115918,-0.31564869923003813,-0.7532987149402415,-0.35418948698466474,-0.6513847719133283,-0.6132186717941674,-0.3358111558318982,-0.6275320224975364,-0.7843876078939888,-0.6663096636524121,1.0,1.0,0.0,0.0,0.0,0.0,0.0,1.0,0.0,0.0,1.0,0.0,0.0,1.0,0.0,0.0,0.0,0.0,0.0,0.0,0.0,0.0,0.0,0.0,0.0,0.0,1.0,1.0,0.0
0.5806094568971182,1.52104651023482,-0.6765348644853941,0.32179281509197677,0.973043980941898,0.9164454439020248,0.4888949163375746,0.26114255224694605,-0.3358111558318982,2.3811588379545245,-0.10085900166816929,1.3103815511384274,0.0,0.0,1.0,0.0,0.0,0.0,0.0,1.0,0.0,0.0,0.0,1.0,0.0,0.0,1.0,0.0,0.0,0.0,0.0,0.0,0.0,0.0,0.0,0.0,1.0,0.0,0.0,1.0,0.0
0.02288137550582915,-0.6076053555046751,0.13121203156212158,-0.38625139860114727,0.21075128078037925,-0.35418948698466474,-0.6513847719133283,-0.9629631614106129,-0.3358111558318982,0.24651023963419158,-0.5632459999974001,-0.9957581994508853,0.0,1.0,0.0,0.0,0.0,0.0,0.0,0.0,0.0,1.0,0.0,0.0,0.0,1.0,0.0,0.0,0.0,0.0,0.0,0.0,0.0,0.0,0.0,0.0,0.0,0.0,1.0,1.0,0.0
-0.5348467058854599,0.7043939076555169,-1.1987146760716672,0.39642995442714923,-0.3491290676676251,-0.35418948698466474,-0.6513847719133283,-1.1378354062188356,-0.3358111558318982,-0.08739548579055151,1.7446682351415435,-0.7486717976020304,0.0,0.0,1.0,0.0,0.0,0.0,0.0,0.0,0.0,1.0,0.0,0.0,0.0,1.0,0.0,0.0,0.0,0.0,0.0,0.0,0.0,0.0,0.0,0.0,0.0,0.0,1.0,1.0,0.0
0.5806094568971182,0.8516591310714567,-0.30847062229090333,0.7938222908873924,1.061938954367194,0.9164454439020248,3.9097339810902834,0.26114255224694605,1.4162470485084402,-0.6826074756570467,-1.849888082304825,-0.5015853957531755,0.0,0.0,0.0,1.0,0.0,0.0,0.0,0.0,0.0,1.0,0.0,1.0,0.0,1.0,0.0,0.0,0.0,0.0,0.0,0.0,0.0,0.0,0.0,0.0,0.0,0.0,0.0,1.0,0.0
0.49137296387451196,-0.35323815142259707,-0.11990569032919364,-1.1790188515396025,0.6062125344708039,-0.35418948698466474,0.4888949163375746,-0.9629631614106129,-0.3358111558318982,-0.44443635454875663,-1.2025462846439017,-0.8310339315516487,0.0,0.0,0.0,0.0,0.0,0.0,0.0,0.0,1.0,0.0,0.0,0.0,0.0,0.0,0.0,0.0,1.0,0.0,0.0,0.0,0.0,0.0,0.0,0.0,1.0,0.0,1.0,1.0,0.0
0.510893446723207,-0.6584787963210907,0.6289146644802881,0.9693204293241499,0.20485577539066513,-0.35418948698466474,-0.6513847719133283,-0.26347418217772206,-0.3358111558318982,-0.4460765326209051,0.1162618497212086,-0.8310339315516487,1.0,0.0,0.0,1.0,0.0,0.0,0.0,0.0,0.0,1.0,0.0,1.0,0.0,1.0,0.0,0.0,0.0,0.0,0.0,0.0,0.0,0.0,0.0,0.0,1.0,1.0,0.0,1.0,0.0
-0.9810291709984912,-1.1886336006184743,-0.5940377067521464,-1.0277273528872257,-0.9612212448938156,-0.35418948698466474,-0.6513847719133283,-1.6624521406435036,-0.3358111558318982,-0.695081461521544,-0.3260213660719687,-1.73701740499745,0.0,0.0,0.0,0.0,0.0,0.0,0.0,0.0,0.0,1.0,1.0,0.0,0.0,1.0,0.0,0.0,0.0,0.0,0.0,0.0,0.0,0.0,0.0,0.0,0.0,1.0,0.0,0.0,1.0
0.5806094568971182,-0.0319322094241827,0.41768567819625746,0.9108210498452309,0.2537152579668571,-0.35418948698466474,0.4888949163375746,0.4360147970551687,-0.3358111558318982,-0.07215909475190953,1.2782604803051016,-0.5839475297027937,1.0,0.0,0.0,1.0,0.0,0.0,0.0,1.0,0.0,0.0,1.0,0.0,0.0,1.0,0.0,0.0,0.0,0.0,0.0,0.0,0.0,0.0,0.0,0.0,0.0,0.0,1.0,1.0,0.0
-0.9252563628593622,-0.06352729372069345,-1.4452995870985181,-0.2147877001284535,-0.8534837738504143,-0.35418948698466474,-0.6513847719133283,-1.487579895835281,-0.3358111558318982,-0.44944321392689396,1.8652909303578644,-0.17213685995470224,0.0,1.0,0.0,0.0,0.0,0.0,0.0,0.0,1.0,0.0,0.0,1.0,1.0,0.0,0.0,0.0,0.0,0.0,0.0,0.0,0.0,0.0,0.0,0.0,1.0,0.0,1.0,0.0,1.0
-1.3156660198332646,-0.7307726332707339,-0.3528921687626522,0.32179281509197677,-1.2865144246321536,2.187080374788714,-0.6513847719133283,-1.1378354062188356,-0.3358111558318982,-0.6611556729765792,1.7808550437064394,-0.6663096636524121,0.0,0.0,1.0,0.0,0.0,0.0,0.0,0.0,0.0,1.0,0.0,0.0,0.0,1.0,0.0,0.0,0.0,0.0,0.0,0.0,0.0,0.0,0.0,0.0,1.0,1.0,0.0,0.0,1.0
-0.31175547332894427,-0.15242193767358808,-0.2250669023847625,0.6344619123068889,-0.5558956161722355,-0.35418948698466474,1.6291746045884776,-0.26347418217772206,-0.3358111558318982,-0.3887134626765561,0.47812993537017184,1.8869164887857555,1.0,0.0,1.0,0.0,0.0,0.0,0.0,0.0,0.0,1.0,1.0,0.0,0.0,1.0,0.0,0.0,0.0,0.0,0.0,0.0,0.0,0.0,0.0,0.0,1.0,0.0,1.0,1.0,0.0
0.07865418364495805,-0.5138911224218042,1.0921679348285267,-0.7836437350613908,0.21872755277822759,-0.35418948698466474,-0.6513847719133283,0.7857592866716141,-0.3358111558318982,-0.07867664445965723,0.03986747608420531,0.40439807769262587,0.0,1.0,0.0,0.0,0.0,0.0,0.0,1.0,0.0,0.0,1.0,0.0,0.0,1.0,0.0,0.0,0.0,0.0,0.0,0.0,0.0,0.0,0.0,0.0,1.0,0.0,1.0,1.0,0.0
-0.5348467058854599,-0.9430487589510197,-0.07911039254901614,-0.2147877001284535,-0.40561802780697626,-0.35418948698466474,1.6291746045884776,0.4360147970551687,1.4162470485084402,-0.26859200018210677,-0.37024968765128646,-0.33686112785393885,0.0,1.0,0.0,0.0,0.0,0.0,0.0,0.0,1.0,0.0,1.0,0.0,1.0,0.0,0.0,0.0,0.0,0.0,0.0,0.0,0.0,0.0,0.0,0.0,0.0,1.0,0.0,1.0,0.0
1.6960656196796964,1.5745975005678892,1.0903548104827412,2.8675244324159728,1.863226762073749,-0.35418948698466474,-0.6513847719133283,-0.7880909166023902,-0.3358111558318982,-0.234925187122218,0.5303997699639111,-0.9957581994508853,1.0,0.0,0.0,0.0,1.0,0.0,0.0,0.0,0.0,1.0,0.0,1.0,1.0,0.0,0.0,0.0,0.0,0.0,0.0,0.0,0.0,0.0,0.0,0.0,0.0,0.0,0.0,0.0,0.0
0.31289997782929946,0.04839427607542089,0.3007391578930818,0.5981519526303185,0.6996543682620229,-0.35418948698466474,-0.6513847719133283,-0.7880909166023902,-0.3358111558318982,0.5272828280374948,0.015742937040941034,-0.5015853957531755,0.0,0.0,1.0,0.0,0.0,0.0,0.0,0.0,0.0,1.0,1.0,0.0,0.0,1.0,0.0,0.0,0.0,0.0,0.0,0.0,0.0,0.0,0.0,0.0,0.0,0.0,1.0,1.0,0.0
-0.7021651303028467,-0.1390341900903208,-0.3166296818469388,-0.08770284126045706,-0.5876851060187327,4.728350236562093,-0.6513847719133283,0.26114255224694605,-0.3358111558318982,-0.5060725199968608,-1.3231689798602229,0.40439807769262587,0.0,0.0,1.0,0.0,0.0,0.0,0.0,1.0,0.0,0.0,1.0,0.0,0.0,1.0,0.0,0.0,0.0,0.0,0.0,0.0,0.0,0.0,0.0,0.0,1.0,0.0,1.0,0.0,1.0
0.24597260806234478,0.9587611117375949,0.43853660817279266,0.759529551192854,0.6442057914267384,-0.35418948698466474,5.050013669341187,-0.4383464269859448,-0.3358111558318982,-0.03171575649919698,1.205886863175309,0.4867602116422442,0.0,0.0,0.0,0.0,1.0,0.0,0.0,1.0,0.0,0.0,0.0,0.0,0.0,0.0,1.0,0.0,0.0,0.0,0.0,0.0,0.0,0.0,0.0,0.0,0.0,0.0,0.0,1.0,0.0
-0.9810291709984912,-1.381417165817523,-0.4489877590892926,-0.6827827359598062,-0.9428411398552954,-0.35418948698466474,-0.6513847719133283,-0.4383464269859448,-0.3358111558318982,-0.426739696401892,0.7636036473821317,-0.08977472600508395,0.0,1.0,0.0,0.0,0.0,0.0,0.0,0.0,0.0,1.0,0.0,0.0,1.0,0.0,0.0,0.0,0.0,0.0,0.0,0.0,0.0,0.0,0.0,0.0,1.0,1.0,0.0,0.0,1.0
1.4172015789840517,0.7177816552387841,1.1991422712298812,-0.7291787955465352,1.706128883159605,-0.35418948698466474,-0.6513847719133283,0.7857592866716141,-0.3358111558318982,0.9677138029901937,-0.18931564482680485,-0.33686112785393885,0.0,1.0,0.0,0.0,0.0,0.0,0.0,0.0,0.0,1.0,0.0,0.0,0.0,1.0,0.0,0.0,0.0,0.0,0.0,0.0,0.0,0.0,0.0,0.0,1.0,0.0,0.0,0.0,0.0
-1.4272116361115224,-0.754870578920615,-0.4290433912856504,0.011140937859095913,-1.4251936657928121,-0.35418948698466474,-0.6513847719133283,-1.3127076510270583,-0.3358111558318982,-0.6587385684492025,-0.5190176784180823,-1.160482467350122,0.0,1.0,0.0,0.0,0.0,0.0,0.0,0.0,0.0,1.0,1.0,0.0,0.0,0.0,0.0,0.0,1.0,0.0,0.0,0.0,0.0,0.0,0.0,0.0,1.0,1.0,0.0,0.0,1.0
-0.5348467058854599,-0.8351970644202186,-1.146134070043883,0.059554217427856576,-0.3804561649345368,-0.35418948698466474,0.4888949163375746,-0.9629631614106129,1.4162470485084402,-0.46243515076154335,-0.8446989555021492,-0.08977472600508395,0.0,0.0,1.0,0.0,0.0,0.0,0.0,1.0,0.0,0.0,0.0,0.0,0.0,1.0,0.0,0.0,0.0,0.0,0.0,0.0,0.0,0.0,0.0,0.0,0.0,1.0,0.0,1.0,0.0
-1.3156660198332646,0.1287207615750245,-0.6982923566348223,2.0868602993697074,-1.235381511873,3.457715305675404,1.6291746045884776,-0.9629631614106129,-0.3358111558318982,-0.6362940264092767,-0.08477597563932653,-0.0074125920554656355,0.0,0.0,0.0,0.0,1.0,0.0,0.0,0.0,0.0,1.0,0.0,0.0,0.0,0.0,0.0,0.0,0.0,0.0,0.0,1.0,0.0,0.0,0.0,0.0,1.0,0.0,1.0,0.0,1.0
-0.6575468837915435,-1.156503006418633,-1.0554778527545994,2.1836868585072287,-0.34196198268405115,-0.35418948698466474,2.7694542928393804,1.485248265904505,-0.3358111558318982,-0.44150129905122787,-0.37024968765128646,0.7338466134910991,0.0,0.0,0.0,0.0,1.0,0.0,0.0,0.0,1.0,0.0,1.0,0.0,0.0,0.0,0.0,0.0,0.0,0.0,0.0,1.0,0.0,0.0,0.0,0.0,0.0,1.0,0.0,0.0,1.0
-0.7579379384419755,-0.7147073361708132,-0.8515013638537114,-0.07358230138623516,-0.6512255529967615,-0.35418948698466474,-0.6513847719133283,-0.26347418217772206,-0.3358111558318982,-0.4814698489146343,-1.037695267848263,-0.5015853957531755,0.0,0.0,1.0,0.0,0.0,0.0,0.0,1.0,0.0,0.0,0.0,1.0,0.0,0.0,1.0,0.0,0.0,0.0,0.0,0.0,0.0,0.0,0.0,0.0,1.0,1.0,0.0,0.0,1.0
-0.6352377605358919,-0.00515671425764817,-0.3293215522674384,-1.1729671915935074,-0.5987054624988517,2.187080374788714,-0.6513847719133283,-0.7880909166023902,-0.3358111558318982,-0.5191939445740481,0.9123716381489279,-0.913396065501267,0.0,0.0,0.0,0.0,0.0,0.0,0.0,1.0,0.0,0.0,1.0,0.0,0.0,0.0,0.0,0.0,0.0,1.0,0.0,0.0,0.0,0.0,0.0,0.0,1.0,0.0,1.0,0.0,1.0
0.30174541620147366,0.035006528492153625,0.21824200015983383,0.8139944907077097,0.7218877447970881,0.9164454439020248,0.4888949163375746,2.009865000329173,-0.3358111558318982,-0.038967070081326875,-1.0939858589492129,1.3103815511384274,0.0,0.0,0.0,1.0,0.0,0.0,0.0,0.0,0.0,1.0,1.0,0.0,0.0,1.0,0.0,0.0,0.0,0.0,0.0,0.0,0.0,0.0,0.0,0.0,0.0,0.0,1.0,1.0,0.0
1.6960656196796964,2.4581888410635284,-1.0591041014461706,-0.8381086745762465,1.9853369357992636,-0.35418948698466474,-0.6513847719133283,0.08627030743872333,-0.3358111558318982,0.9548945164789284,-0.7482007993290924,-0.25449899390432057,0.0,0.0,0.0,0.0,0.0,0.0,0.0,1.0,0.0,0.0,0.0,1.0,1.0,0.0,0.0,0.0,0.0,0.0,0.0,0.0,0.0,0.0,0.0,0.0,1.0,0.0,0.0,0.0,0.0
-0.47907389774633097,-1.0226255305859604,1.0713170048519916,0.39037829448105427,-0.2829298633569801,-0.35418948698466474,-0.6513847719133283,-0.7880909166023902,-0.3358111558318982,-0.2590962323959843,1.459194523129583,-0.7486717976020304,0.0,0.0,1.0,0.0,0.0,0.0,0.0,0.0,1.0,0.0,1.0,0.0,1.0,0.0,0.0,0.0,0.0,0.0,0.0,0.0,0.0,0.0,0.0,0.0,1.0,1.0,0.0,1.0,0.0
-0.9810291709984912,0.4500267035734388,0.4648269111866848,-1.1023644922223983,-0.9651515818202917,-0.35418948698466474,-0.6513847719133283,-0.4383464269859448,-0.3358111558318982,-0.14933378930457766,-0.2777722879854401,0.3220359437430076,0.0,0.0,0.0,0.0,0.0,0.0,0.0,1.0,0.0,0.0,1.0,0.0,0.0,1.0,0.0,0.0,0.0,0.0,0.0,0.0,0.0,0.0,0.0,0.0,0.0,0.0,1.0,0.0,1.0
1.5287471952623095,0.6776184124889824,0.2762619792249753,-1.4170508094193424,1.6571152697235512,-0.35418948698466474,0.4888949163375746,0.26114255224694605,-0.3358111558318982,0.8280828539533472,-0.43860254827386824,0.8985708813903357,0.0,0.0,0.0,0.0,0.0,0.0,0.0,1.0,0.0,0.0,1.0,0.0,0.0,1.0,0.0,0.0,0.0,0.0,0.0,0.0,0.0,0.0,0.0,0.0,1.0,0.0,1.0,0.0,0.0
0.5806094568971182,2.4581888410635284,-1.0545712905817064,-1.5602734281435924,0.6355359305595119,-0.35418948698466474,-0.6513847719133283,-0.7880909166023902,-0.3358111558318982,0.34751067881385794,0.5746280915432286,-0.913396065501267,0.0,0.0,0.0,0.0,0.0,0.0,0.0,0.0,0.0,1.0,1.0,0.0,1.0,0.0,0.0,0.0,0.0,0.0,0.0,0.0,0.0,0.0,0.0,0.0,0.0,0.0,0.0,1.0,0.0
2.594704990821411,-0.754870578920615,5.628605047984274,0.20681127611617023,1.907462318854087,-0.35418948698466474,-0.6513847719133283,2.009865000329173,-0.3358111558318982,3.651563079995174,0.7354583518316568,1.4751058190376638,1.0,0.0,1.0,0.0,0.0,0.0,0.0,1.0,0.0,0.0,0.0,1.0,0.0,1.0,0.0,0.0,0.0,0.0,0.0,0.0,0.0,0.0,0.0,0.0,1.0,1.0,0.0,0.0,0.0
-0.8471744314645817,-0.6906093905209322,-0.41635152086515065,0.18865629627788502,-0.7371920400846829,-0.35418948698466474,0.4888949163375746,-0.4383464269859448,1.4162470485084402,-0.6558035129516738,-1.4196671360332795,-0.33686112785393885,0.0,0.0,1.0,0.0,0.0,0.0,0.0,1.0,0.0,0.0,1.0,0.0,0.0,0.0,1.0,0.0,0.0,0.0,0.0,0.0,0.0,0.0,0.0,0.0,1.0,1.0,0.0,0.0,1.0
-1.2041204035550068,0.07516977124195542,0.19013857280015606,-0.664627756121521,-1.189681711923975,-0.35418948698466474,-0.6513847719133283,0.9606315314798368,1.4162470485084402,-0.002667339589831406,0.3615279966610615,1.1456572832391907,0.0,1.0,0.0,0.0,0.0,0.0,0.0,1.0,0.0,0.0,1.0,0.0,0.0,1.0,0.0,0.0,0.0,0.0,0.0,0.0,0.0,0.0,0.0,0.0,1.0,0.0,1.0,0.0,1.0
0.0005722522501775882,-0.4603401320887352,0.601717799293503,2.766663433314388,0.6358827249942011,-0.35418948698466474,-0.6513847719133283,0.7857592866716141,-0.3358111558318982,-0.2986331564509306,-0.22148169688449035,-0.33686112785393885,0.0,0.0,0.0,0.0,1.0,0.0,0.0,0.0,0.0,1.0,0.0,1.0,0.0,1.0,0.0,0.0,0.0,0.0,0.0,0.0,0.0,0.0,0.0,0.0,1.0,0.0,1.0,1.0,0.0
1.5845200034014384,-0.7356189978958767,1.8944754578386858,-0.2147877001284535,2.0257192210830564,-0.35418948698466474,-0.6513847719133283,0.26114255224694605,-0.3358111558318982,0.6496487447359367,0.2449260579519512,-0.4192232618035572,0.0,1.0,0.0,0.0,0.0,0.0,0.0,0.0,1.0,0.0,0.0,1.0,1.0,0.0,0.0,0.0,0.0,0.0,0.0,0.0,0.0,0.0,0.0,0.0,0.0,1.0,0.0,0.0,0.0
-1.1148839105324004,-0.6209931030879423,-0.661123307546216,-0.2147877001284535,-1.0710394825453513,-0.35418948698466474,-0.6513847719133283,-0.9629631614106129,1.4162470485084402,-0.43576067579870836,0.12430336273563011,-0.6663096636524121,0.0,1.0,0.0,0.0,0.0,0.0,0.0,1.0,0.0,0.0,0.0,0.0,0.0,1.0,0.0,0.0,0.0,0.0,0.0,0.0,0.0,0.0,0.0,0.0,0.0,0.0,1.0,0.0,1.0
-0.6463923221637177,2.3510868603973907,-0.2731146975480827,0.20479405613413856,-0.4988286653084024,-0.35418948698466474,-0.6513847719133283,0.26114255224694605,-0.3358111558318982,0.0628966207152597,0.3333827011105865,-0.0074125920554656355,0.0,0.0,1.0,0.0,0.0,0.0,0.0,1.0,0.0,0.0,1.0,0.0,0.0,1.0,0.0,0.0,0.0,0.0,0.0,0.0,0.0,0.0,0.0,0.0,1.0,0.0,0.0,0.0,1.0
-1.0925747872767488,-0.8887480547532877,-0.18789785329615627,-1.3746891897966766,-1.0970490651470308,3.457715305675404,-0.6513847719133283,-0.26347418217772206,-0.3358111558318982,0.980360439178075,-1.9906145600571994,0.4867602116422442,0.0,0.0,0.0,0.0,0.0,0.0,0.0,1.0,0.0,0.0,0.0,0.0,0.0,1.0,0.0,0.0,0.0,0.0,0.0,0.0,0.0,0.0,0.0,0.0,0.0,1.0,0.0,0.0,1.0
-0.6463923221637177,-0.2595239183397262,-0.38552840698679425,0.18663907629585336,-0.5003314411920552,-0.35418948698466474,-0.6513847719133283,0.9606315314798368,-0.3358111558318982,-0.37408134776975827,-0.8808857640670456,-0.17213685995470224,0.0,0.0,1.0,0.0,0.0,0.0,0.0,0.0,0.0,1.0,1.0,0.0,0.0,1.0,0.0,0.0,0.0,0.0,0.0,0.0,0.0,0.0,0.0,0.0,1.0,0.0,1.0,0.0,1.0
-0.31175547332894427,-0.754870578920615,-0.3474527957252952,1.1690252075452878,0.00618109702879952,-0.35418948698466474,0.4888949163375746,0.08627030743872333,-0.3358111558318982,-0.49666307737243026,-0.6557233996632461,0.07494954189415268,0.0,0.0,0.0,1.0,0.0,0.0,0.0,1.0,0.0,0.0,0.0,0.0,0.0,0.0,0.0,0.0,0.0,0.0,0.0,1.0,0.0,0.0,0.0,0.0,1.0,1.0,0.0,1.0,0.0
-0.353585079433291,-0.701319588587546,-0.3311346766132242,-0.5859561768222848,-0.2367291381134042,-0.35418948698466474,-0.6513847719133283,1.1355037762880595,1.4162470485084402,-0.3045464300268341,0.055950502113048056,0.15731167584377098,0.0,1.0,0.0,0.0,0.0,0.0,0.0,0.0,0.0,1.0,0.0,0.0,1.0,0.0,0.0,0.0,0.0,0.0,0.0,0.0,0.0,0.0,0.0,0.0,0.0,1.0,0.0,1.0,0.0
-0.5348467058854599,-0.21936067558992442,-0.19515035067929878,-1.0418478927614476,-0.4797549714005042,-0.35418948698466474,-0.6513847719133283,-0.08860193736949937,3.1683052528487785,-0.5211362607121186,-0.9251140856463633,-0.4192232618035572,0.0,0.0,0.0,0.0,0.0,0.0,0.0,0.0,0.0,1.0,1.0,0.0,0.0,1.0,0.0,0.0,0.0,0.0,0.0,0.0,0.0,0.0,0.0,0.0,0.0,0.0,1.0,1.0,0.0
0.2710703717249528,-0.6745440934210114,1.260788498986594,2.205876278309577,0.22373680572373628,-0.35418948698466474,-0.6513847719133283,-0.9629631614106129,-0.3358111558318982,-0.5450051679199629,-0.6114950780839287,0.5691223455918625,1.0,0.0,0.0,0.0,0.0,1.0,0.0,1.0,0.0,0.0,0.0,0.0,0.0,1.0,0.0,0.0,0.0,0.0,0.0,0.0,0.0,0.0,0.0,0.0,1.0,1.0,0.0,1.0,0.0
0.21250892317886744,-0.9422990450863568,-0.031062597385695785,0.08779529717630039,0.4981282689927134,-0.35418948698466474,-0.6513847719133283,-0.08860193736949937,-0.3358111558318982,0.32459134838462594,-0.10890051468259081,-0.4192232618035572,0.0,0.0,1.0,0.0,0.0,0.0,0.0,0.0,0.0,1.0,1.0,0.0,0.0,1.0,0.0,0.0,0.0,0.0,0.0,0.0,0.0,0.0,0.0,0.0,0.0,1.0,0.0,1.0,0.0
-0.9810291709984912,-1.1243724122187915,0.4784253437800775,0.39037829448105427,-0.8839246186731207,-0.35418948698466474,-0.6513847719133283,-1.1378354062188356,-0.3358111558318982,-0.43377519707979184,0.3735902661826935,-1.489931003148595,0.0,0.0,1.0,0.0,0.0,0.0,0.0,0.0,0.0,1.0,1.0,0.0,0.0,1.0,0.0,0.0,0.0,0.0,0.0,0.0,0.0,0.0,0.0,0.0,0.0,1.0,0.0,0.0,1.0
-0.9810291709984912,-0.35323815142259707,-0.348359357898188,0.39642995442714923,-0.8835778242384317,-0.35418948698466474,0.4888949163375746,-0.9629631614106129,-0.3358111558318982,-0.5898942519998146,-0.482830869853186,-0.5839475297027937,0.0,0.0,1.0,0.0,0.0,0.0,0.0,1.0,0.0,0.0,0.0,1.0,0.0,1.0,0.0,0.0,0.0,0.0,0.0,0.0,0.0,0.0,0.0,0.0,1.0,0.0,1.0,0.0,1.0
-0.14164840850460111,-0.8887480547532877,-0.26948844885651146,1.9537237805556156,-0.22389774402990906,-0.35418948698466474,-0.6513847719133283,-0.7880909166023902,-0.3358111558318982,-0.4860882450651575,0.5625658220215967,-1.2428446012997403,1.0,0.0,0.0,0.0,1.0,0.0,0.0,0.0,0.0,1.0,0.0,1.0,0.0,1.0,0.0,0.0,0.0,0.0,0.0,0.0,0.0,0.0,0.0,0.0,1.0,1.0,0.0,1.0,0.0
-0.40935788757241987,-1.0686793822723997,-0.36830372570183045,1.3445233459820445,-0.5562038778919592,-0.35418948698466474,-0.6513847719133283,-1.1378354062188356,-0.3358111558318982,0.10372842219558635,0.9606207162354564,-1.2428446012997403,1.0,0.0,0.0,1.0,0.0,0.0,0.0,0.0,0.0,1.0,0.0,1.0,0.0,1.0,0.0,0.0,0.0,0.0,0.0,0.0,0.0,0.0,0.0,0.0,1.0,1.0,0.0,1.0,0.0
0.5806094568971182,-0.21936067558992442,-0.3120968709824746,0.10191583705052229,0.9321993030785198,-0.35418948698466474,-0.6513847719133283,1.8349927555209502,-0.3358111558318982,-0.34248633859047806,-0.28983455750707243,0.5691223455918625,0.0,0.0,1.0,0.0,0.0,0.0,0.0,1.0,0.0,0.0,1.0,0.0,0.0,1.0,0.0,0.0,0.0,0.0,0.0,0.0,0.0,0.0,0.0,0.0,0.0,0.0,1.0,1.0,0.0
-0.5348467058854599,-0.8218093168369514,-0.6792545510040728,-0.8199536947379613,-0.4601032867681243,-0.35418948698466474,0.4888949163375746,1.8349927555209502,-0.3358111558318982,-0.10535111942249219,-0.8808857640670456,1.4751058190376638,0.0,1.0,0.0,0.0,0.0,0.0,0.0,0.0,0.0,1.0,0.0,0.0,1.0,0.0,0.0,0.0,0.0,0.0,0.0,0.0,0.0,0.0,0.0,0.0,0.0,1.0,0.0,1.0,0.0
-1.2598932116941357,2.4581888410635284,0.4494153542475068,0.1241052568528708,-1.2264804547159809,-0.35418948698466474,-0.6513847719133283,1.6601205107127277,-0.3358111558318982,3.295946576404887,0.10017882369236585,1.1456572832391907,0.0,0.0,1.0,0.0,0.0,0.0,0.0,1.0,0.0,0.0,1.0,0.0,1.0,0.0,0.0,0.0,0.0,0.0,0.0,0.0,0.0,0.0,0.0,0.0,0.0,0.0,0.0,0.0,1.0
1.0825647301492782,0.04839427607542089,0.2354666814447978,0.05551977746379328,0.4787077806501262,-0.35418948698466474,-0.6513847719133283,1.3103760210962823,-0.3358111558318982,0.23170547440400974,-0.36220817463686494,0.2396738097933893,1.0,0.0,1.0,0.0,0.0,0.0,0.0,1.0,0.0,0.0,1.0,0.0,0.0,1.0,0.0,0.0,0.0,0.0,0.0,0.0,0.0,0.0,0.0,0.0,0.0,0.0,1.0,1.0,0.0
-0.7579379384419755,-0.35323815142259707,0.26900948184183243,-0.0655134214581082,-0.6506090295573145,-0.35418948698466474,-0.6513847719133283,-0.08860193736949937,-0.3358111558318982,-0.20643788376385055,-0.6557233996632461,0.6514844795414808,0.0,1.0,0.0,0.0,0.0,0.0,0.0,0.0,0.0,1.0,0.0,0.0,0.0,1.0,0.0,0.0,0.0,0.0,0.0,0.0,0.0,0.0,0.0,0.0,0.0,0.0,1.0,0.0,1.0
-0.7244742535584981,-0.5030470468793578,-0.1380369337870503,0.515445933367019,-0.5670315707972511,-0.35418948698466474,-0.6513847719133283,-0.7880909166023902,-0.3358111558318982,-0.5857938068194435,-0.5471629739685573,-1.3252067352493586,0.0,0.0,0.0,1.0,0.0,0.0,0.0,0.0,0.0,1.0,1.0,0.0,0.0,1.0,0.0,0.0,0.0,0.0,0.0,0.0,0.0,0.0,0.0,0.0,0.0,0.0,1.0,0.0,1.0
-1.0925747872767488,1.119414082736802,0.13030546938922893,0.7938222908873924,-0.9984823802654067,-0.35418948698466474,-0.6513847719133283,1.1355037762880595,-0.3358111558318982,0.2105126472086182,0.39771480522595776,1.4751058190376638,0.0,0.0,0.0,1.0,0.0,0.0,0.0,1.0,0.0,0.0,1.0,0.0,0.0,0.0,0.0,0.0,0.0,0.0,0.0,1.0,0.0,0.0,0.0,0.0,1.0,0.0,0.0,0.0,1.0
1.0267919220101493,0.7177816552387841,-0.5332980411683262,-1.5602734281435924,1.0997010150333357,-0.35418948698466474,-0.6513847719133283,0.4360147970551687,-0.3358111558318982,-0.30709302229674884,-1.4076048665116476,0.8985708813903357,0.0,0.0,0.0,0.0,0.0,0.0,0.0,0.0,0.0,1.0,1.0,0.0,0.0,1.0,0.0,0.0,0.0,0.0,0.0,0.0,0.0,0.0,0.0,0.0,1.0,0.0,0.0,1.0,0.0
-0.32291003495677006,-1.0494010257524948,-0.5206061707478267,-0.3196831391941014,-0.17384374728978808,-0.35418948698466474,1.6291746045884776,-1.487579895835281,-0.3358111558318982,-0.13206875696617315,1.7285852091127003,-1.0781203334005036,0.0,1.0,0.0,0.0,0.0,0.0,0.0,0.0,1.0,0.0,0.0,0.0,1.0,0.0,0.0,0.0,0.0,0.0,0.0,0.0,0.0,0.0,0.0,0.0,1.0,1.0,0.0,1.0,0.0
-0.5348467058854599,-0.701319588587546,0.7014396383117146,-0.11392670102686887,-0.3964087089302335,2.187080374788714,1.6291746045884776,-0.26347418217772206,1.4162470485084402,-0.43058116609718705,0.7274168388172352,0.4867602116422442,0.0,1.0,0.0,0.0,0.0,0.0,0.0,0.0,1.0,0.0,1.0,0.0,0.0,1.0,0.0,0.0,0.0,0.0,0.0,0.0,0.0,0.0,0.0,0.0,1.0,1.0,0.0,1.0,0.0
-0.31175547332894427,0.5764070407594818,0.9063226893854955,0.20479405613413856,-0.10336741161797795,2.187080374788714,-0.6513847719133283,0.6108870418633914,1.4162470485084402,0.13739523525547512,1.1174302200166735,0.4867602116422442,0.0,0.0,1.0,0.0,0.0,0.0,0.0,1.0,0.0,0.0,0.0,1.0,0.0,0.0,1.0,0.0,0.0,0.0,0.0,0.0,0.0,0.0,0.0,0.0,1.0,0.0,1.0,1.0,0.0
-0.3480077986193781,0.04839427607542089,0.1837926375899062,-0.01306570192528424,-0.1696822140735194,2.187080374788714,-0.6513847719133283,1.3103760210962823,-0.3358111558318982,1.1130853752795595,0.7434998648460782,2.7928999622315565,0.0,1.0,0.0,0.0,0.0,0.0,0.0,1.0,0.0,0.0,0.0,0.0,1.0,0.0,0.0,0.0,0.0,0.0,0.0,0.0,0.0,0.0,0.0,0.0,0.0,0.0,1.0,1.0,0.0
-1.1148839105324004,0.18227175190809353,-0.9176804024748882,-0.3257347991401967,-1.075894604630998,2.187080374788714,-0.6513847719133283,-1.1378354062188356,-0.3358111558318982,-0.5318837433427754,0.9123716381489279,-0.8310339315516487,0.0,1.0,0.0,0.0,0.0,0.0,0.0,0.0,1.0,0.0,1.0,0.0,0.0,0.0,0.0,0.0,0.0,0.0,0.0,0.0,0.0,0.0,1.0,0.0,1.0,0.0,1.0,0.0,1.0
-0.31175547332894427,-1.156503006418633,1.1157385513237403,2.5730103150393453,-0.30604949233625073,-0.35418948698466474,1.6291746045884776,0.26114255224694605,-0.3358111558318982,-0.3319978314448973,-1.238733093208798,-0.5839475297027937,1.0,0.0,0.0,0.0,1.0,0.0,0.0,0.0,1.0,0.0,0.0,1.0,0.0,1.0,0.0,0.0,0.0,0.0,0.0,0.0,0.0,0.0,0.0,0.0,1.0,1.0,0.0,1.0,0.0
0.5806094568971182,1.172965073069871,-0.46439931602847084,0.20681127611617023,0.11110567987972268,-0.35418948698466474,0.4888949163375746,0.4360147970551687,-0.3358111558318982,-0.20911396377630326,-1.0055292157905773,1.0632951492895724,1.0,0.0,1.0,0.0,0.0,0.0,0.0,1.0,0.0,0.0,0.0,0.0,0.0,1.0,0.0,0.0,0.0,0.0,0.0,0.0,0.0,0.0,0.0,0.0,0.0,0.0,0.0,1.0,0.0
0.13442699178408696,-0.5674421127548733,-0.28308688144990385,-0.01306570192528424,0.39173944297310287,-0.35418948698466474,0.4888949163375746,-0.26347418217772206,-0.3358111558318982,-0.23600425164336827,0.12832411924284087,-0.7486717976020304,0.0,0.0,1.0,0.0,0.0,0.0,0.0,1.0,0.0,0.0,0.0,1.0,0.0,1.0,0.0,0.0,0.0,0.0,0.0,0.0,0.0,0.0,0.0,0.0,0.0,0.0,1.0,1.0,0.0
-0.7579379384419755,0.5035776939065079,1.4692977987519458,0.5114114934029558,-0.6077606505157328,-0.35418948698466474,0.4888949163375746,0.4360147970551687,-0.3358111558318982,-0.2862023331672794,0.059971258620258816,0.4867602116422442,0.0,0.0,0.0,1.0,0.0,0.0,0.0,1.0,0.0,0.0,0.0,1.0,0.0,1.0,0.0,0.0,0.0,0.0,0.0,0.0,0.0,0.0,0.0,0.0,1.0,0.0,1.0,0.0,1.0
-0.5348467058854599,-0.6336579123017132,0.5391650093638973,0.19672517620601163,-0.7880937565540438,-0.35418948698466474,-0.6513847719133283,-0.6132186717941674,-0.3358111558318982,0.1652782624819984,1.4069246885358442,-1.3252067352493586,1.0,0.0,1.0,0.0,0.0,0.0,0.0,0.0,0.0,1.0,0.0,0.0,0.0,1.0,0.0,0.0,0.0,0.0,0.0,0.0,0.0,0.0,0.0,0.0,1.0,1.0,0.0,1.0,0.0
0.3575182243406026,1.2532915585694748,-0.07367101951165893,-1.0821922924020813,0.4782839207855062,-0.35418948698466474,0.4888949163375746,0.08627030743872333,-0.3358111558318982,0.9775980340039303,0.7394791083388678,1.6398300869369005,0.0,0.0,0.0,0.0,0.0,0.0,0.0,0.0,1.0,0.0,0.0,0.0,1.0,0.0,0.0,0.0,0.0,0.0,0.0,0.0,0.0,0.0,0.0,0.0,1.0,0.0,0.0,1.0,0.0
-0.5348467058854599,-0.08548319975725176,-0.1153728794647294,-0.21680492011048513,-0.4058106913818036,-0.35418948698466474,-0.6513847719133283,0.4360147970551687,-0.3358111558318982,0.4849403362275578,1.7366267221271219,-0.5839475297027937,0.0,1.0,0.0,0.0,0.0,0.0,0.0,0.0,0.0,1.0,1.0,0.0,1.0,0.0,0.0,0.0,0.0,0.0,0.0,0.0,0.0,0.0,0.0,0.0,0.0,0.0,1.0,1.0,0.0
0.02288137550582915,2.324311365230856,-1.1270962644131333,-0.11392670102686887,-0.3851956888752874,-0.35418948698466474,-0.6513847719133283,-0.26347418217772206,-0.3358111558318982,-0.09248867033038083,0.14038638876447287,-0.33686112785393885,1.0,1.0,0.0,0.0,0.0,0.0,0.0,1.0,0.0,0.0,0.0,0.0,0.0,1.0,0.0,0.0,0.0,0.0,0.0,0.0,0.0,0.0,0.0,0.0,0.0,0.0,0.0,1.0,0.0
1.1383375382884073,0.4543375582952509,3.6840291871291413,-0.2147877001284535,1.513850635482004,-0.35418948698466474,0.4888949163375746,1.1355037762880595,-0.3358111558318982,-0.21282594572906022,0.8279357514975028,0.980933015339954,0.0,1.0,0.0,0.0,0.0,0.0,0.0,1.0,0.0,0.0,0.0,1.0,0.0,1.0,0.0,0.0,0.0,0.0,0.0,0.0,0.0,0.0,0.0,0.0,1.0,0.0,1.0,0.0,0.0
-0.22251898030633804,0.04839427607542089,0.7241036926340355,1.401005505478932,-0.37852952918626426,7.269620098335473,1.6291746045884776,0.9606315314798368,-0.3358111558318982,-0.6357760754391245,-1.6006011788577612,1.4751058190376638,1.0,0.0,0.0,1.0,0.0,0.0,0.0,1.0,0.0,0.0,0.0,1.0,0.0,0.0,1.0,0.0,0.0,0.0,0.0,0.0,0.0,0.0,0.0,0.0,0.0,0.0,1.0,1.0,0.0
-0.8471744314645817,-1.156503006418633,0.06865924163251619,-0.9833485132825285,-0.813563881146207,-0.35418948698466474,-0.6513847719133283,-1.3127076510270583,-0.3358111558318982,-0.49126775476667883,-0.05260992358164074,-0.9957581994508853,0.0,1.0,0.0,0.0,0.0,0.0,0.0,0.0,0.0,1.0,0.0,0.0,1.0,0.0,0.0,0.0,0.0,0.0,0.0,0.0,0.0,0.0,0.0,0.0,1.0,1.0,0.0,0.0,1.0
0.24597260806234478,-0.1979402794566968,-0.24319814584261915,-0.08972006124248871,-0.2078681346042813,-0.35418948698466474,-0.6513847719133283,1.8349927555209502,1.4162470485084402,0.010022459178895904,-0.39437422669455047,1.0632951492895724,1.0,0.0,1.0,0.0,0.0,0.0,0.0,1.0,0.0,0.0,1.0,0.0,0.0,1.0,0.0,0.0,0.0,0.0,0.0,0.0,0.0,0.0,0.0,0.0,1.0,0.0,1.0,1.0,0.0
0.5806094568971182,-0.4067891417556661,0.03602300340837386,-0.618231696534792,0.8010339413361245,-0.35418948698466474,-0.6513847719133283,-1.3127076510270583,-0.3358111558318982,0.3120741999392827,0.04388823259141607,-0.913396065501267,0.0,1.0,0.0,0.0,0.0,0.0,0.0,1.0,0.0,0.0,1.0,0.0,0.0,1.0,0.0,0.0,0.0,0.0,0.0,0.0,0.0,0.0,0.0,0.0,0.0,0.0,1.0,1.0,0.0
0.3575182243406026,0.04839427607542089,0.46392034901379214,-0.2147877001284535,-0.14278637902763447,-0.35418948698466474,-0.6513847719133283,-0.7880909166023902,-0.3358111558318982,0.5182618486406785,0.4178185877620113,-1.160482467350122,1.0,0.0,1.0,0.0,0.0,0.0,0.0,1.0,0.0,0.0,0.0,1.0,0.0,1.0,0.0,0.0,0.0,0.0,0.0,0.0,0.0,0.0,0.0,0.0,0.0,0.0,1.0,1.0,0.0
0.5359912103858151,0.5839041794061115,-1.1597325026372751,0.9108210498452309,0.2149128139966479,-0.35418948698466474,0.4888949163375746,0.26114255224694605,1.4162470485084402,-0.5049071303140185,-0.3742704441584969,0.3220359437430076,1.0,0.0,0.0,1.0,0.0,0.0,0.0,1.0,0.0,0.0,0.0,1.0,0.0,1.0,0.0,0.0,0.0,0.0,0.0,0.0,0.0,0.0,0.0,0.0,1.0,0.0,1.0,1.0,0.0
0.5248366487579893,-0.4871156272552697,0.9498376736843517,0.39642995442714923,0.9201770960092991,-0.35418948698466474,-0.6513847719133283,-0.08860193736949937,-0.3358111558318982,-0.04949873980775362,0.6429809521658106,-1.0781203334005036,0.0,0.0,1.0,0.0,0.0,0.0,0.0,1.0,0.0,0.0,0.0,0.0,1.0,0.0,0.0,0.0,0.0,0.0,0.0,0.0,0.0,0.0,0.0,0.0,1.0,0.0,1.0,1.0,0.0
-0.780247061697627,-0.3264626562560625,0.36238538564979456,0.08779529717630039,-0.6654826575339784,-0.35418948698466474,-0.6513847719133283,-0.26347418217772206,-0.3358111558318982,0.18379500966493723,0.48617144838459336,-0.08977472600508395,0.0,0.0,1.0,0.0,0.0,0.0,0.0,0.0,1.0,0.0,0.0,0.0,0.0,0.0,0.0,0.0,0.0,0.0,0.0,0.0,0.0,0.0,0.0,0.0,1.0,0.0,1.0,0.0,1.0
-0.5348467058854599,-0.7280950837540805,0.8056942881943909,-0.3257347991401967,-0.4157135991279245,-0.35418948698466474,0.4888949163375746,1.3103760210962823,-0.3358111558318982,-0.19612202694165387,-0.4104572527233935,0.4867602116422442,0.0,1.0,0.0,0.0,0.0,0.0,0.0,1.0,0.0,0.0,1.0,0.0,0.0,1.0,0.0,0.0,0.0,0.0,0.0,0.0,0.0,0.0,0.0,0.0,1.0,1.0,0.0,1.0,0.0
-0.579464952396763,-1.102952016085564,-0.6747217401396085,0.10796749699661724,-0.42835232963659253,-0.35418948698466474,-0.6513847719133283,-1.1378354062188356,-0.3358111558318982,-0.37964932069889373,0.06801277163468034,-1.489931003148595,0.0,0.0,1.0,0.0,0.0,0.0,0.0,1.0,0.0,0.0,1.0,0.0,1.0,0.0,0.0,0.0,0.0,0.0,0.0,0.0,0.0,0.0,0.0,0.0,0.0,1.0,0.0,0.0,1.0
0.13442699178408696,2.4581888410635284,0.46664003553247047,-0.632352236409014,-0.37775887488695525,-0.35418948698466474,-0.6513847719133283,2.184737245137396,-0.3358111558318982,7.351847973342873,0.14038638876447287,1.1456572832391907,1.0,1.0,0.0,0.0,0.0,0.0,0.0,1.0,0.0,0.0,0.0,0.0,0.0,0.0,0.0,0.0,1.0,0.0,0.0,0.0,0.0,0.0,0.0,0.0,1.0,0.0,0.0,1.0,0.0
1.4729743871231806,-0.8887480547532877,-0.20421597240822728,-0.30354537933784786,1.8751333709980735,-0.35418948698466474,-0.6513847719133283,-1.3127076510270583,-0.3358111558318982,-0.4809518979444822,1.4149662015502658,-1.2428446012997403,0.0,1.0,0.0,0.0,0.0,0.0,0.0,0.0,0.0,1.0,0.0,1.0,0.0,1.0,0.0,0.0,0.0,0.0,0.0,0.0,0.0,0.0,0.0,0.0,0.0,1.0,0.0,0.0,0.0
0.5806094568971182,0.4500267035734388,-0.007491980890481935,2.4660976559916663,0.5893737380309018,-0.35418948698466474,-0.6513847719133283,0.08627030743872333,-0.3358111558318982,-0.07915143284896335,0.8198942384830818,0.7338466134910991,1.0,0.0,0.0,0.0,0.0,1.0,0.0,0.0,0.0,1.0,1.0,0.0,0.0,1.0,0.0,0.0,0.0,0.0,0.0,0.0,0.0,0.0,0.0,0.0,1.0,0.0,1.0,1.0,0.0
-0.13049384687677534,0.2706308859576575,0.3641985099955802,-0.11392670102686887,0.07083899274082633,-0.35418948698466474,2.7694542928393804,-0.6132186717941674,1.4162470485084402,-0.6624073878211135,-1.1140896414852663,0.5691223455918625,0.0,1.0,0.0,0.0,0.0,0.0,0.0,1.0,0.0,0.0,1.0,0.0,0.0,0.0,1.0,0.0,0.0,0.0,0.0,0.0,0.0,0.0,0.0,0.0,0.0,0.0,1.0,1.0,0.0
0.3575182243406026,-0.11225869492378629,-0.6964792322890366,0.25724177566696255,-0.05951718198729463,-0.35418948698466474,-0.6513847719133283,-0.08860193736949937,1.4162470485084402,-0.0008113486134529217,-0.14106656674027632,0.07494954189415268,1.0,0.0,1.0,0.0,0.0,0.0,0.0,0.0,0.0,1.0,0.0,1.0,0.0,1.0,0.0,0.0,0.0,0.0,0.0,0.0,0.0,0.0,0.0,0.0,1.0,0.0,1.0,1.0,0.0
-0.5348467058854599,-0.35323815142259707,-0.12353193902076491,-0.18856384036204168,-0.4032289994791183,0.9164454439020248,-0.6513847719133283,0.26114255224694605,-0.3358111558318982,0.4072045281238915,0.42183934426922204,0.4867602116422442,0.0,1.0,0.0,0.0,0.0,0.0,0.0,0.0,1.0,0.0,0.0,0.0,0.0,1.0,0.0,0.0,0.0,0.0,0.0,0.0,0.0,0.0,0.0,0.0,1.0,0.0,1.0,1.0,0.0
-0.5348467058854599,-1.2903804822513056,-0.037408532595945655,0.40248161437324453,-0.3485896096581088,-0.35418948698466474,0.4888949163375746,0.7857592866716141,-0.3358111558318982,-0.3541402354189011,0.49421296139901455,-0.5015853957531755,0.0,0.0,1.0,0.0,0.0,0.0,0.0,0.0,0.0,1.0,0.0,1.0,0.0,1.0,0.0,0.0,0.0,0.0,0.0,0.0,0.0,0.0,0.0,0.0,1.0,1.0,0.0,1.0,0.0
-0.14443704891155756,-1.0494010257524948,0.7204774439424643,0.8139944907077097,-0.3899352128160377,-0.35418948698466474,-0.6513847719133283,-0.26347418217772206,-0.3358111558318982,-0.14437009250728636,-0.6436611301416141,-0.7486717976020304,1.0,0.0,0.0,1.0,0.0,0.0,0.0,0.0,0.0,1.0,0.0,1.0,1.0,0.0,0.0,0.0,0.0,0.0,0.0,0.0,0.0,0.0,0.0,0.0,0.0,1.0,0.0,1.0,0.0
2.594704990821411,2.4581888410635284,-1.1733309352306678,-1.5622906481256242,2.9556677640592532,-0.35418948698466474,-0.6513847719133283,0.26114255224694605,-0.3358111558318982,-0.7228350010055292,-2.05092590766536,0.5691223455918625,0.0,0.0,0.0,0.0,0.0,0.0,0.0,0.0,1.0,0.0,1.0,0.0,0.0,0.0,1.0,0.0,0.0,0.0,0.0,0.0,0.0,0.0,0.0,0.0,0.0,0.0,0.0,0.0,0.0
2.142248084792728,2.190433889398183,-0.557775219836433,0.8906488500249138,1.6039015903562635,-0.35418948698466474,-0.6513847719133283,0.9606315314798368,-0.3358111558318982,0.49516986788806244,1.5637341923170618,0.2396738097933893,1.0,0.0,0.0,1.0,0.0,0.0,0.0,0.0,0.0,1.0,1.0,0.0,0.0,1.0,0.0,0.0,0.0,0.0,0.0,0.0,0.0,0.0,0.0,0.0,1.0,0.0,0.0,0.0,0.0
1.4729743871231806,0.07516977124195542,-1.0255613010491356,3.6179302657317622,1.8712800995015284,-0.35418948698466474,2.7694542928393804,-0.08860193736949937,-0.3358111558318982,3.0675733611486415,-0.8406781989949385,-0.25449899390432057,1.0,0.0,0.0,0.0,0.0,0.0,1.0,0.0,1.0,0.0,1.0,0.0,0.0,0.0,0.0,0.0,1.0,0.0,0.0,0.0,0.0,0.0,0.0,0.0,1.0,0.0,1.0,0.0,0.0
-0.044045994261125536,0.40986346082363706,-0.46893212689293506,-1.4009130495630886,0.005526040874386791,-0.35418948698466474,-0.6513847719133283,-0.08860193736949937,-0.3358111558318982,-0.20086991083471512,-0.8607819815309921,-0.08977472600508395,0.0,0.0,0.0,0.0,0.0,0.0,0.0,1.0,0.0,0.0,0.0,0.0,0.0,1.0,0.0,0.0,0.0,0.0,0.0,0.0,0.0,0.0,0.0,0.0,0.0,0.0,1.0,1.0,0.0
0.02288137550582915,0.4500267035734388,0.3796100669347585,-0.9409868936598628,0.13634460818209318,0.9164454439020248,-0.6513847719133283,0.6108870418633914,-0.3358111558318982,-0.09969682133166471,-0.3220006095647579,-0.0074125920554656355,0.0,1.0,0.0,0.0,0.0,0.0,0.0,1.0,0.0,0.0,1.0,0.0,1.0,0.0,0.0,0.0,0.0,0.0,0.0,0.0,0.0,0.0,0.0,0.0,1.0,0.0,1.0,1.0,0.0
-0.9810291709984912,0.7177816552387841,-1.1252831400673475,-0.9833485132825285,-0.9588707492809231,-0.35418948698466474,1.6291746045884776,0.6108870418633914,1.4162470485084402,-0.4400337713024635,-0.6798479387065104,1.1456572832391907,0.0,1.0,0.0,0.0,0.0,0.0,0.0,0.0,0.0,1.0,1.0,0.0,1.0,0.0,0.0,0.0,0.0,0.0,0.0,0.0,0.0,0.0,0.0,0.0,0.0,0.0,0.0,0.0,1.0
-0.6463923221637177,-1.0494010257524948,1.3133691050143783,-0.05341010156591831,-0.5202913875441589,-0.35418948698466474,2.7694542928393804,0.4360147970551687,-0.3358111558318982,-0.2111857676569118,-0.20941942736285837,0.5691223455918625,0.0,0.0,1.0,0.0,0.0,0.0,0.0,1.0,0.0,0.0,1.0,0.0,0.0,0.0,1.0,0.0,0.0,0.0,0.0,0.0,0.0,0.0,0.0,0.0,0.0,1.0,0.0,0.0,1.0
0.13442699178408696,0.5839041794061115,-0.6212345719389313,0.7050646116779984,0.4990145214369188,-0.35418948698466474,1.6291746045884776,-0.6132186717941674,-0.3358111558318982,-0.31266099522588425,0.4137978312548005,-0.25449899390432057,0.0,0.0,0.0,1.0,0.0,0.0,0.0,0.0,0.0,1.0,1.0,0.0,0.0,1.0,0.0,0.0,0.0,0.0,0.0,0.0,0.0,0.0,0.0,0.0,1.0,0.0,1.0,1.0,0.0
-1.2041204035550068,-0.21936067558992442,-1.0056169332454934,0.20681127611617023,-1.1578922220774779,-0.35418948698466474,2.7694542928393804,0.08627030743872333,1.4162470485084402,-0.6973690783063826,-1.8981371603913535,1.6398300869369005,0.0,0.0,1.0,0.0,0.0,0.0,0.0,1.0,0.0,0.0,0.0,0.0,0.0,1.0,0.0,0.0,0.0,0.0,0.0,0.0,0.0,0.0,0.0,0.0,0.0,0.0,1.0,0.0,1.0
-0.7133196919306724,0.155496256741559,-0.8460619908163544,0.09586417710442699,-0.5864135264248729,0.9164454439020248,-0.6513847719133283,-0.26347418217772206,-0.3358111558318982,-0.07315183411136779,-0.12498354071143356,-0.17213685995470224,0.0,1.0,0.0,0.0,0.0,0.0,0.0,1.0,0.0,0.0,0.0,1.0,1.0,0.0,0.0,0.0,0.0,0.0,0.0,0.0,0.0,0.0,0.0,0.0,1.0,0.0,1.0,0.0,1.0
1.1383375382884073,-0.0319322094241827,1.458419052677232,0.9955442890905617,0.7603819270475737,-0.35418948698466474,-0.6513847719133283,0.7857592866716141,-0.3358111558318982,0.14779741723936385,-0.35014590511523297,0.40439807769262587,1.0,0.0,0.0,1.0,0.0,0.0,0.0,1.0,0.0,0.0,0.0,0.0,0.0,1.0,0.0,0.0,0.0,0.0,0.0,0.0,0.0,0.0,0.0,0.0,1.0,0.0,1.0,0.0,0.0
-0.31175547332894427,0.1466603433366026,-0.6402723775696809,-0.8199536947379613,-0.2150737523028207,-0.35418948698466474,-0.6513847719133283,-0.7880909166023902,-0.3358111558318982,-0.23125636775030703,-1.2105877976583233,-0.5839475297027937,0.0,1.0,0.0,0.0,0.0,0.0,0.0,0.0,0.0,1.0,0.0,0.0,0.0,1.0,0.0,0.0,0.0,0.0,0.0,0.0,0.0,0.0,0.0,0.0,1.0,0.0,1.0,1.0,0.0
-0.9810291709984912,-0.8619725595867531,-0.8832310399049607,-0.30757981930191153,-0.9225343990685028,-0.35418948698466474,-0.6513847719133283,-1.3127076510270583,-0.3358111558318982,-0.09702074131921201,1.418986958057476,-0.8310339315516487,0.0,1.0,0.0,0.0,0.0,0.0,0.0,1.0,0.0,0.0,0.0,1.0,0.0,1.0,0.0,0.0,0.0,0.0,0.0,0.0,0.0,0.0,0.0,0.0,0.0,1.0,0.0,0.0,1.0
0.13442699178408696,0.3429247229073007,0.3007391578930818,-1.1285883519888102,0.23136628328689568,0.9164454439020248,-0.6513847719133283,0.4360147970551687,-0.3358111558318982,0.1276836545651226,-0.5431422174613466,0.8162087474407175,0.0,0.0,0.0,0.0,0.0,0.0,0.0,1.0,0.0,0.0,0.0,1.0,0.0,1.0,0.0,0.0,0.0,0.0,0.0,0.0,0.0,0.0,0.0,0.0,0.0,0.0,1.0,1.0,0.0
-0.9810291709984912,0.4500267035734388,0.22912074623454792,-0.31564869923003813,-0.922996791648088,2.187080374788714,-0.6513847719133283,0.6108870418633914,-0.3358111558318982,-0.054030810796584804,1.0812434114517775,0.07494954189415268,0.0,1.0,0.0,0.0,0.0,0.0,0.0,0.0,1.0,0.0,1.0,0.0,0.0,0.0,1.0,0.0,0.0,0.0,0.0,0.0,0.0,0.0,0.0,0.0,0.0,0.0,1.0,0.0,1.0
-0.5348467058854599,-1.156503006418633,-1.106245334436598,0.622358592414699,-0.7453609756573586,0.9164454439020248,-0.6513847719133283,-0.7880909166023902,-0.3358111558318982,-0.4235888280001332,-0.35014590511523297,-0.7486717976020304,1.0,0.0,1.0,0.0,0.0,0.0,0.0,0.0,1.0,0.0,0.0,0.0,0.0,1.0,0.0,0.0,0.0,0.0,0.0,0.0,0.0,0.0,0.0,0.0,0.0,1.0,0.0,1.0,0.0
-0.20020985705068647,-0.701319588587546,-0.738181092242107,-1.4009130495630886,-0.15885452116822765,-0.35418948698466474,-0.6513847719133283,-0.7880909166023902,-0.3358111558318982,-0.5308910039833172,-0.454685574302711,-0.6663096636524121,0.0,0.0,0.0,0.0,0.0,0.0,0.0,1.0,0.0,0.0,0.0,0.0,1.0,0.0,0.0,0.0,0.0,0.0,0.0,0.0,0.0,0.0,0.0,0.0,0.0,1.0,0.0,1.0,0.0
-0.044045994261125536,-0.299687161089528,-0.25317032974444026,-0.06349620147607656,0.17738194962029852,-0.35418948698466474,-0.6513847719133283,-0.9629631614106129,-0.3358111558318982,0.020985754713782764,1.4672360361440047,-1.160482467350122,0.0,0.0,1.0,0.0,0.0,0.0,0.0,0.0,0.0,1.0,1.0,0.0,0.0,1.0,0.0,0.0,0.0,0.0,0.0,0.0,0.0,0.0,0.0,0.0,0.0,0.0,1.0,1.0,0.0
-0.5348467058854599,-0.1390341900903208,1.0885416861369555,-0.08770284126045706,-0.3939811478874101,0.9164454439020248,-0.6513847719133283,0.6108870418633914,-0.3358111558318982,0.8955028052348168,0.45400539632690756,0.07494954189415268,0.0,0.0,1.0,0.0,0.0,0.0,0.0,1.0,0.0,0.0,0.0,1.0,0.0,1.0,0.0,0.0,0.0,0.0,0.0,0.0,0.0,0.0,0.0,0.0,0.0,0.0,1.0,1.0,0.0
0.6921550731753761,-0.8887480547532877,-1.2231918547397738,-0.7291787955465352,0.0118068734137553,-0.35418948698466474,-0.6513847719133283,-0.9629631614106129,-0.3358111558318982,-0.5633492647795176,-1.7895767346966645,-0.17213685995470224,1.0,1.0,0.0,0.0,0.0,0.0,0.0,0.0,1.0,0.0,1.0,0.0,0.0,1.0,0.0,0.0,0.0,0.0,0.0,0.0,0.0,0.0,0.0,0.0,1.0,1.0,0.0,1.0,0.0
0.6921550731753761,-0.08548319975725176,-0.5704670902569325,-0.618231696534792,0.9253790125296351,2.187080374788714,0.4888949163375746,-0.08860193736949937,-0.3358111558318982,-0.004393842823671857,0.22482227541589767,0.2396738097933893,0.0,1.0,0.0,0.0,0.0,0.0,0.0,1.0,0.0,0.0,1.0,0.0,0.0,1.0,0.0,0.0,0.0,0.0,0.0,0.0,0.0,0.0,0.0,0.0,0.0,0.0,1.0,1.0,0.0
-1.0925747872767488,-0.9690745402528912,1.1737585303888818,-1.0418478927614476,-1.0825222316050556,-0.35418948698466474,0.4888949163375746,0.08627030743872333,-0.3358111558318982,-0.35142099282560235,-1.1583179630645841,-0.25449899390432057,0.0,0.0,0.0,0.0,0.0,0.0,0.0,0.0,0.0,1.0,1.0,0.0,1.0,0.0,0.0,0.0,0.0,0.0,0.0,0.0,0.0,0.0,0.0,0.0,1.0,1.0,0.0,0.0,1.0
0.5806094568971182,0.5035776939065079,0.6497655944568234,0.10191583705052229,0.09037507922831002,-0.35418948698466474,0.4888949163375746,1.3103760210962823,-0.3358111558318982,-0.28270616411875243,-0.08075521913211577,0.07494954189415268,1.0,0.0,1.0,0.0,0.0,0.0,0.0,1.0,0.0,0.0,1.0,0.0,0.0,1.0,0.0,0.0,0.0,0.0,0.0,0.0,0.0,0.0,0.0,0.0,0.0,0.0,1.0,1.0,0.0
-0.8694835547202333,-1.2903804822513056,-0.6638429940648946,-0.15427110066750294,-0.7856276627962551,-0.35418948698466474,-0.6513847719133283,-1.1378354062188356,-0.3358111558318982,-0.4562197391197177,1.5999210008819578,-0.9957581994508853,0.0,0.0,1.0,0.0,0.0,0.0,0.0,0.0,0.0,1.0,0.0,1.0,1.0,0.0,0.0,0.0,0.0,0.0,0.0,0.0,0.0,0.0,0.0,0.0,0.0,1.0,0.0,0.0,1.0
0.02288137550582915,0.7177816552387841,-0.8605669855826398,1.4998492845984848,-0.1381624532317804,-0.35418948698466474,0.4888949163375746,-1.3127076510270583,-0.3358111558318982,-0.2380328929431308,1.9818928690669746,0.07494954189415268,1.0,0.0,0.0,0.0,1.0,0.0,0.0,0.0,0.0,1.0,1.0,0.0,0.0,1.0,0.0,0.0,0.0,0.0,0.0,0.0,0.0,0.0,0.0,0.0,0.0,0.0,0.0,1.0,0.0
0.19019979992321587,-0.5808298603381405,-0.1072138199086939,-1.150777771791159,0.28804790700107413,-0.35418948698466474,-0.6513847719133283,0.4360147970551687,-0.3358111558318982,-0.030334553912124623,-0.09683824516095853,-0.17213685995470224,0.0,0.0,0.0,0.0,0.0,0.0,0.0,0.0,0.0,1.0,1.0,0.0,0.0,1.0,0.0,0.0,0.0,0.0,0.0,0.0,0.0,0.0,0.0,0.0,0.0,0.0,1.0,1.0,0.0
0.5806094568971182,-0.0319322094241827,0.24271917882794034,0.05551977746379328,0.92364504035619,0.9164454439020248,0.4888949163375746,2.009865000329173,-0.3358111558318982,0.05098374840176059,0.051929745605837296,1.228019417188809,0.0,0.0,1.0,0.0,0.0,0.0,0.0,0.0,0.0,1.0,1.0,0.0,0.0,1.0,0.0,0.0,0.0,0.0,0.0,0.0,0.0,0.0,0.0,0.0,1.0,0.0,1.0,1.0,0.0
-1.3156660198332646,-0.9422990450863568,-0.23594564845947663,0.7938222908873924,-1.2731821052541077,-0.35418948698466474,1.6291746045884776,-0.7880909166023902,-0.3358111558318982,-0.5327901575405417,0.44194312680527553,-1.160482467350122,0.0,0.0,0.0,1.0,0.0,0.0,0.0,0.0,0.0,1.0,1.0,0.0,0.0,1.0,0.0,0.0,0.0,0.0,0.0,0.0,0.0,0.0,0.0,0.0,1.0,1.0,0.0,0.0,1.0
1.1383375382884073,0.7177816552387841,-0.656590496681752,-1.168932751629444,1.3006491235781632,-0.35418948698466474,0.4888949163375746,0.08627030743872333,-0.3358111558318982,0.1783565244783398,0.5706073350360181,0.07494954189415268,0.0,0.0,0.0,0.0,0.0,0.0,0.0,1.0,0.0,0.0,1.0,0.0,1.0,0.0,0.0,0.0,0.0,0.0,0.0,0.0,0.0,0.0,0.0,0.0,1.0,0.0,0.0,0.0,0.0
-0.10539608321416732,-1.0761765209190293,-1.051851604063028,0.05551977746379328,0.12139391477549819,0.9164454439020248,-0.6513847719133283,-1.3127076510270583,-0.3358111558318982,-0.4122802318184782,1.0249528203508274,-0.9957581994508853,0.0,0.0,1.0,0.0,0.0,0.0,0.0,0.0,0.0,1.0,1.0,0.0,1.0,0.0,0.0,0.0,0.0,0.0,0.0,0.0,0.0,0.0,0.0,0.0,1.0,1.0,0.0,1.0,0.0
2.2537937010709856,0.8248836359049223,-1.265800276865737,-0.8381086745762465,2.5971208513057302,-0.35418948698466474,0.4888949163375746,-0.6132186717941674,-0.3358111558318982,0.17127786121959396,-0.5511837304757681,-0.17213685995470224,0.0,0.0,0.0,0.0,0.0,0.0,0.0,1.0,0.0,0.0,0.0,1.0,0.0,0.0,0.0,0.0,0.0,0.0,0.0,0.0,0.0,1.0,0.0,0.0,1.0,0.0,0.0,0.0,0.0
0.13442699178408696,2.4046378507304595,-0.6629364318920018,-0.08770284126045706,-0.29445114513165,-0.35418948698466474,-0.6513847719133283,0.26114255224694605,1.4162470485084402,-0.1490748138195016,-1.009549972297788,-0.6663096636524121,1.0,0.0,1.0,0.0,0.0,0.0,0.0,0.0,1.0,0.0,0.0,0.0,0.0,0.0,1.0,0.0,0.0,0.0,0.0,0.0,0.0,0.0,0.0,0.0,1.0,0.0,0.0,1.0,0.0
-1.0507451811724022,-1.61168642424972,-0.6865070483872154,0.38836107449902263,-0.9675020774331841,-0.35418948698466474,-0.6513847719133283,-1.6624521406435036,-0.3358111558318982,-0.5801395087286161,1.4471322536079512,-1.5722931370982134,0.0,0.0,1.0,0.0,0.0,0.0,0.0,0.0,0.0,1.0,0.0,1.0,0.0,1.0,0.0,0.0,0.0,0.0,0.0,0.0,0.0,0.0,0.0,0.0,0.0,1.0,0.0,0.0,1.0
-0.7579379384419755,-0.8351970644202186,0.11489391245005058,2.0868602993697074,-0.48557341136028725,-0.35418948698466474,-0.6513847719133283,-0.7880909166023902,-0.3358111558318982,-0.3544855360656692,0.381631779197115,-0.913396065501267,0.0,0.0,0.0,0.0,1.0,0.0,0.0,0.0,0.0,1.0,1.0,0.0,0.0,1.0,0.0,0.0,0.0,0.0,0.0,0.0,0.0,0.0,0.0,0.0,1.0,1.0,0.0,0.0,1.0
-1.3379751430889162,-0.8351970644202186,0.7422349360918925,-0.08770284126045706,-1.323698494573814,-0.35418948698466474,-0.6513847719133283,-0.08860193736949937,1.4162470485084402,-0.34572353215392887,-0.14106656674027632,0.40439807769262587,0.0,0.0,1.0,0.0,0.0,0.0,0.0,1.0,0.0,0.0,0.0,1.0,0.0,1.0,0.0,0.0,0.0,0.0,0.0,0.0,0.0,0.0,0.0,0.0,1.0,1.0,0.0,0.0,1.0
-1.2041204035550068,-0.08548319975725176,-0.14166318247862153,-0.2147877001284535,-1.1734209062085545,-0.35418948698466474,-0.6513847719133283,0.6108870418633914,-0.3358111558318982,-0.568485611900193,-1.295023684309748,-0.5015853957531755,0.0,1.0,0.0,0.0,0.0,0.0,0.0,1.0,0.0,0.0,1.0,0.0,0.0,1.0,0.0,0.0,0.0,0.0,0.0,0.0,0.0,0.0,0.0,0.0,0.0,0.0,1.0,0.0,1.0
1.9191568522362121,1.6549239860674927,-0.705544854017965,1.187180187383573,1.5092652424011153,-0.35418948698466474,-0.6513847719133283,0.26114255224694605,-0.3358111558318982,0.3689193189134795,0.47410917886296106,0.7338466134910991,1.0,0.0,0.0,1.0,0.0,0.0,0.0,1.0,0.0,0.0,1.0,0.0,0.0,1.0,0.0,0.0,0.0,0.0,0.0,0.0,0.0,0.0,0.0,0.0,0.0,0.0,0.0,0.0,0.0
-0.31175547332894427,-0.5674421127548733,-0.7019186053263936,-0.5173706974332074,-0.1825906735869454,-0.35418948698466474,-0.6513847719133283,-0.26347418217772206,-0.3358111558318982,-0.4025254885472797,-0.5511837304757681,-0.8310339315516487,0.0,1.0,0.0,0.0,0.0,0.0,0.0,0.0,1.0,0.0,0.0,1.0,0.0,1.0,0.0,0.0,0.0,0.0,0.0,0.0,0.0,0.0,0.0,0.0,1.0,0.0,1.0,1.0,0.0
0.02288137550582915,0.9319856165710604,-1.5277967448317664,-0.2147877001284535,-0.3998381205621586,-0.35418948698466474,-0.6513847719133283,-1.487579895835281,-0.3358111558318982,-0.30722251003928686,1.8210626087785464,-1.0781203334005036,1.0,1.0,0.0,0.0,0.0,0.0,0.0,1.0,0.0,0.0,0.0,0.0,0.0,1.0,0.0,0.0,0.0,0.0,0.0,0.0,0.0,0.0,0.0,0.0,1.0,0.0,0.0,1.0,0.0
0.3575182243406026,-0.3264626562560625,0.30708509310333165,-0.38625139860114727,0.5900673269002797,-0.35418948698466474,0.4888949163375746,1.3103760210962823,1.4162470485084402,-0.1689727635895128,0.6630847347018642,1.5574679529872821,0.0,1.0,0.0,0.0,0.0,0.0,0.0,0.0,0.0,1.0,1.0,0.0,1.0,0.0,0.0,0.0,0.0,0.0,0.0,0.0,0.0,0.0,0.0,0.0,1.0,0.0,1.0,1.0,0.0
-0.6910105686750209,-1.0226255305859604,1.1864504008093815,2.524597035470585,-0.35768333038995515,-0.35418948698466474,-0.6513847719133283,1.485248265904505,-0.3358111558318982,-0.5934335836291875,0.10017882369236585,-0.0074125920554656355,0.0,0.0,0.0,0.0,0.0,1.0,0.0,0.0,0.0,1.0,1.0,0.0,0.0,0.0,0.0,1.0,0.0,0.0,0.0,0.0,0.0,0.0,0.0,0.0,0.0,1.0,0.0,0.0,1.0
-0.5348467058854599,0.04839427607542089,-0.5450833494159332,0.19672517620601163,-0.7880937565540438,-0.35418948698466474,-0.6513847719133283,0.4360147970551687,-0.3358111558318982,-0.33182518112151327,0.8641225600623993,1.5574679529872821,1.0,0.0,1.0,0.0,0.0,0.0,0.0,0.0,0.0,1.0,0.0,0.0,1.0,0.0,0.0,0.0,0.0,0.0,0.0,0.0,0.0,0.0,0.0,0.0,0.0,0.0,1.0,1.0,0.0
1.4729743871231806,1.9360666853161053,-0.7853223252325344,0.1241052568528708,0.8067753158659767,5.998985167448784,-0.6513847719133283,0.6108870418633914,-0.3358111558318982,0.2782347365560099,1.0772226549445665,2.298727158533847,1.0,0.0,1.0,0.0,0.0,0.0,0.0,1.0,0.0,0.0,0.0,0.0,0.0,1.0,0.0,0.0,0.0,0.0,0.0,0.0,0.0,0.0,0.0,0.0,1.0,0.0,0.0,0.0,0.0
0.3575182243406026,0.1287207615750245,-0.4743714999302921,-1.0398306727794158,0.4849886131894947,-0.35418948698466474,-0.6513847719133283,0.9606315314798368,-0.3358111558318982,0.21193701237653656,0.3615279966610615,0.2396738097933893,0.0,0.0,0.0,0.0,0.0,0.0,0.0,1.0,0.0,0.0,0.0,0.0,1.0,0.0,0.0,0.0,0.0,0.0,0.0,0.0,0.0,0.0,0.0,0.0,1.0,0.0,1.0,1.0,0.0
-0.5348467058854599,-0.08548319975725176,0.8020680395028196,-0.08770284126045706,-0.3939811478874101,-0.35418948698466474,-0.6513847719133283,-0.4383464269859448,-0.3358111558318982,-0.4585936810662483,0.8802055860912423,-1.160482467350122,0.0,0.0,1.0,0.0,0.0,0.0,0.0,1.0,0.0,0.0,0.0,1.0,0.0,0.0,0.0,0.0,1.0,0.0,0.0,0.0,0.0,0.0,0.0,0.0,1.0,0.0,1.0,1.0,0.0
0.8483189359649369,-0.08548319975725176,-0.5224192950936123,2.2240312581478623,0.8018045956354336,0.9164454439020248,0.4888949163375746,0.26114255224694605,-0.3358111558318982,-0.3859510575024114,1.1857830806392555,0.3220359437430076,1.0,0.0,0.0,0.0,0.0,1.0,0.0,1.0,0.0,0.0,1.0,0.0,0.0,1.0,0.0,0.0,0.0,0.0,0.0,0.0,0.0,0.0,0.0,0.0,1.0,0.0,1.0,1.0,0.0
-0.579464952396763,-0.9958500354194257,0.02061144646919583,-0.5214051373972707,-0.48349264475215303,-0.35418948698466474,1.6291746045884776,0.9606315314798368,1.4162470485084402,-0.42885466286334656,-1.2869821712953264,0.3220359437430076,0.0,1.0,0.0,0.0,0.0,0.0,0.0,0.0,0.0,1.0,0.0,1.0,1.0,0.0,0.0,0.0,0.0,0.0,0.0,0.0,0.0,0.0,0.0,0.0,1.0,1.0,0.0,0.0,1.0
-0.9810291709984912,-0.7345212025940487,-0.6529642479901805,-0.6666449761035527,-0.9419934201260555,-0.35418948698466474,-0.6513847719133283,0.26114255224694605,1.4162470485084402,-0.3957489633544559,0.1886354668510014,-0.0074125920554656355,0.0,1.0,0.0,0.0,0.0,0.0,0.0,1.0,0.0,0.0,1.0,0.0,0.0,1.0,0.0,0.0,0.0,0.0,0.0,0.0,0.0,0.0,0.0,0.0,0.0,1.0,0.0,0.0,1.0
-1.0925747872767488,0.7177816552387841,-0.2549834540902259,-0.31564869923003813,-1.0500391528891804,-0.35418948698466474,-0.6513847719133283,-0.26347418217772206,-0.3358111558318982,-0.556918040233462,-0.2938553140142829,0.7338466134910991,0.0,1.0,0.0,0.0,0.0,0.0,0.0,1.0,0.0,0.0,0.0,1.0,0.0,1.0,0.0,0.0,0.0,0.0,0.0,0.0,0.0,0.0,0.0,0.0,0.0,0.0,0.0,0.0,1.0
-0.8694835547202333,-0.9958500354194257,0.27716854139786795,-1.1790188515396025,-0.8498231659286966,-0.35418948698466474,-0.6513847719133283,0.08627030743872333,-0.3358111558318982,-0.39117372978477877,-1.0457367808626843,-0.08977472600508395,0.0,0.0,0.0,0.0,0.0,0.0,0.0,0.0,1.0,0.0,0.0,0.0,0.0,1.0,0.0,0.0,0.0,0.0,0.0,0.0,0.0,0.0,0.0,0.0,0.0,1.0,0.0,0.0,1.0
0.02288137550582915,2.4581888410635284,0.60715717233086,-0.3257347991401967,-0.41586772998778637,-0.35418948698466474,-0.6513847719133283,1.485248265904505,-0.3358111558318982,2.4245372317047655,0.48617144838459336,1.1456572832391907,1.0,1.0,0.0,0.0,0.0,0.0,0.0,1.0,0.0,0.0,0.0,0.0,0.0,1.0,0.0,0.0,0.0,0.0,0.0,0.0,0.0,0.0,0.0,0.0,1.0,0.0,0.0,1.0,0.0
1.1941103464275362,1.3871690344021474,-0.875978542521818,0.5860486327381286,1.7672803018097758,-0.35418948698466474,0.4888949163375746,-0.4383464269859448,-0.3358111558318982,1.923764968729343,0.7837074299181853,-0.6663096636524121,0.0,0.0,1.0,0.0,0.0,0.0,0.0,1.0,0.0,0.0,0.0,1.0,1.0,0.0,0.0,0.0,0.0,0.0,0.0,0.0,0.0,0.0,0.0,0.0,1.0,0.0,0.0,0.0,0.0
0.5806094568971182,-0.35323815142259707,-0.2722081353751899,-0.2147877001284535,0.8740534361956545,-0.35418948698466474,-0.6513847719133283,0.08627030743872333,-0.3358111558318982,0.8049477106198852,0.9324754206849813,-0.08977472600508395,0.0,1.0,0.0,0.0,0.0,0.0,0.0,1.0,0.0,0.0,1.0,0.0,0.0,1.0,0.0,0.0,0.0,0.0,0.0,0.0,0.0,0.0,0.0,0.0,0.0,0.0,1.0,1.0,0.0
-0.579464952396763,-0.5875237341297742,0.5781471827982891,-1.3242586902458844,-0.5516955502410015,-0.35418948698466474,-0.6513847719133283,-0.08860193736949937,-0.3358111558318982,-0.49938231996572896,-1.3875010839755941,-0.17213685995470224,0.0,0.0,0.0,0.0,0.0,0.0,0.0,1.0,0.0,0.0,1.0,0.0,0.0,1.0,0.0,0.0,0.0,0.0,0.0,0.0,0.0,0.0,0.0,0.0,0.0,0.0,1.0,0.0,1.0
1.1383375382884073,0.02161878090888636,0.4403497325185783,-0.41650969833162277,1.468035237388083,-0.35418948698466474,0.4888949163375746,0.4360147970551687,-0.3358111558318982,-0.15071499189165002,-2.014739099100464,0.3220359437430076,0.0,1.0,0.0,0.0,0.0,0.0,0.0,1.0,0.0,0.0,0.0,0.0,0.0,0.0,1.0,0.0,0.0,0.0,0.0,0.0,0.0,0.0,0.0,0.0,1.0,0.0,1.0,0.0,0.0
-0.7579379384419755,0.3161492277407662,-0.8161454391108909,-1.0418478927614476,-0.7208541689393317,-0.35418948698466474,-0.6513847719133283,-0.6132186717941674,3.1683052528487785,-0.4924331444495212,0.3896732922115365,-0.33686112785393885,0.0,0.0,0.0,0.0,0.0,0.0,0.0,1.0,0.0,0.0,0.0,0.0,0.0,1.0,0.0,0.0,0.0,0.0,0.0,0.0,0.0,0.0,0.0,0.0,1.0,0.0,1.0,0.0,1.0
-1.3714388279723935,0.9855366069041295,-1.1760506217493463,2.0868602993697074,-1.3103661751957678,-0.35418948698466474,0.4888949163375746,-0.6132186717941674,-0.3358111558318982,-0.2499026026757839,0.6188564131225467,0.3220359437430076,0.0,0.0,0.0,0.0,1.0,0.0,0.0,1.0,0.0,0.0,0.0,0.0,0.0,0.0,1.0,0.0,0.0,0.0,0.0,0.0,0.0,0.0,0.0,0.0,1.0,0.0,0.0,0.0,1.0
-0.5348467058854599,-1.0226255305859604,-0.6139820745557886,1.047992008623386,-0.28739965829297254,-0.35418948698466474,-0.6513847719133283,-0.7880909166023902,-0.3358111558318982,-0.4222939505747529,1.0249528203508274,-1.407568869198977,0.0,0.0,0.0,1.0,0.0,0.0,0.0,0.0,0.0,1.0,1.0,0.0,0.0,1.0,0.0,0.0,0.0,0.0,0.0,0.0,0.0,0.0,0.0,0.0,0.0,1.0,0.0,1.0,0.0
-1.3156660198332646,1.119414082736802,0.0568739333849091,-0.5314912373074293,-1.3099808480461135,-0.35418948698466474,-0.6513847719133283,0.26114255224694605,-0.3358111558318982,-0.08372666641864054,-0.917072572631942,2.298727158533847,0.0,1.0,0.0,0.0,0.0,0.0,0.0,1.0,0.0,0.0,0.0,0.0,1.0,0.0,0.0,0.0,0.0,0.0,0.0,0.0,0.0,0.0,0.0,0.0,1.0,0.0,0.0,0.0,1.0
0.9096690249179787,-0.6209931030879423,0.46120066249511354,0.2532073357028992,1.3504719240284917,-0.35418948698466474,0.4888949163375746,-0.6132186717941674,-0.3358111558318982,0.08762877954002415,0.1685316843149479,-1.3252067352493586,0.0,0.0,1.0,0.0,0.0,0.0,0.0,1.0,0.0,0.0,0.0,1.0,0.0,1.0,0.0,0.0,0.0,0.0,0.0,0.0,0.0,0.0,0.0,0.0,1.0,0.0,1.0,1.0,0.0
0.5806094568971182,-0.35323815142259707,-0.1978700371979774,0.622358592414699,0.19456754049488983,-0.35418948698466474,-0.6513847719133283,0.4360147970551687,-0.3358111558318982,0.21508788077829538,0.7636036473821317,-0.4192232618035572,1.0,0.0,1.0,0.0,0.0,0.0,0.0,0.0,0.0,1.0,1.0,0.0,0.0,1.0,0.0,0.0,0.0,0.0,0.0,0.0,0.0,0.0,0.0,0.0,1.0,0.0,1.0,1.0,0.0
0.6391709054432035,-1.009237783002693,2.585275833583026,1.580538083879753,0.4494614499913487,-0.35418948698466474,1.6291746045884776,0.08627030743872333,-0.3358111558318982,1.4509188955612897,0.47812993537017184,0.2396738097933893,1.0,0.0,0.0,1.0,0.0,0.0,0.0,1.0,0.0,0.0,1.0,0.0,0.0,1.0,0.0,0.0,0.0,0.0,0.0,0.0,0.0,0.0,0.0,0.0,1.0,1.0,0.0,1.0,0.0
0.46906384061886036,-0.35323815142259707,0.5536700041301826,-0.31766591921206977,0.7282841754813528,-0.35418948698466474,-0.6513847719133283,0.08627030743872333,-0.3358111558318982,0.16044405342724513,-0.8929480335886777,-0.08977472600508395,0.0,1.0,0.0,0.0,0.0,0.0,0.0,0.0,0.0,1.0,0.0,0.0,0.0,1.0,0.0,0.0,0.0,0.0,0.0,0.0,0.0,0.0,0.0,0.0,0.0,0.0,1.0,1.0,0.0
0.39377054963103636,-0.5963596475347306,0.699626513965929,0.7938222908873924,0.8318601133084853,-0.35418948698466474,2.7694542928393804,1.485248265904505,-0.3358111558318982,0.3852779370541178,0.4057563182403793,0.980933015339954,0.0,0.0,0.0,1.0,0.0,0.0,0.0,0.0,0.0,1.0,0.0,0.0,0.0,1.0,0.0,0.0,0.0,0.0,0.0,0.0,0.0,0.0,0.0,0.0,1.0,0.0,1.0,1.0,0.0
-1.2041204035550068,-1.2903804822513056,-1.419915846257519,-1.0277273528872257,-1.2025516387224358,-0.35418948698466474,-0.6513847719133283,-1.487579895835281,-0.3358111558318982,-0.6274456973358444,-1.4799784836414402,-1.489931003148595,0.0,0.0,0.0,0.0,0.0,0.0,0.0,0.0,1.0,0.0,1.0,0.0,0.0,0.0,0.0,0.0,0.0,0.0,0.0,1.0,0.0,0.0,0.0,0.0,1.0,1.0,0.0,0.0,1.0
-1.2041204035550068,-0.6209931030879423,0.20283044322065547,0.059554217427856576,-1.1633253348876065,-0.35418948698466474,-0.6513847719133283,-0.26347418217772206,-0.3358111558318982,-0.12447214273727518,0.4821506918773826,-0.6663096636524121,0.0,0.0,1.0,0.0,0.0,0.0,0.0,0.0,0.0,1.0,0.0,0.0,0.0,1.0,0.0,0.0,0.0,0.0,0.0,0.0,0.0,0.0,0.0,0.0,1.0,0.0,1.0,0.0,1.0
0.13442699178408696,2.0565564135655108,-1.485188322705803,-1.287948730569314,0.20909437403686482,-0.35418948698466474,-0.6513847719133283,-0.9629631614106129,-0.3358111558318982,0.038509762537263334,-0.49087238286760754,0.07494954189415268,0.0,0.0,0.0,0.0,0.0,0.0,0.0,1.0,0.0,0.0,0.0,0.0,0.0,0.0,0.0,0.0,0.0,0.0,0.0,1.0,0.0,0.0,0.0,0.0,0.0,0.0,0.0,1.0,0.0
-0.936410924487188,-0.11225869492378629,1.2145538281690595,0.2834656354333747,-0.8369147064152704,-0.35418948698466474,1.6291746045884776,0.6108870418633914,-0.3358111558318982,-0.23673801551775045,-0.482830869853186,-0.08977472600508395,0.0,0.0,1.0,0.0,0.0,0.0,0.0,1.0,0.0,0.0,0.0,1.0,0.0,1.0,0.0,0.0,0.0,0.0,0.0,0.0,0.0,0.0,0.0,0.0,1.0,0.0,1.0,0.0,1.0
-0.20020985705068647,0.02161878090888636,-0.9448772676616733,-1.4069647095091837,-0.1595481100376058,-0.35418948698466474,0.4888949163375746,-0.26347418217772206,-0.3358111558318982,-0.3897493646168604,-1.6247257179010255,-0.8310339315516487,0.0,0.0,0.0,0.0,0.0,0.0,0.0,0.0,0.0,1.0,0.0,0.0,0.0,1.0,0.0,0.0,0.0,0.0,0.0,0.0,0.0,0.0,0.0,0.0,0.0,0.0,1.0,1.0,0.0
-0.8694835547202333,-1.102952016085564,-0.42632370476697173,-0.5314912373074293,-0.8095950115047655,-0.35418948698466474,-0.6513847719133283,-1.1378354062188356,-0.3358111558318982,-0.43865256871539116,-0.2978760705214937,-1.2428446012997403,0.0,1.0,0.0,0.0,0.0,0.0,0.0,0.0,0.0,1.0,0.0,0.0,0.0,1.0,0.0,0.0,0.0,0.0,0.0,0.0,0.0,0.0,0.0,0.0,1.0,1.0,0.0,0.0,1.0
2.225907297001421,0.155496256741559,0.981567349735601,1.306196166323443,3.258958763552319,-0.35418948698466474,-0.6513847719133283,0.6108870418633914,-0.3358111558318982,0.17166632444720806,1.4792983056656368,0.8162087474407175,0.0,0.0,0.0,1.0,0.0,0.0,0.0,0.0,0.0,1.0,0.0,1.0,0.0,0.0,0.0,0.0,0.0,0.0,0.0,0.0,0.0,1.0,0.0,0.0,1.0,0.0,1.0,0.0,0.0
0.5806094568971182,-0.11225869492378629,0.9897264092916365,-0.7836437350613908,-0.07916886661967477,-0.35418948698466474,-0.6513847719133283,1.6601205107127277,-0.3358111558318982,0.0014331055905396637,-0.26571001846380815,0.2396738097933893,1.0,1.0,0.0,0.0,0.0,0.0,0.0,1.0,0.0,0.0,1.0,0.0,0.0,1.0,0.0,0.0,0.0,0.0,0.0,0.0,0.0,0.0,0.0,0.0,1.0,0.0,1.0,1.0,0.0
-0.5348467058854599,-1.2903804822513056,0.08769704726326548,0.7938222908873924,-0.31167526872120654,-0.35418948698466474,-0.6513847719133283,-0.9629631614106129,-0.3358111558318982,-0.2377307548772087,-0.2737515314782294,-1.407568869198977,0.0,0.0,0.0,1.0,0.0,0.0,0.0,0.0,0.0,1.0,0.0,0.0,0.0,1.0,0.0,0.0,0.0,0.0,0.0,0.0,0.0,0.0,0.0,0.0,1.0,1.0,0.0,1.0,0.0
0.17625659788843365,-0.7414828313373477,0.6044374858121816,2.004154280106408,0.09311090199085696,-0.35418948698466474,0.4888949163375746,-0.6132186717941674,-0.3358111558318982,0.0897437460014787,1.2541359412618376,-0.7486717976020304,1.0,0.0,0.0,0.0,0.0,1.0,0.0,1.0,0.0,0.0,0.0,1.0,0.0,1.0,0.0,0.0,0.0,0.0,0.0,0.0,0.0,0.0,0.0,0.0,1.0,1.0,0.0,1.0,0.0
-0.31175547332894427,-0.5674421127548733,0.1747270158609777,3.607844165821604,-0.16247659637498005,-0.35418948698466474,0.4888949163375746,-0.08860193736949937,1.4162470485084402,-0.6599902832937369,-1.5885389093361293,0.3220359437430076,1.0,0.0,0.0,0.0,0.0,0.0,1.0,1.0,0.0,0.0,0.0,1.0,0.0,0.0,0.0,0.0,1.0,0.0,0.0,0.0,0.0,0.0,0.0,0.0,0.0,0.0,1.0,1.0,0.0
0.24597260806234478,-0.4871156272552697,1.6823399093817621,0.10191583705052229,0.5395894702955387,-0.35418948698466474,-0.6513847719133283,1.8349927555209502,-0.3358111558318982,0.934219640253689,0.6470017086730212,-0.0074125920554656355,0.0,0.0,1.0,0.0,0.0,0.0,0.0,1.0,0.0,0.0,1.0,0.0,0.0,1.0,0.0,0.0,0.0,0.0,0.0,0.0,0.0,0.0,0.0,0.0,0.0,0.0,1.0,1.0,0.0
-0.5348467058854599,0.04839427607542089,0.8782192620258178,0.08779529717630039,-0.3778359403168861,2.187080374788714,-0.6513847719133283,0.4360147970551687,-0.3358111558318982,0.18344970901816915,-0.39437422669455047,0.3220359437430076,0.0,0.0,1.0,0.0,0.0,0.0,0.0,1.0,0.0,0.0,0.0,1.0,0.0,1.0,0.0,0.0,0.0,0.0,0.0,0.0,0.0,0.0,0.0,0.0,1.0,0.0,1.0,1.0,0.0
1.9191568522362121,0.18227175190809353,-0.31028374663668895,-0.31564869923003813,2.3802587314801715,-0.35418948698466474,0.4888949163375746,0.4360147970551687,-0.3358111558318982,0.21556266916760153,-0.523038434925293,0.7338466134910991,0.0,1.0,0.0,0.0,0.0,0.0,0.0,1.0,0.0,0.0,0.0,0.0,0.0,1.0,0.0,0.0,0.0,0.0,0.0,0.0,0.0,0.0,0.0,0.0,1.0,0.0,1.0,0.0,0.0
-0.7133196919306724,-0.35323815142259707,-0.03468884607726705,0.40248161437324453,-0.5624461777163624,-0.35418948698466474,0.4888949163375746,-0.08860193736949937,-0.3358111558318982,-0.3583701683418102,0.4258601007764328,0.07494954189415268,0.0,0.0,1.0,0.0,0.0,0.0,0.0,0.0,1.0,0.0,0.0,1.0,0.0,1.0,0.0,0.0,0.0,0.0,0.0,0.0,0.0,0.0,0.0,0.0,0.0,0.0,1.0,0.0,1.0
-1.4941390058784771,-0.5406666175883388,0.18651232410858445,1.045974788641354,-1.489581832500081,-0.35418948698466474,1.6291746045884776,-0.6132186717941674,-0.3358111558318982,-0.35366544702959496,1.9054984954299714,1.6398300869369005,0.0,0.0,0.0,1.0,0.0,0.0,0.0,1.0,0.0,0.0,1.0,0.0,0.0,0.0,0.0,0.0,0.0,1.0,0.0,0.0,0.0,0.0,0.0,0.0,0.0,0.0,1.0,0.0,1.0
-1.2041204035550068,-0.9958500354194257,0.4738925329156133,-0.08770284126045706,-1.168758447697735,-0.35418948698466474,-0.6513847719133283,-0.6132186717941674,-0.3358111558318982,-0.4392568448472353,0.3092581620673225,-1.0781203334005036,0.0,0.0,1.0,0.0,0.0,0.0,0.0,1.0,0.0,0.0,0.0,0.0,0.0,1.0,0.0,0.0,0.0,0.0,0.0,0.0,0.0,0.0,0.0,0.0,0.0,1.0,0.0,0.0,1.0
-0.7579379384419755,-0.35323815142259707,-0.11084006860026517,-1.0418478927614476,-0.7208541689393317,-0.35418948698466474,-0.6513847719133283,1.1355037762880595,1.4162470485084402,-0.4558744384729496,-1.4478124315837546,0.3220359437430076,0.0,0.0,0.0,0.0,0.0,0.0,0.0,0.0,1.0,0.0,0.0,0.0,0.0,0.0,0.0,0.0,0.0,0.0,0.0,0.0,0.0,0.0,0.0,0.0,0.0,0.0,1.0,0.0,1.0
0.13442699178408696,-0.2729116659229935,0.931706430226495,1.2093696071859215,0.5762340822276827,-0.35418948698466474,-0.6513847719133283,1.1355037762880595,-0.3358111558318982,-0.011601993824955737,0.6992715432667608,-0.25449899390432057,0.0,0.0,0.0,1.0,0.0,0.0,0.0,0.0,0.0,1.0,0.0,1.0,0.0,1.0,0.0,0.0,0.0,0.0,0.0,0.0,0.0,0.0,0.0,0.0,1.0,0.0,1.0,1.0,0.0
-0.8583289930924075,-1.2528947890181572,-0.25770314060890454,-0.30354537933784786,-0.7824679801690879,-0.35418948698466474,-0.6513847719133283,-1.1378354062188356,-0.3358111558318982,-0.5450483305008089,-0.4747893568387645,-0.8310339315516487,0.0,1.0,0.0,0.0,0.0,0.0,0.0,0.0,0.0,1.0,1.0,0.0,0.0,1.0,0.0,0.0,0.0,0.0,0.0,0.0,0.0,0.0,0.0,0.0,1.0,1.0,0.0,0.0,1.0
-0.31175547332894427,0.04839427607542089,0.03692956558126683,0.12208803687083915,-0.1125381977797553,2.187080374788714,0.4888949163375746,0.08627030743872333,-0.3358111558318982,0.41475797977194345,0.03986747608420531,0.07494954189415268,0.0,0.0,1.0,0.0,0.0,0.0,0.0,1.0,0.0,0.0,1.0,0.0,0.0,1.0,0.0,0.0,0.0,0.0,0.0,0.0,0.0,0.0,0.0,0.0,1.0,0.0,1.0,1.0,0.0
-0.7579379384419755,2.0565564135655108,0.8428633372829971,0.10191583705052229,-0.6382785607683699,-0.35418948698466474,1.6291746045884776,2.184737245137396,-0.3358111558318982,-0.041082036542781426,-0.8768650075598349,1.8045543548361371,0.0,0.0,1.0,0.0,0.0,0.0,0.0,0.0,1.0,0.0,0.0,0.0,0.0,1.0,0.0,0.0,0.0,0.0,0.0,0.0,0.0,0.0,0.0,0.0,1.0,0.0,0.0,0.0,1.0
-0.20020985705068647,-0.43356463692220065,1.2897984885191647,1.9880165202501547,0.2514418277838956,-0.35418948698466474,-0.6513847719133283,-0.08860193736949937,-0.3358111558318982,-0.16318897775614727,0.04388823259141607,1.228019417188809,0.0,0.0,0.0,0.0,1.0,0.0,0.0,0.0,0.0,1.0,0.0,1.0,0.0,1.0,0.0,0.0,0.0,0.0,0.0,0.0,0.0,0.0,0.0,0.0,1.0,0.0,1.0,1.0,0.0
0.5806094568971182,-0.8887480547532877,1.596216502956943,0.10595027701458559,0.09118426624258441,-0.35418948698466474,-0.6513847719133283,0.7857592866716141,-0.3358111558318982,-0.6317619554204456,-1.8619503518264569,-0.5839475297027937,1.0,0.0,1.0,0.0,0.0,0.0,0.0,0.0,0.0,1.0,1.0,0.0,0.0,1.0,0.0,0.0,0.0,0.0,0.0,0.0,0.0,0.0,0.0,0.0,0.0,1.0,0.0,1.0,0.0
-0.8917926779758849,-0.4871156272552697,0.002480203011339197,-0.632352236409014,-0.8407679779118156,-0.35418948698466474,-0.6513847719133283,-1.3127076510270583,-0.3358111558318982,-0.10064639811027697,0.31327891857453294,-1.407568869198977,0.0,1.0,0.0,0.0,0.0,0.0,0.0,0.0,0.0,1.0,0.0,0.0,0.0,1.0,0.0,0.0,0.0,0.0,0.0,0.0,0.0,0.0,0.0,0.0,1.0,0.0,1.0,0.0,1.0
0.4579092789910346,-0.754870578920615,0.6225687292700383,1.047992008623386,0.1739525379883734,-0.35418948698466474,0.4888949163375746,-0.7880909166023902,-0.3358111558318982,-0.2019921379367114,0.39771480522595776,-1.2428446012997403,1.0,0.0,0.0,0.0,1.0,0.0,0.0,1.0,0.0,0.0,1.0,0.0,1.0,0.0,0.0,0.0,0.0,0.0,0.0,0.0,0.0,0.0,0.0,0.0,1.0,1.0,0.0,1.0,0.0
-1.0256474175097943,-0.808421569253684,0.6243818536158239,-0.5314912373074293,-0.9847262010227408,-0.35418948698466474,0.4888949163375746,1.3103760210962823,-0.3358111558318982,-0.46865056240336894,-1.4759577271342297,0.4867602116422442,0.0,1.0,0.0,0.0,0.0,0.0,0.0,1.0,0.0,0.0,1.0,0.0,0.0,0.0,1.0,0.0,0.0,0.0,0.0,0.0,0.0,0.0,0.0,0.0,1.0,1.0,0.0,0.0,1.0
-0.8471744314645817,-0.9958500354194257,-1.2757724607675582,-0.7836437350613908,-0.8008480852076082,-0.35418948698466474,-0.6513847719133283,-0.7880909166023902,1.4162470485084402,-0.5561842763590797,-0.6275781041127714,-0.913396065501267,0.0,1.0,0.0,0.0,0.0,0.0,0.0,1.0,0.0,0.0,1.0,0.0,0.0,1.0,0.0,0.0,0.0,0.0,0.0,0.0,0.0,0.0,0.0,0.0,1.0,1.0,0.0,0.0,1.0
-1.1818112802993552,-0.8351970644202186,-1.5758445399950864,0.03534757764347642,-1.138163472015167,-0.35418948698466474,0.4888949163375746,-0.7880909166023902,1.4162470485084402,-0.6537317090710653,-0.6517026431560357,-0.8310339315516487,0.0,0.0,1.0,0.0,0.0,0.0,0.0,1.0,0.0,0.0,0.0,0.0,1.0,0.0,0.0,0.0,0.0,0.0,0.0,0.0,0.0,0.0,0.0,0.0,0.0,1.0,0.0,0.0,1.0
0.02288137550582915,0.9855366069041295,-1.1207503292028833,-0.2147877001284535,0.23421770419433885,-0.35418948698466474,1.6291746045884776,-0.9629631614106129,3.1683052528487785,-0.5771612906502412,-1.0819235894275807,-0.5839475297027937,0.0,0.0,1.0,0.0,0.0,0.0,0.0,0.0,0.0,1.0,1.0,0.0,0.0,1.0,0.0,0.0,0.0,0.0,0.0,0.0,0.0,0.0,0.0,0.0,0.0,0.0,0.0,1.0,0.0
-1.5276026907619544,1.7888014619001653,-0.5749999011213968,-1.384775289706835,-1.5559737003855532,-0.35418948698466474,-0.6513847719133283,2.3596094899456186,-0.3358111558318982,0.03518624381212047,-0.7843876078939888,1.3103815511384274,0.0,0.0,0.0,0.0,0.0,0.0,0.0,1.0,0.0,0.0,0.0,0.0,0.0,0.0,0.0,0.0,0.0,0.0,0.0,1.0,0.0,0.0,0.0,0.0,1.0,0.0,0.0,0.0,1.0
0.24597260806234478,-0.6209931030879423,0.9715951658337795,0.4004643943912125,-0.12552372272311232,-0.35418948698466474,-0.6513847719133283,-0.4383464269859448,-0.3358111558318982,0.3128942889753569,0.9565999597282454,0.6514844795414808,1.0,0.0,1.0,0.0,0.0,0.0,0.0,0.0,0.0,1.0,1.0,0.0,0.0,1.0,0.0,0.0,0.0,0.0,0.0,0.0,0.0,0.0,0.0,0.0,0.0,0.0,1.0,1.0,0.0
-0.8694835547202333,0.5839041794061115,-0.4743714999302921,-0.31564869923003813,-0.7959544304069959,0.9164454439020248,-0.6513847719133283,-0.4383464269859448,-0.3358111558318982,-0.3496513270109159,0.04388823259141607,1.3103815511384274,0.0,1.0,0.0,0.0,0.0,0.0,0.0,1.0,0.0,0.0,1.0,0.0,0.0,1.0,0.0,0.0,0.0,0.0,0.0,0.0,0.0,0.0,0.0,0.0,0.0,0.0,1.0,0.0,1.0
1.1383375382884073,-0.1390341900903208,1.0423070153194207,-0.618231696534792,0.36102886914563825,-0.35418948698466474,-0.6513847719133283,-0.4383464269859448,-0.3358111558318982,0.3678834169731752,-0.2174609403772796,-0.5839475297027937,1.0,1.0,0.0,0.0,0.0,0.0,0.0,1.0,0.0,0.0,0.0,0.0,0.0,1.0,0.0,0.0,0.0,0.0,0.0,0.0,0.0,0.0,0.0,0.0,1.0,0.0,1.0,0.0,0.0
1.6960656196796964,0.5839041794061115,-0.03196915955858876,-0.31564869923003813,2.126135476283022,-0.35418948698466474,-0.6513847719133283,0.08627030743872333,-0.3358111558318982,0.44065552827955023,0.12028260622841935,-0.25449899390432057,0.0,1.0,0.0,0.0,0.0,0.0,0.0,1.0,0.0,0.0,0.0,1.0,0.0,1.0,0.0,0.0,0.0,0.0,0.0,0.0,0.0,0.0,0.0,0.0,1.0,0.0,1.0,0.0,0.0
0.02288137550582915,0.5035776939065079,-0.057352900399587924,-0.5173706974332074,0.19306476461123728,-0.35418948698466474,0.4888949163375746,1.6601205107127277,-0.3358111558318982,0.0025121701116899453,0.5625658220215967,0.3220359437430076,0.0,1.0,0.0,0.0,0.0,0.0,0.0,0.0,0.0,1.0,0.0,0.0,0.0,1.0,0.0,0.0,0.0,0.0,0.0,0.0,0.0,0.0,0.0,0.0,1.0,0.0,1.0,1.0,0.0
0.5806094568971182,0.10194526640848994,-0.4299499534585432,-0.8845047341629755,0.7535616364986886,4.728350236562093,-0.6513847719133283,0.4360147970551687,-0.3358111558318982,-0.16267102678599515,0.027805206562573313,1.7221922208865188,0.0,1.0,0.0,0.0,0.0,0.0,0.0,0.0,0.0,1.0,1.0,0.0,0.0,1.0,0.0,0.0,0.0,0.0,0.0,0.0,0.0,0.0,0.0,0.0,1.0,0.0,1.0,1.0,0.0
-1.2487386500663098,-1.3707069677509092,-0.051006965189338054,-0.43466467816990795,-1.231797969381213,-0.35418948698466474,-0.6513847719133283,-1.487579895835281,-0.3358111558318982,-0.7120443557940265,-1.753389926131768,-1.6546552710478317,0.0,1.0,0.0,0.0,0.0,0.0,0.0,0.0,0.0,1.0,1.0,0.0,0.0,0.0,0.0,0.0,0.0,0.0,0.0,1.0,0.0,0.0,0.0,0.0,1.0,1.0,0.0,0.0,1.0
-0.8471744314645817,-0.299687161089528,-0.03468884607726705,0.9955442890905617,-0.6823985194038116,0.9164454439020248,-0.6513847719133283,0.08627030743872333,-0.3358111558318982,-0.1934891095100472,0.5987526305864932,-0.33686112785393885,0.0,0.0,0.0,1.0,0.0,0.0,0.0,1.0,0.0,0.0,0.0,1.0,0.0,0.0,0.0,0.0,0.0,0.0,0.0,1.0,0.0,0.0,0.0,0.0,1.0,0.0,1.0,0.0,1.0
-0.22251898030633804,-0.35323815142259707,-0.6148886367286814,-0.15427110066750294,-0.040250824504569085,-0.35418948698466474,-0.6513847719133283,-0.4383464269859448,1.4162470485084402,-0.11644390269991708,0.393694048718747,-0.7486717976020304,0.0,0.0,1.0,0.0,0.0,0.0,0.0,1.0,0.0,0.0,1.0,0.0,0.0,0.0,0.0,0.0,0.0,0.0,0.0,1.0,0.0,0.0,0.0,0.0,0.0,0.0,1.0,1.0,0.0
1.6960656196796964,-0.9422990450863568,0.6370737240363237,0.5921002926842235,2.3782550303019683,-0.35418948698466474,-0.6513847719133283,-0.08860193736949937,-0.3358111558318982,-0.1126887581663141,0.5786488480504397,1.0632951492895724,0.0,0.0,1.0,0.0,0.0,0.0,0.0,1.0,0.0,0.0,1.0,0.0,0.0,1.0,0.0,0.0,0.0,0.0,0.0,0.0,0.0,0.0,0.0,0.0,1.0,1.0,0.0,0.0,0.0
-0.5348467058854599,-0.35345235538392933,-0.6837873618685368,-0.035255121727632746,-0.3891645585167287,0.9164454439020248,-0.6513847719133283,-0.6132186717941674,-0.3358111558318982,-0.23583160131998424,0.04388823259141607,-0.913396065501267,0.0,0.0,1.0,0.0,0.0,0.0,0.0,0.0,0.0,1.0,1.0,0.0,0.0,1.0,0.0,0.0,0.0,0.0,0.0,0.0,0.0,0.0,0.0,0.0,0.0,0.0,1.0,1.0,0.0
-1.2487386500663098,-1.2903804822513056,-0.298498438389082,-0.9409868936598628,-1.248097307811599,-0.35418948698466474,-0.6513847719133283,-0.9629631614106129,-0.3358111558318982,0.05612009552243593,1.4029039320286336,-0.0074125920554656355,0.0,0.0,0.0,0.0,0.0,0.0,0.0,1.0,0.0,0.0,0.0,0.0,0.0,1.0,0.0,0.0,0.0,0.0,0.0,0.0,0.0,0.0,0.0,0.0,1.0,1.0,0.0,0.0,1.0
1.2192081100901442,-0.4603401320887352,0.8428633372829971,1.3989882854969002,0.9404067713661609,5.998985167448784,-0.6513847719133283,1.485248265904505,-0.3358111558318982,0.4937023401392981,1.020932063843617,1.5574679529872821,1.0,0.0,0.0,0.0,1.0,0.0,0.0,1.0,0.0,0.0,1.0,0.0,1.0,0.0,0.0,0.0,0.0,0.0,0.0,0.0,0.0,0.0,0.0,0.0,1.0,0.0,1.0,0.0,0.0
-0.20020985705068647,-0.2729116659229935,0.46935972205114906,-0.5314912373074293,-0.05901625669274378,0.9164454439020248,0.4888949163375746,0.4360147970551687,1.4162470485084402,-0.7151088990340932,-1.9946353165644102,0.8985708813903357,0.0,1.0,0.0,0.0,0.0,0.0,0.0,0.0,0.0,1.0,1.0,0.0,0.0,1.0,0.0,0.0,0.0,0.0,0.0,0.0,0.0,0.0,0.0,0.0,1.0,0.0,1.0,1.0,0.0
-0.31175547332894427,-0.9155235499198222,-0.7735370169849275,-0.8845047341629755,-0.22197110828163652,-0.35418948698466474,-0.6513847719133283,-1.1378354062188356,-0.3358111558318982,-0.18835276238937185,1.9014777389227604,-1.407568869198977,0.0,1.0,0.0,0.0,0.0,0.0,0.0,0.0,0.0,1.0,0.0,1.0,1.0,0.0,0.0,0.0,0.0,0.0,0.0,0.0,0.0,0.0,0.0,0.0,1.0,1.0,0.0,1.0,0.0
1.6960656196796964,0.04839427607542089,-0.17248629635697793,0.7938222908873924,2.4355531774555943,2.187080374788714,-0.6513847719133283,-0.9629631614106129,-0.3358111558318982,-0.4143520356990868,-0.41849876573781475,-0.913396065501267,0.0,0.0,0.0,1.0,0.0,0.0,0.0,0.0,0.0,1.0,1.0,0.0,0.0,0.0,0.0,0.0,0.0,0.0,0.0,1.0,0.0,0.0,0.0,0.0,0.0,0.0,1.0,0.0,0.0
0.5806094568971182,1.2532915585694748,0.44760222990172116,0.19672517620601163,0.9497702211027658,-0.35418948698466474,-0.6513847719133283,0.08627030743872333,-0.3358111558318982,0.6144280787655916,0.2529675709663724,0.4867602116422442,0.0,0.0,1.0,0.0,0.0,0.0,0.0,1.0,0.0,0.0,1.0,0.0,0.0,1.0,0.0,0.0,0.0,0.0,0.0,0.0,0.0,0.0,0.0,0.0,0.0,0.0,0.0,1.0,0.0
0.5806094568971182,0.7177816552387841,0.66789683791468,2.3753227568002395,1.3718961135492822,-0.35418948698466474,1.6291746045884776,2.7093539795620636,-0.3358111558318982,1.3686941790496383,0.7193753258028143,3.204710631979648,0.0,0.0,0.0,0.0,0.0,0.0,1.0,1.0,0.0,0.0,0.0,1.0,1.0,0.0,0.0,0.0,0.0,0.0,0.0,0.0,0.0,0.0,0.0,0.0,0.0,0.0,0.0,1.0,0.0
-1.2041204035550068,0.18227175190809353,0.24997167621108318,1.3989882854969002,-1.112539216563142,-0.35418948698466474,0.4888949163375746,0.4360147970551687,-0.3358111558318982,-0.21545886316066692,-0.2938553140142829,0.15731167584377098,0.0,0.0,0.0,1.0,0.0,0.0,0.0,1.0,0.0,0.0,0.0,1.0,0.0,0.0,0.0,0.0,0.0,0.0,0.0,1.0,0.0,0.0,0.0,0.0,1.0,0.0,1.0,0.0,1.0
0.02288137550582915,-0.7280950837540805,1.4439140579109468,-0.01306570192528424,0.2619227262544982,-0.35418948698466474,-0.6513847719133283,2.009865000329173,-0.3358111558318982,0.4037515216562106,0.07203352814189082,2.545813560382702,0.0,0.0,1.0,0.0,0.0,0.0,0.0,0.0,1.0,0.0,0.0,1.0,1.0,0.0,0.0,0.0,0.0,0.0,0.0,0.0,0.0,0.0,0.0,0.0,1.0,1.0,0.0,1.0,0.0
1.1383375382884073,2.4581888410635284,-0.15888786376358552,-1.5602734281435924,1.215723019794309,-0.35418948698466474,-0.6513847719133283,-0.08860193736949937,-0.3358111558318982,0.9365504196193736,0.3856525357043258,-0.25449899390432057,0.0,0.0,0.0,0.0,0.0,0.0,0.0,1.0,0.0,0.0,0.0,0.0,0.0,1.0,0.0,0.0,0.0,0.0,0.0,0.0,0.0,0.0,0.0,0.0,0.0,0.0,0.0,0.0,0.0
0.24597260806234478,0.610679674572646,-0.4752780621031849,-0.9833485132825285,-0.35140249785058664,-0.35418948698466474,-0.6513847719133283,2.534481734753841,-0.3358111558318982,0.2776304604241657,-0.44664406128828976,2.1340028906346102,1.0,1.0,0.0,0.0,0.0,0.0,0.0,0.0,1.0,0.0,0.0,0.0,0.0,1.0,0.0,0.0,0.0,0.0,0.0,0.0,0.0,0.0,0.0,0.0,1.0,0.0,1.0,1.0,0.0
0.02288137550582915,-0.299687161089528,0.343347580019045,0.32179281509197677,0.30847024593276307,-0.35418948698466474,-0.6513847719133283,-0.7880909166023902,-0.3358111558318982,-0.28305146476552057,0.9847452552787204,-0.33686112785393885,0.0,0.0,1.0,0.0,0.0,0.0,0.0,1.0,0.0,0.0,1.0,0.0,1.0,0.0,0.0,0.0,0.0,0.0,0.0,0.0,0.0,0.0,0.0,0.0,1.0,0.0,1.0,1.0,0.0
0.19019979992321587,0.36970021807383524,-0.7064514161908577,-0.2712698596253408,0.41767196014485153,-0.35418948698466474,1.6291746045884776,-0.6132186717941674,-0.3358111558318982,0.021590030845626922,0.3333827011105865,-0.4192232618035572,0.0,1.0,0.0,0.0,0.0,0.0,0.0,1.0,0.0,0.0,0.0,1.0,1.0,0.0,0.0,0.0,0.0,0.0,0.0,0.0,0.0,0.0,0.0,0.0,1.0,0.0,1.0,1.0,0.0
-0.936410924487188,-0.21936067558992442,-0.5949442689250392,-0.7291787955465352,-0.8959853584573069,-0.35418948698466474,-0.6513847719133283,-0.4383464269859448,-0.3358111558318982,-0.36847021225977683,0.5907111175720716,-0.8310339315516487,0.0,1.0,0.0,0.0,0.0,0.0,0.0,0.0,0.0,1.0,1.0,0.0,1.0,0.0,0.0,0.0,0.0,0.0,0.0,0.0,0.0,0.0,0.0,0.0,0.0,0.0,1.0,0.0,1.0
-0.4456102128628536,-0.9958500354194257,-0.03378228390437439,-1.0418478927614476,-0.3833075858419802,-0.35418948698466474,1.6291746045884776,0.7857592866716141,-0.3358111558318982,-0.25749921690468186,-0.16519110578354057,0.8162087474407175,0.0,0.0,0.0,0.0,0.0,0.0,0.0,0.0,0.0,1.0,1.0,0.0,0.0,1.0,0.0,0.0,0.0,0.0,0.0,0.0,0.0,0.0,0.0,0.0,1.0,1.0,0.0,1.0,0.0
0.5806094568971182,-0.5781523108214871,-0.5215127329207195,-0.4649229779003834,0.8286233652513874,-0.35418948698466474,-0.6513847719133283,-0.26347418217772206,-0.3358111558318982,-0.2139050102502105,0.48617144838459336,-0.25449899390432057,0.0,1.0,0.0,0.0,0.0,0.0,0.0,0.0,1.0,0.0,1.0,0.0,0.0,1.0,0.0,0.0,0.0,0.0,0.0,0.0,0.0,0.0,0.0,0.0,1.0,0.0,1.0,1.0,0.0
1.9526205371196894,0.3161492277407662,-0.5550555333177543,2.6234408145901376,2.045563569290264,-0.35418948698466474,-0.6513847719133283,-0.26347418217772206,-0.3358111558318982,0.11546864418570141,1.125471733031095,-0.7486717976020304,1.0,0.0,0.0,0.0,0.0,1.0,0.0,0.0,0.0,1.0,1.0,0.0,0.0,1.0,0.0,0.0,0.0,0.0,0.0,0.0,0.0,0.0,0.0,0.0,0.0,0.0,1.0,0.0,0.0
-1.2571045712871791,-1.3633437065801122,0.8854717594089603,1.401005505478932,-1.1804723930472323,-0.35418948698466474,0.4888949163375746,0.4360147970551687,-0.3358111558318982,-0.49506606188112784,0.2006977363726334,0.8985708813903357,0.0,0.0,0.0,1.0,0.0,0.0,0.0,0.0,1.0,0.0,0.0,1.0,0.0,1.0,0.0,0.0,0.0,0.0,0.0,0.0,0.0,0.0,0.0,0.0,1.0,1.0,0.0,0.0,1.0
0.5806094568971182,-0.21936067558992442,2.7946916955212706,0.20681127611617023,0.11110567987972268,-0.35418948698466474,0.4888949163375746,-0.08860193736949937,1.4162470485084402,-0.5351209369062263,-0.7361385298074602,3.12234849803003,1.0,0.0,1.0,0.0,0.0,0.0,0.0,1.0,0.0,0.0,1.0,0.0,0.0,1.0,0.0,0.0,0.0,0.0,0.0,0.0,0.0,0.0,0.0,0.0,0.0,0.0,1.0,1.0,0.0
-0.9252563628593622,-1.0842091694689897,-0.6964792322890366,-0.9833485132825285,-0.8983358540701994,-0.35418948698466474,-0.6513847719133283,-1.1378354062188356,-0.3358111558318982,0.9539449397003161,1.7768342871992289,-0.913396065501267,0.0,1.0,0.0,0.0,0.0,0.0,0.0,0.0,1.0,0.0,1.0,0.0,0.0,0.0,0.0,0.0,1.0,0.0,0.0,0.0,0.0,0.0,0.0,0.0,0.0,1.0,0.0,0.0,1.0
-1.2041204035550068,-0.8351970644202186,1.1257107352255618,0.4004643943912125,-1.1506866043789385,-0.35418948698466474,-0.6513847719133283,-0.6132186717941674,-0.3358111558318982,0.5678124914518994,1.4069246885358442,-0.913396065501267,0.0,0.0,1.0,0.0,0.0,0.0,0.0,0.0,0.0,1.0,0.0,1.0,0.0,0.0,0.0,0.0,0.0,0.0,0.0,1.0,0.0,0.0,0.0,0.0,1.0,1.0,0.0,0.0,1.0
-0.15838025094633978,-0.4656952311220421,0.2744488548791897,-0.7836437350613908,-0.04229305839773811,-0.35418948698466474,0.4888949163375746,1.8349927555209502,-0.3358111558318982,0.07001844655485155,-0.6275781041127714,1.4751058190376638,0.0,1.0,0.0,0.0,0.0,0.0,0.0,0.0,1.0,0.0,1.0,0.0,0.0,1.0,0.0,0.0,0.0,0.0,0.0,0.0,0.0,0.0,0.0,0.0,1.0,0.0,1.0,1.0,0.0
0.7590824429423307,1.3871690344021474,0.4312841107896502,-0.01306570192528424,0.2080539907327977,-0.35418948698466474,-0.6513847719133283,1.3103760210962823,-0.3358111558318982,0.5183481738023705,1.5959002443747472,1.228019417188809,1.0,0.0,1.0,0.0,0.0,0.0,0.0,1.0,0.0,0.0,0.0,0.0,0.0,1.0,0.0,0.0,0.0,0.0,0.0,0.0,0.0,0.0,0.0,0.0,1.0,0.0,0.0,1.0,0.0
-0.5348467058854599,0.5839041794061115,-1.3936255432436266,-0.2147877001284535,-0.40561802780697626,-0.35418948698466474,-0.6513847719133283,-1.1378354062188356,-0.3358111558318982,0.0016920810756157314,0.7837074299181853,-0.4192232618035572,0.0,1.0,0.0,0.0,0.0,0.0,0.0,0.0,0.0,1.0,0.0,0.0,0.0,1.0,0.0,0.0,0.0,0.0,0.0,0.0,0.0,0.0,0.0,0.0,0.0,0.0,1.0,1.0,0.0
-0.5348467058854599,0.04839427607542089,-0.36649060135604467,-0.3459069989605136,-0.4175631694462662,-0.35418948698466474,2.7694542928393804,0.7857592866716141,-0.3358111558318982,0.2967946463197947,-0.21344018387006883,0.5691223455918625,0.0,0.0,1.0,0.0,0.0,0.0,0.0,1.0,0.0,0.0,0.0,0.0,0.0,0.0,1.0,0.0,0.0,0.0,0.0,0.0,0.0,0.0,0.0,0.0,0.0,0.0,1.0,1.0,0.0
-0.31175547332894427,-0.3264626562560625,-1.3156611963748428,-0.632352236409014,-0.19499820780582075,-0.35418948698466474,-0.6513847719133283,-1.487579895835281,-0.3358111558318982,-0.3223294133353908,0.7113338127883927,-1.6546552710478317,0.0,1.0,0.0,0.0,0.0,0.0,0.0,0.0,0.0,1.0,0.0,1.0,0.0,1.0,0.0,0.0,0.0,0.0,0.0,0.0,0.0,0.0,0.0,0.0,1.0,0.0,1.0,1.0,0.0
0.02288137550582915,2.4581888410635284,-1.233164038641595,-1.5602734281435924,0.05534884132471507,-0.35418948698466474,-0.6513847719133283,0.08627030743872333,-0.3358111558318982,0.37478942990853703,-1.2146085541655338,0.15731167584377098,0.0,0.0,0.0,0.0,0.0,0.0,0.0,1.0,0.0,0.0,0.0,0.0,0.0,1.0,0.0,0.0,0.0,0.0,0.0,0.0,0.0,0.0,0.0,0.0,1.0,0.0,0.0,1.0,0.0
0.9152463057318916,-0.43356463692220065,0.36238538564979456,-0.9268663537856409,1.1107599042284202,-0.35418948698466474,0.4888949163375746,0.9606315314798368,-0.3358111558318982,0.32295117031247755,-0.7079932342569855,-0.0074125920554656355,0.0,0.0,0.0,0.0,0.0,0.0,0.0,0.0,0.0,1.0,1.0,0.0,0.0,1.0,0.0,0.0,0.0,0.0,0.0,0.0,0.0,0.0,0.0,0.0,0.0,0.0,1.0,1.0,0.0
-0.5348467058854599,-1.0226255305859604,-0.07004477082008766,0.7938222908873924,-0.31167526872120654,-0.35418948698466474,-0.6513847719133283,-0.08860193736949937,-0.3358111558318982,-0.3259119075456097,0.3655487531682723,-0.913396065501267,0.0,0.0,0.0,1.0,0.0,0.0,0.0,0.0,0.0,1.0,0.0,0.0,1.0,0.0,0.0,0.0,0.0,0.0,0.0,0.0,0.0,0.0,0.0,0.0,0.0,1.0,0.0,1.0,0.0
-1.5164481291341285,-0.08548319975725176,-0.05463321388090964,0.28548285541540636,-1.5261879117172594,-0.35418948698466474,-0.6513847719133283,-0.7880909166023902,1.4162470485084402,-0.6033609772237701,1.4270284710718977,0.2396738097933893,0.0,0.0,1.0,0.0,0.0,0.0,0.0,1.0,0.0,0.0,1.0,0.0,0.0,1.0,0.0,0.0,0.0,0.0,0.0,0.0,0.0,0.0,0.0,0.0,1.0,0.0,1.0,0.0,1.0
0.02288137550582915,2.4581888410635284,-0.39278090436993696,-0.2147877001284535,-0.3998381205621586,-0.35418948698466474,0.4888949163375746,0.4360147970551687,-0.3358111558318982,-0.3105460287644297,-1.3472935189034871,0.8162087474407175,1.0,1.0,0.0,0.0,0.0,0.0,0.0,1.0,0.0,0.0,1.0,0.0,0.0,1.0,0.0,0.0,0.0,0.0,0.0,0.0,0.0,0.0,0.0,0.0,1.0,0.0,0.0,1.0,0.0
-0.31175547332894427,2.431413345896994,-0.7726304548120347,-1.2980348304794724,-0.2655516089075617,-0.35418948698466474,-0.6513847719133283,0.6108870418633914,-0.3358111558318982,2.3079119382588433,-0.6838686952137212,0.8985708813903357,0.0,0.0,0.0,0.0,0.0,0.0,0.0,1.0,0.0,0.0,0.0,0.0,0.0,1.0,0.0,0.0,0.0,0.0,0.0,0.0,0.0,0.0,0.0,0.0,1.0,0.0,0.0,1.0,0.0
-0.5348467058854599,-0.0319322094241827,-0.6674692427564659,-0.31564869923003813,-0.4147888139687536,-0.35418948698466474,0.4888949163375746,-0.6132186717941674,-0.3358111558318982,-0.41374775956724263,-0.15714959276911905,-0.33686112785393885,0.0,1.0,0.0,0.0,0.0,0.0,0.0,1.0,0.0,0.0,0.0,0.0,0.0,1.0,0.0,0.0,0.0,0.0,0.0,0.0,0.0,0.0,0.0,0.0,0.0,0.0,1.0,1.0,0.0
0.46906384061886036,1.7888014619001653,-0.843342304297676,0.18865629627788502,0.017856509663331094,-0.35418948698466474,0.4888949163375746,1.3103760210962823,1.4162470485084402,-0.18563351979607312,-1.089965102442002,1.1456572832391907,1.0,0.0,1.0,0.0,0.0,0.0,0.0,0.0,0.0,1.0,0.0,0.0,0.0,0.0,0.0,0.0,1.0,0.0,0.0,0.0,0.0,0.0,0.0,0.0,0.0,0.0,0.0,1.0,0.0
1.0909306513701478,2.163658394231649,0.18651232410858445,0.39037829448105427,0.5669862306359745,0.9164454439020248,-0.6513847719133283,1.3103760210962823,1.4162470485084402,0.27089709781218796,0.6228771696297571,1.4751058190376638,1.0,0.0,1.0,0.0,0.0,0.0,0.0,1.0,0.0,0.0,0.0,1.0,0.0,0.0,1.0,0.0,0.0,0.0,0.0,0.0,0.0,0.0,0.0,0.0,1.0,0.0,0.0,1.0,0.0
-0.7579379384419755,-0.4871156272552697,-1.034626922778064,-0.7836437350613908,-0.7025511293307425,-0.35418948698466474,-0.6513847719133283,-0.9629631614106129,-0.3358111558318982,-0.3317388559598212,-1.0577990503843164,-1.2428446012997403,0.0,1.0,0.0,0.0,0.0,0.0,0.0,0.0,0.0,1.0,0.0,0.0,0.0,1.0,0.0,0.0,0.0,0.0,0.0,0.0,0.0,0.0,0.0,0.0,0.0,0.0,1.0,0.0,1.0
0.02288137550582915,-1.0226255305859604,-0.07911039254901614,-1.168932751629444,0.1062890905090413,-0.35418948698466474,-0.6513847719133283,-0.6132186717941674,-0.3358111558318982,-0.07789971800442903,0.2770921100096367,-0.913396065501267,0.0,0.0,0.0,0.0,0.0,0.0,0.0,1.0,0.0,0.0,0.0,0.0,0.0,1.0,0.0,0.0,0.0,0.0,0.0,0.0,0.0,0.0,0.0,0.0,1.0,1.0,0.0,1.0,0.0
1.1383375382884073,0.28937373257423166,-1.2304443521229165,-1.0398306727794158,1.3289706690777698,-0.35418948698466474,0.4888949163375746,1.1355037762880595,-0.3358111558318982,0.36054577822935335,-1.1703802325862163,1.9692786227353738,0.0,0.0,0.0,0.0,0.0,0.0,0.0,1.0,0.0,0.0,0.0,1.0,1.0,0.0,0.0,0.0,0.0,0.0,0.0,0.0,0.0,0.0,0.0,0.0,0.0,0.0,1.0,0.0,0.0
0.06749962201713228,-1.0226255305859604,1.002418279712136,-0.5859561768222848,0.23363971346985718,-0.35418948698466474,0.4888949163375746,0.08627030743872333,-0.3358111558318982,0.07731292271782746,0.09213731067794433,-0.25449899390432057,0.0,1.0,0.0,0.0,0.0,0.0,0.0,0.0,1.0,0.0,0.0,0.0,0.0,1.0,0.0,0.0,0.0,0.0,0.0,0.0,0.0,0.0,0.0,0.0,0.0,1.0,0.0,1.0,0.0
1.1606466615440587,0.7177816552387841,0.1420907776368357,-0.6303350164269823,0.37451531938354615,-0.35418948698466474,0.4888949163375746,1.6601205107127277,-0.3358111558318982,0.00022455332685134845,-0.5149969219108715,3.0399863640804115,1.0,1.0,0.0,0.0,0.0,0.0,0.0,0.0,0.0,1.0,1.0,0.0,0.0,1.0,0.0,0.0,0.0,0.0,0.0,0.0,0.0,0.0,0.0,0.0,1.0,0.0,0.0,0.0,0.0
-0.7579379384419755,-0.754870578920615,-0.463492753855578,-0.618231696534792,-0.6907601185513144,-0.35418948698466474,-0.6513847719133283,-0.6132186717941674,1.4162470485084402,-0.46774414820560273,0.03182596306978379,0.4867602116422442,0.0,1.0,0.0,0.0,0.0,0.0,0.0,0.0,1.0,0.0,0.0,0.0,0.0,1.0,0.0,0.0,0.0,0.0,0.0,0.0,0.0,0.0,0.0,0.0,1.0,1.0,0.0,0.0,1.0
-0.31175547332894427,0.1287207615750245,0.25450448707554707,-1.1084161521684934,-0.24566872798538883,-0.35418948698466474,-0.6513847719133283,0.7857592866716141,-0.3358111558318982,-0.6160939385733434,-1.8137012737399285,0.15731167584377098,0.0,0.0,0.0,0.0,0.0,0.0,0.0,1.0,0.0,0.0,1.0,0.0,0.0,0.0,0.0,0.0,0.0,0.0,0.0,1.0,0.0,0.0,0.0,0.0,0.0,0.0,1.0,1.0,0.0
-0.40099196635155054,0.1287207615750245,-1.506039252682338,-0.335820899050355,-0.2643956274585981,-0.35418948698466474,0.4888949163375746,0.26114255224694605,-0.3358111558318982,-0.6019797746366977,-1.672974795987554,2.4634514264330836,0.0,1.0,0.0,0.0,0.0,0.0,0.0,1.0,0.0,0.0,1.0,0.0,0.0,0.0,0.0,1.0,0.0,0.0,0.0,0.0,0.0,0.0,0.0,0.0,0.0,0.0,1.0,1.0,0.0
-0.31175547332894427,0.02161878090888636,-0.17429942070276355,-0.335820899050355,-0.16290045623960006,-0.35418948698466474,-0.6513847719133283,0.08627030743872333,1.4162470485084402,-0.2686351627629528,0.03182596306978379,0.7338466134910991,0.0,1.0,0.0,0.0,0.0,0.0,0.0,1.0,0.0,0.0,1.0,0.0,0.0,1.0,0.0,0.0,0.0,0.0,0.0,0.0,0.0,0.0,0.0,0.0,1.0,0.0,1.0,1.0,0.0
1.0267919220101493,1.0390875972371985,-0.4245105804211861,1.2940928464312522,0.7376476252179572,0.9164454439020248,0.4888949163375746,0.26114255224694605,-0.3358111558318982,1.1514137470708177,1.418986958057476,1.5574679529872821,1.0,0.0,0.0,1.0,0.0,0.0,0.0,1.0,0.0,0.0,1.0,0.0,1.0,0.0,0.0,0.0,0.0,0.0,0.0,0.0,0.0,0.0,0.0,0.0,1.0,0.0,0.0,1.0,0.0
-1.2598932116941357,0.7177816552387841,-0.6856004862143227,-0.4326474581878763,-1.2443211017449847,-0.35418948698466474,1.6291746045884776,-0.7880909166023902,1.4162470485084402,-0.1962083521033459,0.1685316843149479,-0.0074125920554656355,0.0,1.0,0.0,0.0,0.0,0.0,0.0,0.0,1.0,0.0,1.0,0.0,0.0,0.0,0.0,0.0,0.0,1.0,0.0,0.0,0.0,0.0,0.0,0.0,0.0,0.0,0.0,0.0,1.0
-1.1818112802993552,2.4581888410635284,-0.749059838316821,0.011140937859095913,-1.1391653226042686,-0.35418948698466474,-0.6513847719133283,-0.6132186717941674,-0.3358111558318982,0.8337371520441748,1.7768342871992289,-0.25449899390432057,0.0,0.0,1.0,0.0,0.0,0.0,0.0,1.0,0.0,0.0,0.0,1.0,0.0,0.0,0.0,0.0,0.0,0.0,0.0,1.0,0.0,0.0,0.0,0.0,0.0,0.0,0.0,0.0,1.0
-0.7579379384419755,-0.08548319975725176,0.08225767422590859,-0.2793387395534677,-0.6662533118332876,-0.35418948698466474,-0.6513847719133283,0.08627030743872333,-0.3358111558318982,0.39628439516985065,1.069181141930145,-0.17213685995470224,0.0,1.0,0.0,0.0,0.0,0.0,0.0,0.0,0.0,1.0,0.0,0.0,0.0,1.0,0.0,0.0,0.0,0.0,0.0,0.0,0.0,0.0,0.0,0.0,1.0,0.0,1.0,0.0,1.0
-0.31175547332894427,-0.21936067558992442,-0.2087487832726915,0.08779529717630039,-0.6215553624733643,5.998985167448784,-0.6513847719133283,-0.08860193736949937,-0.3358111558318982,0.04079737932210193,0.37761102268990426,0.2396738097933893,1.0,0.0,1.0,0.0,0.0,0.0,0.0,1.0,0.0,0.0,0.0,0.0,0.0,1.0,0.0,0.0,0.0,0.0,0.0,0.0,0.0,0.0,0.0,0.0,0.0,0.0,1.0,1.0,0.0
-0.5348467058854599,-0.9476541441196636,0.3723575695516157,0.9693204293241499,-0.7097182143143164,-0.35418948698466474,0.4888949163375746,1.3103760210962823,-0.3358111558318982,-0.4913540799283709,-1.037695267848263,1.4751058190376638,1.0,0.0,0.0,1.0,0.0,0.0,0.0,0.0,0.0,1.0,1.0,0.0,0.0,0.0,0.0,0.0,0.0,0.0,0.0,1.0,0.0,0.0,0.0,0.0,0.0,1.0,0.0,1.0,0.0
-0.7579379384419755,0.20904724707462807,-0.44445494822482856,-1.4009130495630886,-0.7459389663818403,-0.35418948698466474,-0.6513847719133283,-0.9629631614106129,-0.3358111558318982,-0.5582992428205343,-1.3714180579467514,-0.9957581994508853,0.0,0.0,0.0,0.0,0.0,0.0,0.0,0.0,0.0,1.0,0.0,0.0,1.0,0.0,0.0,0.0,0.0,0.0,0.0,0.0,0.0,0.0,0.0,0.0,1.0,0.0,1.0,0.0,1.0
1.6960656196796964,2.1101074038985796,-0.7345548435505357,-0.2147877001284535,0.8855747179703244,7.269620098335473,-0.6513847719133283,-0.6132186717941674,-0.3358111558318982,-0.2545209988263071,-0.5511837304757681,-0.08977472600508395,1.0,0.0,1.0,0.0,0.0,0.0,0.0,0.0,0.0,1.0,1.0,0.0,0.0,1.0,0.0,0.0,0.0,0.0,0.0,0.0,0.0,0.0,0.0,0.0,1.0,0.0,0.0,0.0,0.0
-0.6463923221637177,-0.8351970644202186,-0.6257673828033955,0.18663907629585336,-0.5003314411920552,-0.35418948698466474,0.4888949163375746,-0.6132186717941674,1.4162470485084402,-0.09421517356422128,1.165679298103202,-1.3252067352493586,0.0,0.0,1.0,0.0,0.0,0.0,0.0,1.0,0.0,0.0,1.0,0.0,1.0,0.0,0.0,0.0,0.0,0.0,0.0,0.0,0.0,0.0,0.0,0.0,1.0,1.0,0.0,0.0,1.0
1.4729743871231806,1.52104651023482,-0.518793046402041,0.32179281509197677,0.8616844346917445,0.9164454439020248,0.4888949163375746,-0.26347418217772206,-0.3358111558318982,-0.25167226849047036,1.2259906457113625,0.3220359437430076,1.0,0.0,1.0,0.0,0.0,0.0,0.0,1.0,0.0,0.0,0.0,0.0,0.0,1.0,0.0,0.0,0.0,0.0,0.0,0.0,0.0,0.0,0.0,0.0,1.0,0.0,0.0,0.0,0.0
2.594704990821411,2.4581888410635284,-0.765377957428892,-0.06349620147607656,1.8011890909793726,-0.35418948698466474,-0.6513847719133283,-0.6132186717941674,1.4162470485084402,1.0678509905529399,0.7113338127883927,-0.913396065501267,1.0,0.0,1.0,0.0,0.0,0.0,0.0,1.0,0.0,0.0,0.0,1.0,0.0,1.0,0.0,0.0,0.0,0.0,0.0,0.0,0.0,0.0,0.0,0.0,1.0,0.0,0.0,0.0,0.0
-0.8694835547202333,-0.8619725595867531,-0.06551195995562342,-0.04130678167372805,-0.7783835123827502,3.457715305675404,0.4888949163375746,-0.08860193736949937,-0.3358111558318982,-0.2736851847219361,0.369569509675483,0.980933015339954,0.0,1.0,0.0,0.0,0.0,0.0,0.0,0.0,0.0,1.0,0.0,1.0,0.0,1.0,0.0,0.0,0.0,0.0,0.0,0.0,0.0,0.0,0.0,0.0,0.0,1.0,0.0,0.0,1.0
-1.0925747872767488,-1.3707069677509092,1.951588874730934,0.85030445038428,-0.9957850902178252,-0.35418948698466474,-0.6513847719133283,-0.08860193736949937,1.4162470485084402,-0.46593131981007024,-0.20941942736285837,-0.9957581994508853,0.0,0.0,0.0,1.0,0.0,0.0,0.0,0.0,0.0,1.0,0.0,1.0,0.0,1.0,0.0,0.0,0.0,0.0,0.0,0.0,0.0,0.0,0.0,0.0,1.0,1.0,0.0,0.0,1.0
2.594704990821411,0.4500267035734388,-1.4588980196919108,-0.9409868936598628,1.4688058916873916,-0.35418948698466474,-0.6513847719133283,-0.7880909166023902,-0.3358111558318982,1.3035186819721614,-2.05092590766536,-0.7486717976020304,1.0,1.0,0.0,0.0,0.0,0.0,0.0,0.0,1.0,0.0,0.0,1.0,0.0,1.0,0.0,0.0,0.0,0.0,0.0,0.0,0.0,0.0,0.0,0.0,1.0,0.0,1.0,0.0,0.0
0.3575182243406026,-1.0226255305859604,2.2308100239819275,0.7776845310311392,0.03511916596785325,-0.35418948698466474,-0.6513847719133283,-0.4383464269859448,1.4162470485084402,-0.5361136762656845,-0.22148169688449035,-1.2428446012997403,1.0,0.0,1.0,0.0,0.0,0.0,0.0,0.0,0.0,1.0,0.0,1.0,0.0,1.0,0.0,0.0,0.0,0.0,0.0,0.0,0.0,0.0,0.0,0.0,0.0,1.0,0.0,1.0,0.0
-1.449520759367174,-1.2326525146722571,-0.25770314060890454,-0.335820899050355,-1.4569060902093784,-0.35418948698466474,0.4888949163375746,-0.26347418217772206,-0.3358111558318982,-0.6608103723298111,-1.6287464744082363,-1.0781203334005036,0.0,1.0,0.0,0.0,0.0,0.0,0.0,0.0,0.0,1.0,1.0,0.0,1.0,0.0,0.0,0.0,0.0,0.0,0.0,0.0,0.0,0.0,0.0,0.0,0.0,1.0,0.0,0.0,1.0
-0.529269425071547,-1.156503006418633,0.17019420499651347,-1.4170508094193424,-0.5066508064463892,-0.35418948698466474,-0.6513847719133283,-0.08860193736949937,-0.3358111558318982,-0.13284568342140135,-1.1904840151222698,-0.33686112785393885,0.0,0.0,0.0,0.0,0.0,0.0,0.0,0.0,0.0,1.0,0.0,0.0,0.0,0.0,0.0,0.0,0.0,0.0,0.0,0.0,0.0,1.0,0.0,0.0,0.0,1.0,0.0,1.0,0.0
-0.9252563628593622,-1.0226255305859604,-0.08183007906769442,-0.5314912373074293,-0.8721336078936927,-0.35418948698466474,1.6291746045884776,0.7857592866716141,-0.3358111558318982,-0.4822467753698625,-1.3271897363674336,-0.17213685995470224,0.0,1.0,0.0,0.0,0.0,0.0,0.0,0.0,0.0,1.0,1.0,0.0,1.0,0.0,0.0,0.0,0.0,0.0,0.0,0.0,0.0,0.0,0.0,0.0,1.0,1.0,0.0,0.0,1.0
0.02288137550582915,0.10194526640848994,-0.25317032974444026,-0.7856609550434225,0.15703667611854044,-0.35418948698466474,-0.6513847719133283,-0.7880909166023902,1.4162470485084402,-0.1566714280483996,-0.0445684105672195,-1.160482467350122,0.0,1.0,0.0,0.0,0.0,0.0,0.0,1.0,0.0,0.0,0.0,0.0,0.0,1.0,0.0,0.0,0.0,0.0,0.0,0.0,0.0,0.0,0.0,0.0,1.0,0.0,1.0,1.0,0.0
-0.31175547332894427,-0.9422990450863568,-0.545989911588826,0.10595027701458559,-0.619397530435299,-0.35418948698466474,-0.6513847719133283,-0.26347418217772206,-0.3358111558318982,-0.3058413074522145,0.42183934426922204,-0.17213685995470224,1.0,0.0,1.0,0.0,0.0,0.0,0.0,1.0,0.0,0.0,1.0,0.0,0.0,1.0,0.0,0.0,0.0,0.0,0.0,0.0,0.0,0.0,0.0,0.0,0.0,1.0,0.0,1.0,0.0
2.2537937010709856,0.18039746724643613,-0.6303001936678596,0.9693204293241499,3.1809300157472804,-0.35418948698466474,-0.6513847719133283,-0.7880909166023902,-0.3358111558318982,-0.5067199587095509,-0.49087238286760754,-0.5839475297027937,0.0,0.0,0.0,1.0,0.0,0.0,0.0,1.0,0.0,0.0,0.0,1.0,0.0,0.0,1.0,0.0,0.0,0.0,0.0,0.0,0.0,0.0,0.0,0.0,0.0,0.0,1.0,0.0,0.0
0.3575182243406026,-1.156503006418633,2.012328540314754,-0.6303350164269823,-0.21399483628378815,-0.35418948698466474,-0.6513847719133283,-0.7880909166023902,-0.3358111558318982,0.00643996496867697,0.14038638876447287,-0.5839475297027937,1.0,1.0,0.0,0.0,0.0,0.0,0.0,1.0,0.0,0.0,0.0,0.0,1.0,0.0,0.0,0.0,0.0,0.0,0.0,0.0,0.0,0.0,0.0,0.0,1.0,1.0,0.0,1.0,0.0
0.02288137550582915,-0.5674421127548733,0.5727078097609323,-0.31564869923003813,-0.4144034868190992,0.9164454439020248,-0.6513847719133283,-0.7880909166023902,-0.3358111558318982,-0.1624983764626111,1.085264167958988,0.15731167584377098,1.0,1.0,0.0,0.0,0.0,0.0,0.0,1.0,0.0,0.0,0.0,1.0,0.0,1.0,0.0,0.0,0.0,0.0,0.0,0.0,0.0,0.0,0.0,0.0,1.0,0.0,1.0,1.0,0.0
-0.8694835547202333,-0.8887480547532877,-0.14438286899730016,-0.38625139860114727,-0.8004242253429883,-0.35418948698466474,1.6291746045884776,0.26114255224694605,-0.3358111558318982,-0.0774249296151229,-0.36622893114407573,0.15731167584377098,0.0,1.0,0.0,0.0,0.0,0.0,0.0,1.0,0.0,0.0,0.0,0.0,0.0,1.0,0.0,0.0,0.0,0.0,0.0,0.0,0.0,0.0,0.0,0.0,0.0,1.0,0.0,0.0,1.0
-0.7579379384419755,1.7352504715670962,0.8628077050866394,-1.5602734281435924,-0.7569593228619594,-0.35418948698466474,0.4888949163375746,0.7857592866716141,-0.3358111558318982,0.47816381103473404,-0.8688234945454135,1.3103815511384274,0.0,0.0,0.0,0.0,0.0,0.0,0.0,1.0,0.0,0.0,0.0,0.0,1.0,0.0,0.0,0.0,0.0,0.0,0.0,0.0,0.0,0.0,0.0,0.0,1.0,0.0,0.0,0.0,1.0
-0.9810291709984912,-0.6075250290191755,-0.5142602355375768,-0.6000767166965068,-0.9384098776342685,-0.35418948698466474,-0.6513847719133283,-0.08860193736949937,-0.3358111558318982,-0.44176027453630395,-0.6275781041127714,-0.25449899390432057,0.0,1.0,0.0,0.0,0.0,0.0,0.0,0.0,0.0,1.0,0.0,0.0,1.0,0.0,0.0,0.0,0.0,0.0,0.0,0.0,0.0,0.0,0.0,0.0,0.0,0.0,1.0,0.0,1.0
-1.3714388279723935,0.7177816552387841,0.8265452181709261,-1.5602734281435924,-1.3951766808347257,-0.35418948698466474,1.6291746045884776,-0.4383464269859448,-0.3358111558318982,-0.5862685952087496,-1.5603936137856542,1.228019417188809,0.0,0.0,0.0,0.0,0.0,0.0,0.0,1.0,0.0,0.0,0.0,1.0,0.0,0.0,0.0,0.0,0.0,0.0,1.0,0.0,0.0,0.0,0.0,0.0,1.0,0.0,0.0,0.0,1.0
0.6921550731753761,0.9855366069041295,-0.35923810397290196,-1.5602734281435924,0.7515964680354505,-0.35418948698466474,-0.6513847719133283,-0.08860193736949937,-0.3358111558318982,0.3977950854994611,-1.0256329983266308,1.1456572832391907,0.0,0.0,0.0,0.0,0.0,0.0,0.0,1.0,0.0,0.0,0.0,0.0,1.0,0.0,0.0,0.0,0.0,0.0,0.0,0.0,0.0,0.0,0.0,0.0,0.0,0.0,0.0,1.0,0.0
0.5806094568971182,2.4581888410635284,-0.24047845932394055,0.08779529717630039,0.08760072375079765,0.9164454439020248,0.4888949163375746,-0.4383464269859448,-0.3358111558318982,0.8907117587609096,1.1616585415959915,0.15731167584377098,1.0,0.0,1.0,0.0,0.0,0.0,0.0,1.0,0.0,0.0,0.0,0.0,0.0,0.0,1.0,0.0,0.0,0.0,0.0,0.0,0.0,0.0,0.0,0.0,0.0,0.0,0.0,1.0,0.0
-1.148347595415878,-0.4871156272552697,0.996072344501886,-0.5173706974332074,-1.1217870681548503,-0.35418948698466474,-0.6513847719133283,-0.08860193736949937,-0.3358111558318982,-0.24230598844688592,-0.430561035259447,0.40439807769262587,0.0,1.0,0.0,0.0,0.0,0.0,0.0,0.0,1.0,0.0,0.0,1.0,0.0,1.0,0.0,0.0,0.0,0.0,0.0,0.0,0.0,0.0,0.0,0.0,1.0,0.0,1.0,0.0,1.0
0.6921550731753761,0.18227175190809353,0.3252163365611883,0.08779529717630039,0.17622596817133515,0.9164454439020248,-0.6513847719133283,0.4360147970551687,1.4162470485084402,-0.33372433467873774,-0.8969687900958884,-0.33686112785393885,1.0,0.0,1.0,0.0,0.0,0.0,0.0,1.0,0.0,0.0,1.0,0.0,1.0,0.0,0.0,0.0,0.0,0.0,0.0,0.0,0.0,0.0,0.0,0.0,1.0,0.0,1.0,1.0,0.0
-0.22251898030633804,-0.6209931030879423,0.9162948732873166,1.1831457474195097,-0.40800705613483423,-0.35418948698466474,0.4888949163375746,0.26114255224694605,1.4162470485084402,-0.19715792888195813,0.31327891857453294,0.15731167584377098,1.0,0.0,0.0,1.0,0.0,0.0,0.0,0.0,0.0,1.0,1.0,0.0,0.0,1.0,0.0,0.0,0.0,0.0,0.0,0.0,0.0,0.0,0.0,0.0,1.0,0.0,1.0,1.0,0.0
0.3575182243406026,-0.4603401320887352,0.48749096550900567,-0.41650969833162277,-0.17758142064143692,0.9164454439020248,0.4888949163375746,0.4360147970551687,1.4162470485084402,-0.338342730829261,1.177741567624834,1.0632951492895724,1.0,1.0,0.0,0.0,0.0,0.0,0.0,1.0,0.0,0.0,1.0,0.0,1.0,0.0,0.0,0.0,0.0,0.0,0.0,0.0,0.0,0.0,0.0,0.0,1.0,0.0,1.0,1.0,0.0
-0.31175547332894427,-0.6209931030879423,-1.4054108514912336,-1.4009130495630886,-0.276263703667957,-0.35418948698466474,-0.6513847719133283,-1.3127076510270583,-0.3358111558318982,-0.4201358215324523,-0.535100704446925,-1.489931003148595,0.0,0.0,0.0,0.0,0.0,0.0,0.0,0.0,0.0,1.0,0.0,0.0,1.0,0.0,0.0,0.0,0.0,0.0,0.0,0.0,0.0,0.0,0.0,0.0,0.0,0.0,1.0,1.0,0.0
0.13442699178408696,1.976229928065907,-1.072702534039563,-0.31564869923003813,-0.32967004661007226,-0.35418948698466474,0.4888949163375746,-0.4383464269859448,-0.3358111558318982,-0.4005400098283632,-0.26571001846380815,-0.08977472600508395,1.0,1.0,0.0,0.0,0.0,0.0,0.0,1.0,0.0,0.0,0.0,0.0,0.0,1.0,0.0,0.0,0.0,0.0,0.0,0.0,0.0,0.0,0.0,0.0,0.0,0.0,0.0,1.0,0.0
1.3614287708449229,-0.08548319975725176,0.004293327357124828,1.047992008623386,0.9707705507589363,-0.35418948698466474,0.4888949163375746,0.4360147970551687,-0.3358111558318982,0.2200084149947407,1.165679298103202,1.3103815511384274,1.0,0.0,0.0,0.0,1.0,0.0,0.0,1.0,0.0,0.0,0.0,0.0,0.0,1.0,0.0,0.0,0.0,0.0,0.0,0.0,0.0,0.0,0.0,0.0,1.0,0.0,1.0,0.0,0.0
-0.8694835547202333,-0.6209931030879423,-0.13169099857680042,-1.025710132905194,-0.8404211834771265,-0.35418948698466474,0.4888949163375746,-0.4383464269859448,3.1683052528487785,-0.3724843322784559,0.09615806718515509,-0.5839475297027937,0.0,0.0,0.0,0.0,0.0,0.0,0.0,1.0,0.0,0.0,1.0,0.0,0.0,1.0,0.0,0.0,0.0,0.0,0.0,0.0,0.0,0.0,0.0,0.0,0.0,0.0,1.0,0.0,1.0
0.02288137550582915,-0.35323815142259707,-0.20693565892690588,-0.7190926956363767,0.16593773327555966,0.9164454439020248,-0.6513847719133283,-0.4383464269859448,-0.3358111558318982,-0.27951213313614764,-0.08477597563932653,-0.5839475297027937,0.0,1.0,0.0,0.0,0.0,0.0,0.0,1.0,0.0,0.0,1.0,0.0,1.0,0.0,0.0,0.0,0.0,0.0,0.0,0.0,0.0,0.0,0.0,0.0,0.0,0.0,1.0,1.0,0.0
-0.31175547332894427,-0.2729116659229935,-0.10268100904422967,0.32179281509197677,-0.09026628852972467,-0.35418948698466474,-0.6513847719133283,0.7857592866716141,-0.3358111558318982,-0.06080733598940857,1.1616585415959915,-0.17213685995470224,0.0,0.0,1.0,0.0,0.0,0.0,0.0,0.0,0.0,1.0,0.0,1.0,0.0,1.0,0.0,0.0,0.0,0.0,0.0,0.0,0.0,0.0,0.0,0.0,0.0,0.0,1.0,1.0,0.0
1.8076112359579541,2.4581888410635284,-0.6266739449762884,-1.4009130495630886,0.6301798831793142,-0.35418948698466474,-0.6513847719133283,1.485248265904505,-0.3358111558318982,1.5384526095170006,-1.1341934240213198,2.1340028906346102,1.0,0.0,0.0,0.0,0.0,0.0,0.0,1.0,0.0,0.0,1.0,0.0,1.0,0.0,0.0,0.0,0.0,0.0,0.0,0.0,0.0,0.0,0.0,0.0,1.0,0.0,0.0,0.0,0.0
-0.5153262230367648,-1.0627887733357622,0.6824018326809654,0.9108210498452309,-0.2763022363829224,-0.35418948698466474,0.4888949163375746,-0.4383464269859448,-0.3358111558318982,-0.4405085596917696,0.3615279966610615,-0.5839475297027937,0.0,0.0,0.0,1.0,0.0,0.0,0.0,1.0,0.0,0.0,0.0,1.0,0.0,1.0,0.0,0.0,0.0,0.0,0.0,0.0,0.0,0.0,0.0,0.0,1.0,1.0,0.0,1.0,0.0
-0.22251898030633804,-0.05870770459071723,1.326060975434878,0.287500075397438,-0.525339173204633,-0.35418948698466474,0.4888949163375746,1.3103760210962823,-0.3358111558318982,1.3819450913693638,1.418986958057476,0.5691223455918625,1.0,0.0,1.0,0.0,0.0,0.0,0.0,0.0,1.0,0.0,1.0,0.0,1.0,0.0,0.0,0.0,0.0,0.0,0.0,0.0,0.0,0.0,0.0,0.0,1.0,0.0,1.0,1.0,0.0
-0.5348467058854599,-0.0754723776243877,0.022424570814981462,-0.35195865890660855,-0.41810262745578247,-0.35418948698466474,0.4888949163375746,-1.1378354062188356,-0.3358111558318982,-0.4967062399532763,1.7125021830838574,-0.5015853957531755,0.0,1.0,0.0,0.0,0.0,0.0,0.0,0.0,0.0,1.0,0.0,1.0,0.0,1.0,0.0,0.0,0.0,0.0,0.0,0.0,0.0,0.0,0.0,0.0,0.0,0.0,1.0,1.0,0.0
-0.579464952396763,0.4500267035734388,-0.5323914789954335,-0.5032501575589855,-0.48191280343856946,0.9164454439020248,0.4888949163375746,-0.7880909166023902,-0.3358111558318982,-0.5855348313343675,0.08007504115631234,-0.4192232618035572,0.0,1.0,0.0,0.0,0.0,0.0,0.0,0.0,1.0,0.0,0.0,0.0,1.0,0.0,0.0,0.0,0.0,0.0,0.0,0.0,0.0,0.0,0.0,0.0,0.0,0.0,1.0,0.0,1.0
-0.5348467058854599,-0.9824622878361585,-1.0699828475208848,-0.01508292190731589,-0.8089399553503529,-0.35418948698466474,0.4888949163375746,-0.9629631614106129,1.4162470485084402,-0.47037706563720943,-0.780366851386778,-0.17213685995470224,1.0,1.0,0.0,0.0,0.0,0.0,0.0,0.0,0.0,1.0,1.0,0.0,1.0,0.0,0.0,0.0,0.0,0.0,0.0,0.0,0.0,0.0,0.0,0.0,1.0,1.0,0.0,1.0,0.0
0.02288137550582915,-0.6209931030879423,0.46573347335957777,1.6935024028735275,-0.10695095410976492,-0.35418948698466474,0.4888949163375746,1.3103760210962823,-0.3358111558318982,-0.2395435832727412,-0.9130518161247312,1.8045543548361371,1.0,0.0,0.0,1.0,0.0,0.0,0.0,0.0,1.0,0.0,1.0,0.0,0.0,1.0,0.0,0.0,0.0,0.0,0.0,0.0,0.0,0.0,0.0,0.0,1.0,0.0,1.0,1.0,0.0
-0.31175547332894427,0.7713326455718532,-0.43992213736036434,-1.5602734281435924,-0.29279423838813556,-0.35418948698466474,-0.6513847719133283,-0.08860193736949937,-0.3358111558318982,-0.27895101958514945,-1.471936970627019,1.3927436850880455,0.0,0.0,0.0,0.0,0.0,0.0,0.0,1.0,0.0,0.0,0.0,0.0,1.0,0.0,0.0,0.0,0.0,0.0,0.0,0.0,0.0,0.0,0.0,0.0,1.0,0.0,0.0,1.0,0.0
-0.6463923221637177,0.664230664905715,0.04146237644573107,-1.5602734281435924,-0.6408987853860206,-0.35418948698466474,-0.6513847719133283,-0.26347418217772206,-0.3358111558318982,-0.46826209917575484,-0.9693424072256811,-0.33686112785393885,0.0,0.0,0.0,0.0,0.0,0.0,0.0,1.0,0.0,0.0,0.0,0.0,0.0,0.0,1.0,0.0,0.0,0.0,0.0,0.0,0.0,0.0,0.0,0.0,1.0,0.0,1.0,0.0,1.0
1.5845200034014384,1.4043053513087296,0.36238538564979456,-1.0418478927614476,1.8107452042908045,-0.35418948698466474,-0.6513847719133283,0.6108870418633914,-0.3358111558318982,-0.08338136577187245,0.14038638876447287,0.8985708813903357,0.0,0.0,0.0,0.0,0.0,0.0,0.0,1.0,0.0,0.0,1.0,0.0,0.0,1.0,0.0,0.0,0.0,0.0,0.0,0.0,0.0,0.0,0.0,0.0,0.0,0.0,0.0,0.0,0.0
0.02288137550582915,0.3723777675904887,-0.7372745300692141,-0.920814693839546,0.13904189822967472,2.187080374788714,0.4888949163375746,-0.08860193736949937,-0.3358111558318982,-0.28460531767597697,-0.9532593811968382,0.6514844795414808,0.0,1.0,0.0,0.0,0.0,0.0,0.0,0.0,0.0,1.0,1.0,0.0,0.0,1.0,0.0,0.0,0.0,0.0,0.0,0.0,0.0,0.0,0.0,0.0,0.0,0.0,1.0,1.0,0.0
-1.5387572523897801,0.3964757132403698,0.22640105971586932,-0.6303350164269823,-1.5610600187609927,0.9164454439020248,0.4888949163375746,0.7857592866716141,-0.3358111558318982,-0.23285338324160945,0.49823371790622534,-0.17213685995470224,0.0,1.0,0.0,0.0,0.0,0.0,0.0,1.0,0.0,0.0,1.0,0.0,0.0,0.0,0.0,0.0,0.0,0.0,0.0,0.0,0.0,0.0,1.0,0.0,1.0,0.0,1.0,0.0,1.0
-0.8694835547202333,-1.0226255305859604,-1.2757724607675582,0.22294903597242377,-0.7613135196530554,-0.35418948698466474,-0.6513847719133283,-1.3127076510270583,4.920363457189116,-0.6366393270560448,-0.0445684105672195,-1.407568869198977,0.0,0.0,1.0,0.0,0.0,0.0,0.0,0.0,0.0,1.0,1.0,0.0,0.0,1.0,0.0,0.0,0.0,0.0,0.0,0.0,0.0,0.0,0.0,0.0,0.0,1.0,0.0,0.0,1.0
-0.40099196635155054,-0.08548319975725176,-0.5378308520327905,-1.0821922924020813,-0.3390720290616423,-0.35418948698466474,0.4888949163375746,-0.9629631614106129,1.4162470485084402,-0.3007912854932312,-0.2938553140142829,-0.08977472600508395,0.0,0.0,0.0,0.0,0.0,0.0,0.0,0.0,1.0,0.0,0.0,0.0,0.0,1.0,0.0,0.0,0.0,0.0,0.0,0.0,0.0,0.0,0.0,0.0,1.0,0.0,1.0,1.0,0.0
-1.5387572523897801,-0.5138911224218042,0.7195708817695716,0.10796749699661724,-1.554355326357004,-0.35418948698466474,-0.6513847719133283,-0.08860193736949937,3.1683052528487785,-0.5250208929882597,-1.319148223353012,-0.5839475297027937,0.0,0.0,1.0,0.0,0.0,0.0,0.0,0.0,0.0,1.0,0.0,1.0,0.0,1.0,0.0,0.0,0.0,0.0,0.0,0.0,0.0,0.0,0.0,0.0,1.0,0.0,1.0,0.0,1.0
-0.5348467058854599,-0.35323815142259707,0.33518852046300945,-0.31564869923003813,-0.8380321551492684,-0.35418948698466474,-0.6513847719133283,0.6108870418633914,-0.3358111558318982,-0.2593983704619064,-1.5885389093361293,0.40439807769262587,1.0,1.0,0.0,0.0,0.0,0.0,0.0,0.0,1.0,0.0,0.0,0.0,0.0,0.0,0.0,0.0,0.0,0.0,0.0,0.0,0.0,0.0,0.0,0.0,0.0,0.0,1.0,1.0,0.0
-0.5348467058854599,-1.0226255305859604,1.6179739951063707,0.18663907629585336,-0.3687036868700742,-0.35418948698466474,0.4888949163375746,0.4360147970551687,-0.3358111558318982,0.4367277334225632,0.6751470042234962,0.40439807769262587,0.0,0.0,1.0,0.0,0.0,0.0,0.0,1.0,0.0,0.0,0.0,0.0,0.0,1.0,0.0,0.0,0.0,0.0,0.0,0.0,0.0,0.0,0.0,0.0,1.0,1.0,0.0,1.0,0.0
-0.2671372268176411,-0.21936067558992442,0.0650329929409446,-0.5859561768222848,-0.14016615440998378,0.9164454439020248,-0.6513847719133283,-1.1378354062188356,-0.3358111558318982,-0.1950429624205036,0.9284546641777703,-0.5839475297027937,0.0,1.0,0.0,0.0,0.0,0.0,0.0,0.0,0.0,1.0,0.0,0.0,1.0,0.0,0.0,0.0,0.0,0.0,0.0,0.0,0.0,0.0,0.0,0.0,1.0,0.0,1.0,1.0,0.0
1.6960656196796964,1.52104651023482,-0.6801611131769656,0.9955442890905617,1.2495162108190097,5.998985167448784,-0.6513847719133283,-0.4383464269859448,-0.3358111558318982,-0.7228350010055292,-2.05092590766536,-0.25449899390432057,1.0,0.0,0.0,1.0,0.0,0.0,0.0,1.0,0.0,0.0,1.0,0.0,0.0,0.0,0.0,0.0,0.0,0.0,0.0,1.0,0.0,0.0,0.0,0.0,1.0,0.0,0.0,0.0,0.0
-1.1148839105324004,-0.6209931030879423,-1.54502142611673,2.3773399767822716,-0.951433935292591,2.187080374788714,-0.6513847719133283,-1.1378354062188356,-0.3358111558318982,-0.6890818627839485,-1.6367879874226579,-1.407568869198977,0.0,0.0,0.0,0.0,1.0,0.0,0.0,0.0,0.0,1.0,0.0,0.0,1.0,0.0,0.0,0.0,0.0,0.0,0.0,0.0,0.0,0.0,0.0,0.0,0.0,0.0,1.0,0.0,1.0
1.1383375382884073,1.2532915585694748,0.10764141506690807,0.4549293339060685,1.6687521496431177,-0.35418948698466474,-0.6513847719133283,1.3103760210962823,-0.3358111558318982,0.3709911227940881,0.00368066751930904,1.3103815511384274,0.0,0.0,1.0,0.0,0.0,0.0,0.0,0.0,0.0,1.0,0.0,0.0,1.0,0.0,0.0,0.0,0.0,0.0,0.0,0.0,0.0,0.0,0.0,0.0,0.0,0.0,0.0,0.0,0.0
-0.9810291709984912,-0.35323815142259707,-0.3193493683656173,-0.5173706974332074,-0.9339400826982762,0.9164454439020248,-0.6513847719133283,0.08627030743872333,-0.3358111558318982,-0.4780168424469534,0.2770921100096367,0.15731167584377098,0.0,1.0,0.0,0.0,0.0,0.0,0.0,1.0,0.0,0.0,0.0,0.0,0.0,1.0,0.0,0.0,0.0,0.0,0.0,0.0,0.0,0.0,0.0,0.0,0.0,0.0,1.0,0.0,1.0
0.02288137550582915,0.2358227422411626,-0.2885262544872609,0.652616892145174,-0.2707920581428631,-0.35418948698466474,2.7694542928393804,-0.08860193736949937,3.1683052528487785,-0.4480620113398216,-1.2829614147881159,0.3220359437430076,1.0,0.0,0.0,1.0,0.0,0.0,0.0,1.0,0.0,0.0,1.0,0.0,0.0,0.0,0.0,0.0,1.0,0.0,0.0,0.0,0.0,0.0,0.0,0.0,0.0,0.0,1.0,1.0,0.0
0.02288137550582915,-1.156503006418633,3.901604108623422,0.9915098491264984,-0.21850316393474578,-0.35418948698466474,-0.6513847719133283,-1.1378354062188356,-0.3358111558318982,0.9973664960314035,1.9135400084443925,-0.9957581994508853,1.0,0.0,0.0,1.0,0.0,0.0,0.0,1.0,0.0,0.0,1.0,0.0,0.0,0.0,0.0,0.0,0.0,1.0,0.0,0.0,0.0,0.0,0.0,0.0,1.0,1.0,0.0,1.0,0.0
0.02288137550582915,-0.4871156272552697,0.3098047796220103,-1.0277273528872257,0.12486185912238869,-0.35418948698466474,-0.6513847719133283,-1.1378354062188356,-0.3358111558318982,-0.27998692152545374,-0.2737515314782294,-1.407568869198977,0.0,0.0,0.0,0.0,0.0,0.0,0.0,0.0,0.0,1.0,0.0,0.0,0.0,1.0,0.0,0.0,0.0,0.0,0.0,0.0,0.0,0.0,0.0,0.0,0.0,0.0,1.0,1.0,0.0
0.5806094568971182,0.7148899017607984,0.979754225389815,0.9915098491264984,1.0996624823183703,2.187080374788714,-0.6513847719133283,1.3103760210962823,-0.3358111558318982,0.3213109922403291,0.7595828908749213,1.9692786227353738,0.0,0.0,0.0,1.0,0.0,0.0,0.0,0.0,0.0,1.0,1.0,0.0,0.0,1.0,0.0,0.0,0.0,0.0,0.0,0.0,0.0,0.0,0.0,0.0,0.0,0.0,1.0,1.0,0.0
0.46906384061886036,-0.6209931030879423,0.20011075670197717,0.28951729537946963,0.8344032724962049,3.457715305675404,0.4888949163375746,0.4360147970551687,-0.3358111558318982,-0.18947498949136812,0.3856525357043258,0.980933015339954,0.0,0.0,1.0,0.0,0.0,0.0,0.0,1.0,0.0,0.0,0.0,1.0,0.0,1.0,0.0,0.0,0.0,0.0,0.0,0.0,0.0,0.0,0.0,0.0,1.0,0.0,1.0,1.0,0.0
0.5806094568971182,-0.08548319975725176,-0.513353673364684,0.059554217427856576,0.0820520127957727,-0.35418948698466474,-0.6513847719133283,-0.4383464269859448,-0.3358111558318982,-0.2670381472716504,0.19667697986542265,-0.5839475297027937,1.0,0.0,1.0,0.0,0.0,0.0,0.0,0.0,0.0,1.0,1.0,0.0,0.0,1.0,0.0,0.0,0.0,0.0,0.0,0.0,0.0,0.0,0.0,0.0,1.0,0.0,1.0,1.0,0.0
-1.5387572523897801,1.2532915585694748,0.5772406206253965,0.08779529717630039,-1.554509457216866,5.998985167448784,0.4888949163375746,0.7857592866716141,-0.3358111558318982,-0.29979854613377294,-0.6959309647353531,-0.08977472600508395,0.0,0.0,1.0,0.0,0.0,0.0,0.0,1.0,0.0,0.0,1.0,0.0,0.0,0.0,0.0,0.0,0.0,1.0,0.0,0.0,0.0,0.0,0.0,0.0,0.0,0.0,0.0,0.0,1.0
-0.3675282814680732,0.4500267035734388,0.1837926375899062,-1.2778626306591556,-0.3226956252013256,-0.35418948698466474,-0.6513847719133283,-0.9629631614106129,-0.3358111558318982,-0.46619029529514633,-0.6275781041127714,1.228019417188809,0.0,0.0,0.0,0.0,0.0,0.0,0.0,0.0,0.0,1.0,0.0,0.0,0.0,1.0,0.0,0.0,0.0,0.0,0.0,0.0,0.0,0.0,0.0,0.0,0.0,0.0,1.0,1.0,0.0
-1.0925747872767488,-1.4150471877466904,-0.9811397545773868,-0.8381086745762465,-1.07350557630314,-0.35418948698466474,-0.6513847719133283,-1.1378354062188356,-0.3358111558318982,-0.556788552490924,-0.008381602002323239,-1.160482467350122,0.0,0.0,0.0,0.0,0.0,0.0,0.0,0.0,0.0,1.0,0.0,0.0,0.0,1.0,0.0,0.0,0.0,0.0,0.0,0.0,0.0,0.0,0.0,0.0,0.0,1.0,0.0,0.0,1.0
-0.7579379384419755,-0.5674421127548733,-0.0800169547219088,0.4004643943912125,-0.6160837169482701,0.9164454439020248,-0.6513847719133283,-0.08860193736949937,-0.3358111558318982,-0.09430149872591331,0.44998463981969705,-0.7486717976020304,0.0,0.0,1.0,0.0,0.0,0.0,0.0,1.0,0.0,0.0,0.0,0.0,0.0,1.0,0.0,0.0,0.0,0.0,0.0,0.0,0.0,0.0,0.0,0.0,0.0,0.0,1.0,0.0,1.0
1.294501401077968,1.119414082736802,0.1992041945290842,-0.8845047341629755,0.4101580807265884,-0.35418948698466474,-0.6513847719133283,0.08627030743872333,-0.3358111558318982,0.5265059015822666,-0.10890051468259081,-0.0074125920554656355,1.0,1.0,0.0,0.0,0.0,0.0,0.0,0.0,0.0,1.0,1.0,0.0,0.0,1.0,0.0,0.0,0.0,0.0,0.0,0.0,0.0,0.0,0.0,0.0,1.0,0.0,0.0,0.0,0.0
-1.0925747872767488,-0.5138911224218042,0.5246600145976119,-1.025710132905194,-1.0817901100207121,-0.35418948698466474,0.4888949163375746,2.009865000329173,-0.3358111558318982,0.5747616669681073,-0.016423115016744472,0.980933015339954,0.0,0.0,0.0,0.0,0.0,0.0,0.0,0.0,1.0,0.0,0.0,1.0,0.0,0.0,0.0,0.0,1.0,0.0,0.0,0.0,0.0,0.0,0.0,0.0,1.0,0.0,1.0,0.0,1.0
-1.0925747872767488,0.18227175190809353,-0.4897830568694703,0.28548285541540636,-1.0223726635439867,-0.35418948698466474,-0.6513847719133283,-0.9629631614106129,-0.3358111558318982,-0.5101298025963857,-0.08879673214653729,-1.407568869198977,0.0,0.0,1.0,0.0,0.0,0.0,0.0,0.0,0.0,1.0,0.0,0.0,0.0,1.0,0.0,0.0,0.0,0.0,0.0,0.0,0.0,0.0,0.0,0.0,0.0,0.0,1.0,0.0,1.0
0.13442699178408696,1.6549239860674927,-0.3828087204681158,-0.7856609550434225,0.27984043871343306,0.9164454439020248,1.6291746045884776,0.6108870418633914,-0.3358111558318982,-0.42725764737204414,-0.9452178681824168,0.8162087474407175,0.0,1.0,0.0,0.0,0.0,0.0,0.0,1.0,0.0,0.0,0.0,0.0,0.0,1.0,0.0,0.0,0.0,0.0,0.0,0.0,0.0,0.0,0.0,0.0,0.0,0.0,0.0,1.0,0.0
1.1383375382884073,2.4581888410635284,0.08225767422590859,1.4998492845984848,1.9188680024838607,4.728350236562093,-0.6513847719133283,-0.7880909166023902,3.1683052528487785,1.1246097843654446,-0.5833497825334536,1.3927436850880455,0.0,0.0,0.0,0.0,1.0,0.0,0.0,0.0,1.0,0.0,0.0,1.0,0.0,0.0,0.0,0.0,0.0,0.0,0.0,1.0,0.0,0.0,0.0,0.0,1.0,0.0,0.0,0.0,0.0
0.5806094568971182,0.5035776939065079,0.5980915506019318,-0.618231696534792,0.8010339413361245,-0.35418948698466474,2.7694542928393804,1.485248265904505,-0.3358111558318982,0.43836791149471166,-0.08075521913211577,2.710537828281938,0.0,1.0,0.0,0.0,0.0,0.0,0.0,1.0,0.0,0.0,0.0,1.0,1.0,0.0,0.0,0.0,0.0,0.0,0.0,0.0,0.0,0.0,0.0,0.0,1.0,0.0,1.0,1.0,0.0
1.0267919220101493,1.9494544328993726,-0.2740212597209755,-0.41650969833162277,1.3419176613061614,-0.35418948698466474,0.4888949163375746,0.08627030743872333,-0.3358111558318982,0.5758407314892575,0.6912300302523392,-0.25449899390432057,0.0,1.0,0.0,0.0,0.0,0.0,0.0,0.0,0.0,1.0,0.0,1.0,0.0,1.0,0.0,0.0,0.0,0.0,0.0,0.0,0.0,0.0,0.0,0.0,0.0,0.0,0.0,1.0,0.0
-0.5348467058854599,-0.6477685982544769,-1.3727746132670915,-0.06349620147607656,-0.3917847831343794,0.9164454439020248,-0.6513847719133283,0.7857592866716141,-0.3358111558318982,-0.6240358534490095,-1.6970993350308183,-0.33686112785393885,0.0,0.0,1.0,0.0,0.0,0.0,0.0,0.0,0.0,1.0,0.0,0.0,0.0,0.0,0.0,0.0,1.0,0.0,0.0,0.0,0.0,0.0,0.0,0.0,0.0,1.0,0.0,1.0,0.0
0.02288137550582915,0.5839041794061115,-0.942157581142995,-1.1527949917731906,0.10840838983214116,-0.35418948698466474,-0.6513847719133283,-0.9629631614106129,1.4162470485084402,-0.48285105150170665,-0.430561035259447,-0.9957581994508853,0.0,0.0,0.0,0.0,0.0,0.0,0.0,1.0,0.0,0.0,0.0,0.0,0.0,0.0,1.0,0.0,0.0,0.0,0.0,0.0,0.0,0.0,0.0,0.0,1.0,0.0,1.0,1.0,0.0
1.581731362994482,-0.11225869492378629,1.3287806619535567,2.3067372774111616,1.5584715194119967,-0.35418948698466474,0.4888949163375746,-0.9629631614106129,1.4162470485084402,-0.5459115821177292,1.9698305995453425,-1.3252067352493586,1.0,0.0,0.0,0.0,1.0,0.0,0.0,1.0,0.0,0.0,0.0,1.0,0.0,1.0,0.0,0.0,0.0,0.0,0.0,0.0,0.0,0.0,0.0,0.0,0.0,0.0,1.0,0.0,0.0
-0.7579379384419755,0.07420585341596017,-1.276679022940451,0.4912392935826389,-0.6092634263993854,-0.35418948698466474,2.7694542928393804,-1.487579895835281,3.1683052528487785,-0.7184324177592362,-1.7574106826389788,-1.489931003148595,0.0,0.0,1.0,0.0,0.0,0.0,0.0,1.0,0.0,0.0,0.0,1.0,0.0,0.0,0.0,0.0,0.0,0.0,0.0,0.0,0.0,0.0,1.0,0.0,0.0,0.0,1.0,0.0,1.0
1.1383375382884073,2.4581888410635284,-1.0228416145304573,-1.1790188515396025,1.2984527588251327,-0.35418948698466474,0.4888949163375746,0.7857592866716141,-0.3358111558318982,2.2745472632648767,0.23688454493752967,1.0632951492895724,0.0,0.0,0.0,0.0,0.0,0.0,0.0,1.0,0.0,0.0,1.0,0.0,0.0,0.0,1.0,0.0,0.0,0.0,0.0,0.0,0.0,0.0,0.0,0.0,0.0,0.0,0.0,0.0,0.0
1.6960656196796964,0.28937373257423166,-0.44445494822482856,0.39642995442714923,1.0660234221535314,-0.35418948698466474,-0.6513847719133283,-0.4383464269859448,-0.3358111558318982,0.18344970901816915,0.8721640730768209,0.3220359437430076,1.0,0.0,1.0,0.0,0.0,0.0,0.0,1.0,0.0,0.0,1.0,0.0,0.0,1.0,0.0,0.0,0.0,0.0,0.0,0.0,0.0,0.0,0.0,0.0,0.0,0.0,1.0,0.0,0.0
1.1383375382884073,-0.4603401320887352,-0.19061753981483487,0.4912392935826389,0.6312973319133126,-0.35418948698466474,-0.6513847719133283,-0.7880909166023902,-0.3358111558318982,0.025086199894153834,0.9525792032210348,0.5691223455918625,1.0,0.0,1.0,0.0,0.0,0.0,0.0,1.0,0.0,0.0,0.0,0.0,0.0,1.0,0.0,0.0,0.0,0.0,0.0,0.0,0.0,0.0,0.0,0.0,0.0,0.0,1.0,0.0,0.0
-1.3825933896002192,0.19030440045805389,1.0223626475157785,-0.4588713179542885,-1.3834627354852287,-0.35418948698466474,-0.6513847719133283,1.3103760210962823,-0.3358111558318982,1.3357611298641316,1.0088697943219844,0.4867602116422442,0.0,1.0,0.0,0.0,0.0,0.0,0.0,1.0,0.0,0.0,0.0,0.0,0.0,0.0,0.0,0.0,0.0,0.0,0.0,0.0,0.0,0.0,0.0,0.0,1.0,0.0,1.0,0.0,1.0
-0.3256986753637265,-0.754870578920615,0.4022741212570794,0.515445933367019,-0.08537263372911245,2.187080374788714,-0.6513847719133283,-0.9629631614106129,-0.3358111558318982,-0.3371773411464187,0.6510224651802322,-0.9957581994508853,0.0,0.0,0.0,1.0,0.0,0.0,0.0,0.0,0.0,1.0,1.0,0.0,0.0,1.0,0.0,0.0,0.0,0.0,0.0,0.0,0.0,0.0,0.0,0.0,1.0,1.0,0.0,1.0,0.0
-0.32848731577068296,-0.5406666175883388,0.798441790811248,0.32179281509197677,-0.6073753233660782,-0.35418948698466474,-0.6513847719133283,-0.08860193736949937,-0.3358111558318982,-0.25193124397554645,0.5746280915432286,-0.33686112785393885,1.0,0.0,1.0,0.0,0.0,0.0,0.0,1.0,0.0,0.0,1.0,0.0,0.0,0.0,1.0,0.0,0.0,0.0,0.0,0.0,0.0,0.0,0.0,0.0,0.0,0.0,1.0,1.0,0.0
0.209720282771911,-0.4067891417556661,-0.49068961904236313,2.0929119593158028,0.14197038456704897,-0.35418948698466474,0.4888949163375746,-1.3127076510270583,-0.3358111558318982,-0.13962220861422514,1.4752775491584262,-1.160482467350122,1.0,0.0,0.0,0.0,0.0,1.0,0.0,0.0,0.0,1.0,1.0,0.0,0.0,1.0,0.0,0.0,0.0,0.0,0.0,0.0,0.0,0.0,0.0,0.0,1.0,0.0,1.0,1.0,0.0
-0.31175547332894427,-0.08548319975725176,0.5391650093638973,-0.7856609550434225,-0.21141314438110287,-0.35418948698466474,0.4888949163375746,2.534481734753841,-0.3358111558318982,0.06604748911701852,0.42183934426922204,2.545813560382702,0.0,1.0,0.0,0.0,0.0,0.0,0.0,0.0,0.0,1.0,0.0,0.0,0.0,1.0,0.0,0.0,0.0,0.0,0.0,0.0,0.0,0.0,0.0,0.0,1.0,0.0,1.0,1.0,0.0
-0.31175547332894427,-0.1390341900903208,0.08044454988012295,-0.4871123977027319,-0.17931539281488218,-0.35418948698466474,-0.6513847719133283,1.3103760210962823,1.4162470485084402,-0.0636129037443993,-0.1732326187979618,1.3103815511384274,0.0,1.0,0.0,0.0,0.0,0.0,0.0,1.0,0.0,0.0,0.0,0.0,0.0,1.0,0.0,0.0,0.0,0.0,0.0,0.0,0.0,0.0,0.0,0.0,0.0,0.0,1.0,1.0,0.0
-0.4233010896072021,-0.4871156272552697,0.9262670571891378,0.2532073357028992,-0.692185829005036,-0.35418948698466474,-0.6513847719133283,0.08627030743872333,-0.3358111558318982,-0.42065377250260444,0.5303997699639111,-0.17213685995470224,1.0,0.0,1.0,0.0,0.0,0.0,0.0,0.0,0.0,1.0,0.0,0.0,0.0,1.0,0.0,0.0,0.0,0.0,0.0,0.0,0.0,0.0,0.0,0.0,1.0,0.0,1.0,1.0,0.0
-1.1148839105324004,1.119414082736802,-1.359176180673699,0.652616892145174,-1.0323526367200384,0.9164454439020248,0.4888949163375746,0.4360147970551687,-0.3358111558318982,-0.10936523944117124,-0.2496269924349654,1.0632951492895724,0.0,0.0,1.0,0.0,0.0,0.0,0.0,0.0,0.0,1.0,1.0,0.0,0.0,1.0,0.0,0.0,0.0,0.0,0.0,0.0,0.0,0.0,0.0,0.0,1.0,0.0,0.0,0.0,1.0
-1.0925747872767488,-0.8887480547532877,0.15206296153865684,-0.15427110066750294,-1.0426794043307792,0.9164454439020248,1.6291746045884776,-0.08860193736949937,-0.3358111558318982,-0.24929832654393974,1.3667171234637372,0.2396738097933893,0.0,0.0,1.0,0.0,0.0,0.0,0.0,1.0,0.0,0.0,0.0,1.0,0.0,1.0,0.0,0.0,0.0,0.0,0.0,0.0,0.0,0.0,0.0,0.0,1.0,1.0,0.0,0.0,1.0
-1.5387572523897801,0.18227175190809353,-0.5061011759815413,-0.41650969833162277,-1.55913338301272,-0.35418948698466474,0.4888949163375746,-0.26347418217772206,-0.3358111558318982,-0.10172546263142725,0.8842263425984528,-0.25449899390432057,0.0,1.0,0.0,0.0,0.0,0.0,0.0,1.0,0.0,0.0,1.0,0.0,0.0,0.0,0.0,0.0,0.0,0.0,0.0,1.0,0.0,0.0,0.0,0.0,0.0,0.0,1.0,0.0,1.0
0.13442699178408696,-1.1297275112520984,1.404931884476555,0.39037829448105427,-0.21888849108440037,0.9164454439020248,-0.6513847719133283,-0.6132186717941674,-0.3358111558318982,-0.292590395132489,-0.33808363559360066,-0.913396065501267,1.0,0.0,1.0,0.0,0.0,0.0,0.0,0.0,1.0,0.0,0.0,0.0,0.0,1.0,0.0,0.0,0.0,0.0,0.0,0.0,0.0,0.0,0.0,0.0,0.0,1.0,0.0,1.0,0.0
0.6921550731753761,0.7177816552387841,-0.9204000889935668,-0.9833485132825285,0.857137574325821,-0.35418948698466474,1.6291746045884776,-0.9629631614106129,-0.3358111558318982,0.004497648830606463,0.6148356566153357,-1.160482467350122,0.0,1.0,0.0,0.0,0.0,0.0,0.0,0.0,0.0,1.0,1.0,0.0,0.0,1.0,0.0,0.0,0.0,0.0,0.0,0.0,0.0,0.0,0.0,0.0,1.0,0.0,0.0,1.0,0.0
-0.8137107465811044,-1.31715597741784,0.11398735027715794,-0.08770284126045706,-0.7168082338679593,-0.35418948698466474,-0.6513847719133283,-0.6132186717941674,-0.3358111558318982,-0.39156219301239287,0.7032922997739712,-1.0781203334005036,0.0,0.0,1.0,0.0,0.0,0.0,0.0,0.0,0.0,1.0,0.0,1.0,0.0,1.0,0.0,0.0,0.0,0.0,0.0,0.0,0.0,0.0,0.0,0.0,0.0,1.0,0.0,0.0,1.0
-0.8694835547202333,-0.9637194412195843,0.19013857280015606,0.7938222908873924,-0.7237441225617406,-0.35418948698466474,1.6291746045884776,1.485248265904505,-0.3358111558318982,-0.5778087293629315,-1.4035841100044368,0.4867602116422442,0.0,0.0,0.0,1.0,0.0,0.0,0.0,0.0,0.0,1.0,0.0,1.0,0.0,1.0,0.0,0.0,0.0,0.0,0.0,0.0,0.0,0.0,0.0,0.0,0.0,1.0,0.0,0.0,1.0
1.1522807403231894,0.07516977124195542,1.6850595959004406,1.6007102837000695,0.9333167518125182,0.9164454439020248,2.7694542928393804,1.1355037762880595,-0.3358111558318982,-0.01345798480133422,0.7153545692956033,1.9692786227353738,1.0,0.0,0.0,0.0,1.0,0.0,0.0,1.0,0.0,0.0,1.0,0.0,0.0,1.0,0.0,0.0,0.0,0.0,0.0,0.0,0.0,0.0,0.0,0.0,0.0,0.0,1.0,0.0,0.0
0.8037006894536338,0.4500267035734388,-1.0019906845539222,-1.1225366920427151,0.9512729969864183,-0.35418948698466474,0.4888949163375746,0.08627030743872333,-0.3358111558318982,-0.3340696353255059,-1.4196671360332795,0.15731167584377098,0.0,0.0,0.0,0.0,0.0,0.0,0.0,1.0,0.0,0.0,1.0,0.0,0.0,1.0,0.0,0.0,0.0,0.0,0.0,0.0,0.0,0.0,0.0,0.0,0.0,0.0,1.0,1.0,0.0
0.5806094568971182,-0.08548319975725176,0.48749096550900567,-1.0378134527973841,0.7264731378779765,-0.35418948698466474,0.4888949163375746,0.26114255224694605,1.4162470485084402,-0.15058550414911198,-1.1140896414852663,-0.17213685995470224,0.0,0.0,0.0,0.0,0.0,0.0,0.0,1.0,0.0,0.0,0.0,0.0,0.0,1.0,0.0,0.0,0.0,0.0,0.0,0.0,0.0,0.0,0.0,0.0,1.0,0.0,1.0,1.0,0.0
-1.2598932116941357,-0.701319588587546,-0.2948721896975108,-0.8199536947379613,-1.2564589069591017,0.9164454439020248,-0.6513847719133283,-0.26347418217772206,1.4162470485084402,-0.568226636415117,-0.8688234945454135,0.3220359437430076,0.0,1.0,0.0,0.0,0.0,0.0,0.0,1.0,0.0,0.0,1.0,0.0,1.0,0.0,0.0,0.0,0.0,0.0,0.0,0.0,0.0,0.0,0.0,0.0,0.0,1.0,0.0,0.0,1.0
-1.2041204035550068,-1.4242579580839783,4.634106344320832,-0.4326474581878763,-1.1813201127764723,-0.35418948698466474,-0.6513847719133283,0.7857592866716141,-0.3358111558318982,-0.4697727895053653,-1.295023684309748,0.3220359437430076,0.0,1.0,0.0,0.0,0.0,0.0,0.0,1.0,0.0,0.0,0.0,1.0,0.0,0.0,0.0,0.0,0.0,0.0,0.0,1.0,0.0,0.0,0.0,0.0,0.0,1.0,0.0,0.0,1.0
0.5806094568971182,0.18227175190809353,0.8129467855775334,-0.3196831391941014,0.8549412095727905,-0.35418948698466474,-0.6513847719133283,3.5837152036031767,-0.3358111558318982,0.12945332037980906,-0.36622893114407573,1.5574679529872821,0.0,1.0,0.0,0.0,0.0,0.0,0.0,0.0,0.0,1.0,1.0,0.0,0.0,1.0,0.0,0.0,0.0,0.0,0.0,0.0,0.0,0.0,0.0,0.0,1.0,0.0,1.0,1.0,0.0
-0.9810291709984912,-0.754870578920615,-1.0436925445069924,-0.335820899050355,-0.9240757076671207,-0.35418948698466474,-0.6513847719133283,-0.7880909166023902,1.4162470485084402,-0.6744497478771506,-1.2869821712953264,-0.5015853957531755,0.0,1.0,0.0,0.0,0.0,0.0,0.0,1.0,0.0,0.0,0.0,0.0,1.0,0.0,0.0,0.0,0.0,0.0,0.0,0.0,0.0,0.0,0.0,0.0,1.0,1.0,0.0,0.0,1.0
-0.9810291709984912,-0.8887480547532877,-1.265800276865737,-1.1225366920427151,-0.9662304978393241,-0.35418948698466474,0.4888949163375746,-0.4383464269859448,-0.3358111558318982,-0.48548396893331336,-1.7051408480452395,-0.7486717976020304,0.0,0.0,0.0,0.0,0.0,0.0,0.0,0.0,0.0,1.0,0.0,0.0,0.0,1.0,0.0,0.0,0.0,0.0,0.0,0.0,0.0,0.0,0.0,0.0,1.0,1.0,0.0,0.0,1.0
-0.31175547332894427,-0.4871156272552697,-0.7526860870083925,2.67387131414093,-0.29233184580855015,-0.35418948698466474,-0.6513847719133283,-1.487579895835281,-0.3358111558318982,-0.5051661057990945,0.9324754206849813,-1.3252067352493586,1.0,0.0,0.0,0.0,1.0,0.0,0.0,0.0,0.0,1.0,1.0,0.0,0.0,1.0,0.0,0.0,0.0,0.0,0.0,0.0,0.0,0.0,0.0,0.0,0.0,0.0,1.0,1.0,0.0
-0.7579379384419755,1.3603935392356128,-1.2920905798796292,0.7050646116779984,-0.5931182188288614,0.9164454439020248,1.6291746045884776,0.08627030743872333,-0.3358111558318982,-0.5232943897544192,-1.1261519110068985,-0.4192232618035572,0.0,0.0,0.0,1.0,0.0,0.0,0.0,0.0,0.0,1.0,0.0,1.0,0.0,0.0,0.0,1.0,0.0,0.0,0.0,0.0,0.0,0.0,0.0,0.0,1.0,0.0,0.0,0.0,1.0
-0.5348467058854599,-0.21936067558992442,-0.09361538731530152,-0.5173706974332074,-0.43305332086237747,0.9164454439020248,-0.6513847719133283,-0.08860193736949937,-0.3358111558318982,-0.36393814127094565,-1.0618198068915272,-0.0074125920554656355,0.0,1.0,0.0,0.0,0.0,0.0,0.0,1.0,0.0,0.0,1.0,0.0,0.0,0.0,1.0,0.0,0.0,0.0,0.0,0.0,0.0,0.0,0.0,0.0,1.0,0.0,1.0,1.0,0.0
0.13442699178408696,2.0565564135655108,-0.8741654181760323,-0.38625139860114727,0.3372541840119551,0.9164454439020248,1.6291746045884776,1.8349927555209502,-0.3358111558318982,1.0863677377358787,0.08007504115631234,1.3103815511384274,0.0,1.0,0.0,0.0,0.0,0.0,0.0,0.0,0.0,1.0,0.0,0.0,0.0,1.0,0.0,0.0,0.0,0.0,0.0,0.0,0.0,0.0,0.0,0.0,0.0,0.0,0.0,1.0,0.0
-1.2041204035550068,-0.08548319975725176,-1.0881140909787412,-1.2274321311083634,-1.2095645928461478,0.9164454439020248,0.4888949163375746,-0.26347418217772206,-0.3358111558318982,-0.41806401765184376,-0.820574416458885,-0.7486717976020304,0.0,0.0,0.0,0.0,0.0,0.0,0.0,1.0,0.0,0.0,0.0,0.0,0.0,0.0,0.0,0.0,0.0,0.0,0.0,1.0,0.0,0.0,0.0,0.0,1.0,0.0,1.0,0.0,1.0
-1.0256474175097943,-0.35323815142259707,-0.6275805071491811,-0.6666449761035527,-0.9915464915716258,-0.35418948698466474,0.4888949163375746,-1.1378354062188356,1.4162470485084402,-0.5082306490391613,1.9457060605020786,-0.17213685995470224,0.0,1.0,0.0,0.0,0.0,0.0,0.0,1.0,0.0,0.0,1.0,0.0,1.0,0.0,0.0,0.0,0.0,0.0,0.0,0.0,0.0,0.0,0.0,0.0,1.0,0.0,1.0,0.0,1.0
-1.2487386500663098,1.3068425489025437,-0.2740212597209755,-0.9712451933903382,-1.2490606256857353,0.9164454439020248,-0.6513847719133283,0.08627030743872333,-0.3358111558318982,-0.17492919974626234,-0.10890051468259081,1.228019417188809,0.0,1.0,0.0,0.0,0.0,0.0,0.0,0.0,0.0,1.0,0.0,0.0,0.0,0.0,0.0,0.0,0.0,0.0,0.0,1.0,0.0,0.0,0.0,0.0,0.0,0.0,0.0,0.0,1.0
2.2537937010709856,1.2532915585694748,0.12214640983319343,2.3571677769619543,3.6583888868841843,-0.35418948698466474,1.6291746045884776,1.485248265904505,-0.3358111558318982,0.5523171249281814,-1.1744009890934268,0.2396738097933893,0.0,0.0,0.0,0.0,1.0,0.0,0.0,0.0,1.0,0.0,1.0,0.0,0.0,0.0,1.0,0.0,0.0,0.0,0.0,0.0,0.0,0.0,0.0,0.0,1.0,0.0,0.0,0.0,0.0
-0.9141018012315364,-0.1390341900903208,0.23727980579058344,-0.3257347991401967,-0.8473570721709076,-0.35418948698466474,0.4888949163375746,1.1355037762880595,-0.3358111558318982,-0.3685565374214688,-0.5511837304757681,0.980933015339954,0.0,1.0,0.0,0.0,0.0,0.0,0.0,0.0,0.0,1.0,1.0,0.0,0.0,1.0,0.0,0.0,0.0,0.0,0.0,0.0,0.0,0.0,0.0,0.0,1.0,0.0,1.0,0.0,1.0
-0.9810291709984912,-0.9958500354194257,1.277106618098665,1.0964052881921462,-0.8437349969641552,-0.35418948698466474,0.4888949163375746,-1.1378354062188356,-0.3358111558318982,0.8066310512728797,2.0180796776318712,-0.4192232618035572,0.0,0.0,0.0,1.0,0.0,0.0,0.0,1.0,0.0,0.0,0.0,1.0,1.0,0.0,0.0,0.0,0.0,0.0,0.0,0.0,0.0,0.0,0.0,0.0,1.0,1.0,0.0,0.0,1.0
1.6960656196796964,-0.02389956087422234,-1.0264678632220285,0.5981519526303185,1.1270977753737716,-0.35418948698466474,-0.6513847719133283,-0.9629631614106129,1.4162470485084402,-0.11428577365761652,1.0450566028868808,0.7338466134910991,1.0,0.0,1.0,0.0,0.0,0.0,0.0,1.0,0.0,0.0,1.0,0.0,0.0,1.0,0.0,0.0,0.0,0.0,0.0,0.0,0.0,0.0,0.0,0.0,1.0,0.0,1.0,0.0,0.0
1.4729743871231806,0.3429247229073007,-0.815238876937998,-0.6000767166965068,0.6113759182761741,-0.35418948698466474,-0.6513847719133283,2.534481734753841,-0.3358111558318982,0.3339144658473644,-0.6677856691848784,0.8162087474407175,1.0,1.0,0.0,0.0,0.0,0.0,0.0,0.0,0.0,1.0,0.0,0.0,1.0,0.0,0.0,0.0,0.0,0.0,0.0,0.0,0.0,0.0,0.0,0.0,1.0,0.0,1.0,0.0,0.0
0.6921550731753761,-0.0319322094241827,-0.24138502149683352,-0.15427110066750294,0.12659583129583415,-0.35418948698466474,0.4888949163375746,-0.6132186717941674,-0.3358111558318982,0.10567073833365685,-0.4506648177955005,-0.08977472600508395,1.0,0.0,1.0,0.0,0.0,0.0,0.0,1.0,0.0,0.0,0.0,0.0,1.0,0.0,0.0,0.0,0.0,0.0,0.0,0.0,0.0,0.0,0.0,0.0,0.0,0.0,1.0,1.0,0.0
-0.31175547332894427,1.52104651023482,-1.5658723560932652,-0.3196831391941014,-0.16112795135118915,-0.35418948698466474,0.4888949163375746,-0.4383464269859448,3.1683052528487785,-0.43148758029495327,-1.2869821712953264,-0.0074125920554656355,0.0,1.0,0.0,0.0,0.0,0.0,0.0,0.0,0.0,1.0,1.0,0.0,0.0,1.0,0.0,0.0,0.0,0.0,0.0,0.0,0.0,0.0,0.0,0.0,0.0,0.0,0.0,1.0,0.0
0.3575182243406026,0.36970021807383524,0.6397934105550019,1.580538083879753,0.1868224647868342,-0.35418948698466474,-0.6513847719133283,1.3103760210962823,-0.3358111558318982,0.01602205791649147,-0.08879673214653729,-0.33686112785393885,1.0,0.0,0.0,1.0,0.0,0.0,0.0,0.0,0.0,1.0,0.0,1.0,0.0,0.0,0.0,0.0,0.0,0.0,0.0,1.0,0.0,0.0,0.0,0.0,0.0,0.0,1.0,1.0,0.0
-0.20020985705068647,0.6910061600722496,-0.600383641962396,-1.025710132905194,-0.11623733841643874,-0.35418948698466474,-0.6513847719133283,-0.26347418217772206,-0.3358111558318982,-0.158354768701394,-0.2737515314782294,1.228019417188809,0.0,0.0,0.0,0.0,0.0,0.0,0.0,1.0,0.0,0.0,0.0,0.0,1.0,0.0,0.0,0.0,0.0,0.0,0.0,0.0,0.0,0.0,0.0,0.0,1.0,0.0,1.0,1.0,0.0
-1.2487386500663098,-0.35323815142259707,0.6162227940597884,1.6935024028735275,-1.159433530676096,-0.35418948698466474,-0.6513847719133283,0.7857592866716141,-0.3358111558318982,-0.08260443931664425,0.4459638833124863,3.6165213017277393,0.0,0.0,0.0,1.0,0.0,0.0,0.0,0.0,0.0,1.0,0.0,0.0,0.0,0.0,0.0,0.0,0.0,0.0,0.0,1.0,0.0,0.0,0.0,0.0,1.0,0.0,1.0,0.0,1.0
-1.0925747872767488,-0.8887480547532877,0.6524852809755016,0.5981519526303185,-1.0077302318571149,-0.35418948698466474,1.6291746045884776,0.08627030743872333,-0.3358111558318982,-0.2933673215877172,0.40173556173316854,-0.5015853957531755,0.0,0.0,1.0,0.0,0.0,0.0,0.0,0.0,0.0,1.0,0.0,1.0,0.0,0.0,0.0,0.0,0.0,0.0,0.0,0.0,0.0,0.0,1.0,0.0,1.0,1.0,0.0,0.0,1.0
-1.3156660198332646,-1.0097732929060237,-1.25401496861813,-1.051933992671606,-1.3238911581486412,0.9164454439020248,-0.6513847719133283,-0.9629631614106129,-0.3358111558318982,-0.6049148301342265,-1.5483313442640223,1.7221922208865188,0.0,0.0,0.0,0.0,0.0,0.0,0.0,0.0,1.0,0.0,1.0,0.0,0.0,1.0,0.0,0.0,0.0,0.0,0.0,0.0,0.0,0.0,0.0,0.0,1.0,1.0,0.0,0.0,1.0
-0.8639062739063205,0.7177816552387841,-0.7010120431535009,0.7938222908873924,-0.7168852992978902,-0.35418948698466474,1.6291746045884776,2.184737245137396,-0.3358111558318982,-0.5967139397734844,-1.9423654819706708,0.5691223455918625,0.0,0.0,0.0,1.0,0.0,0.0,0.0,0.0,0.0,1.0,1.0,0.0,0.0,0.0,0.0,0.0,0.0,1.0,0.0,0.0,0.0,0.0,0.0,0.0,0.0,0.0,0.0,0.0,1.0
-1.0925747872767488,-0.6745440934210114,1.627946179008192,0.20681127611617023,-1.026033271465704,-0.35418948698466474,0.4888949163375746,0.6108870418633914,-0.3358111558318982,0.07925523885589797,-0.5310799479397146,-0.25449899390432057,0.0,0.0,1.0,0.0,0.0,0.0,0.0,0.0,1.0,0.0,0.0,0.0,0.0,0.0,0.0,0.0,1.0,0.0,0.0,0.0,0.0,0.0,0.0,0.0,1.0,1.0,0.0,0.0,1.0
-0.7021651303028467,0.04839427607542089,-0.4698386890658279,-1.0418478927614476,-0.6605890027333662,-0.35418948698466474,-0.6513847719133283,-0.7880909166023902,-0.3358111558318982,-0.5210067729695806,0.8882470991056634,-0.5839475297027937,0.0,0.0,0.0,0.0,0.0,0.0,0.0,0.0,0.0,1.0,1.0,0.0,0.0,1.0,0.0,0.0,0.0,0.0,0.0,0.0,0.0,0.0,0.0,0.0,0.0,0.0,1.0,0.0,1.0
1.1048738534049298,-0.4067891417556661,0.3415344556732593,2.3087544973931937,1.0804346575506103,0.9164454439020248,-0.6513847719133283,-0.9629631614106129,-0.3358111558318982,0.7298879825286717,1.9175607649516035,-0.8310339315516487,1.0,0.0,0.0,0.0,0.0,1.0,0.0,1.0,0.0,0.0,1.0,0.0,0.0,1.0,0.0,0.0,0.0,0.0,0.0,0.0,0.0,0.0,0.0,0.0,1.0,0.0,1.0,1.0,0.0
1.6960656196796964,0.7177816552387841,0.8727798889884605,1.580538083879753,2.6633585883313406,-0.35418948698466474,0.4888949163375746,-0.4383464269859448,-0.3358111558318982,1.222027729334892,1.0892849244661984,-0.17213685995470224,0.0,0.0,0.0,1.0,0.0,0.0,0.0,0.0,0.0,1.0,1.0,0.0,0.0,1.0,0.0,0.0,0.0,0.0,0.0,0.0,0.0,0.0,0.0,0.0,0.0,0.0,0.0,0.0,0.0
-1.2041204035550068,-1.302594392126472,-1.331072753314021,0.17453575640366312,-1.1591252689563722,-0.35418948698466474,0.4888949163375746,-0.4383464269859448,-0.3358111558318982,-0.6023682378643118,-0.6114950780839287,-1.0781203334005036,0.0,0.0,1.0,0.0,0.0,0.0,0.0,0.0,0.0,1.0,0.0,0.0,0.0,1.0,0.0,0.0,0.0,0.0,0.0,0.0,0.0,0.0,0.0,0.0,0.0,1.0,0.0,0.0,1.0
0.02288137550582915,-0.1390341900903208,0.14118421546394272,-0.618231696534792,0.17946271622843293,-0.35418948698466474,-0.6513847719133283,-0.6132186717941674,-0.3358111558318982,-0.17471338684203228,1.2018661066680985,-0.5015853957531755,0.0,1.0,0.0,0.0,0.0,0.0,0.0,1.0,0.0,0.0,0.0,0.0,0.0,1.0,0.0,0.0,0.0,0.0,0.0,0.0,0.0,0.0,0.0,0.0,0.0,0.0,1.0,1.0,0.0
0.867839418813632,2.4581888410635284,0.6860280813725367,-1.0418478927614476,1.0361991007702722,0.9164454439020248,2.7694542928393804,1.485248265904505,-0.3358111558318982,4.916140373621611,1.6481700789684863,0.6514844795414808,0.0,0.0,0.0,0.0,0.0,0.0,0.0,1.0,0.0,0.0,1.0,0.0,1.0,0.0,0.0,0.0,0.0,0.0,0.0,0.0,0.0,0.0,0.0,0.0,1.0,0.0,0.0,1.0,0.0
-0.7774584212906707,-0.6745440934210114,-0.6040098906539675,1.047992008623386,-0.5914227793703816,-0.35418948698466474,-0.6513847719133283,-1.1378354062188356,-0.3358111558318982,-0.7228350010055292,-2.05092590766536,-1.3252067352493586,0.0,0.0,0.0,1.0,0.0,0.0,0.0,0.0,0.0,1.0,1.0,0.0,0.0,0.0,0.0,0.0,0.0,0.0,0.0,1.0,0.0,0.0,0.0,0.0,0.0,1.0,0.0,0.0,1.0
0.13442699178408696,1.2532915585694748,0.6325409131718595,-1.5602734281435924,0.17137084608568814,-0.35418948698466474,-0.6513847719133283,0.4360147970551687,-0.3358111558318982,-0.07617321477058858,-0.43458179176665745,0.07494954189415268,0.0,0.0,0.0,0.0,0.0,0.0,0.0,1.0,0.0,0.0,0.0,0.0,1.0,0.0,0.0,0.0,0.0,0.0,0.0,0.0,0.0,0.0,0.0,0.0,0.0,0.0,0.0,1.0,0.0
-1.03680197913762,0.7177816552387841,-0.7345548435505357,0.4912392935826389,-0.9454998971879115,-0.35418948698466474,1.6291746045884776,-0.08860193736949937,-0.3358111558318982,-0.6628821762104197,-1.6247257179010255,0.15731167584377098,0.0,0.0,1.0,0.0,0.0,0.0,0.0,1.0,0.0,0.0,0.0,0.0,0.0,1.0,0.0,0.0,0.0,0.0,0.0,0.0,0.0,0.0,0.0,0.0,0.0,0.0,0.0,0.0,1.0
-0.9810291709984912,-0.8236836014986088,-0.35923810397290196,-0.11392670102686887,-0.9119379024530037,0.9164454439020248,-0.6513847719133283,-0.9629631614106129,1.4162470485084402,-0.5201866839335064,-0.2817930444926509,0.07494954189415268,0.0,1.0,0.0,0.0,0.0,0.0,0.0,0.0,0.0,1.0,0.0,1.0,1.0,0.0,0.0,0.0,0.0,0.0,0.0,0.0,0.0,0.0,0.0,0.0,1.0,1.0,0.0,0.0,1.0
1.1885330656136233,0.7177816552387841,0.02514425733366007,-1.0418478927614476,0.29798934746216066,-0.35418948698466474,0.4888949163375746,1.6601205107127277,-0.3358111558318982,-0.10742292330310073,-1.2427538497160087,1.228019417188809,1.0,0.0,0.0,0.0,0.0,0.0,0.0,1.0,0.0,0.0,0.0,1.0,1.0,0.0,0.0,0.0,0.0,0.0,0.0,0.0,0.0,0.0,0.0,0.0,1.0,0.0,0.0,0.0,0.0
-1.3379751430889162,0.3161492277407662,0.9036030028668169,-0.14216778077531267,-1.3251242050275356,0.9164454439020248,-0.6513847719133283,0.7857592866716141,-0.3358111558318982,0.22803665503209877,0.17657319732936913,0.40439807769262587,0.0,1.0,0.0,0.0,0.0,0.0,0.0,1.0,0.0,0.0,0.0,1.0,0.0,1.0,0.0,0.0,0.0,0.0,0.0,0.0,0.0,0.0,0.0,0.0,0.0,0.0,1.0,0.0,1.0
-0.936410924487188,-0.500503374838537,-0.6801611131769656,-1.3242586902458844,-0.9295473531922148,-0.35418948698466474,-0.6513847719133283,-0.9629631614106129,-0.3358111558318982,-0.20225111342178748,0.8359772645119243,-0.0074125920554656355,0.0,0.0,0.0,0.0,0.0,0.0,0.0,0.0,0.0,1.0,0.0,0.0,1.0,0.0,0.0,0.0,0.0,0.0,0.0,0.0,0.0,0.0,0.0,0.0,1.0,0.0,1.0,0.0,1.0
-0.31175547332894427,-0.07734344922662527,0.8564617698763896,-1.051933992671606,-0.23969615716574388,-0.35418948698466474,1.6291746045884776,0.9606315314798368,-0.3358111558318982,-0.14695984735804704,0.2529675709663724,0.8162087474407175,0.0,0.0,0.0,0.0,0.0,0.0,0.0,0.0,0.0,1.0,1.0,0.0,1.0,0.0,0.0,0.0,0.0,0.0,0.0,0.0,0.0,0.0,0.0,0.0,0.0,0.0,1.0,1.0,0.0
-1.3156660198332646,-0.4871156272552697,-0.9865791276147438,-1.025710132905194,-1.323197569279263,-0.35418948698466474,2.7694542928393804,-0.26347418217772206,1.4162470485084402,-0.5999079707560891,-1.8056597607255072,-0.4192232618035572,0.0,0.0,0.0,0.0,0.0,0.0,0.0,1.0,0.0,0.0,0.0,1.0,0.0,0.0,0.0,0.0,0.0,0.0,0.0,1.0,0.0,0.0,0.0,0.0,0.0,0.0,1.0,0.0,1.0
1.1383375382884073,-0.35323815142259707,0.0568739333849091,-0.9268663537856409,1.3539013356604168,-0.35418948698466474,-0.6513847719133283,-0.6132186717941674,-0.3358111558318982,-0.025025556468065237,0.5907111175720716,-1.0781203334005036,0.0,0.0,0.0,0.0,0.0,0.0,0.0,0.0,0.0,1.0,0.0,0.0,1.0,0.0,0.0,0.0,0.0,0.0,0.0,0.0,0.0,0.0,0.0,0.0,0.0,0.0,1.0,0.0,0.0
2.2537937010709856,2.324311365230856,-0.7853223252325344,0.515445933367019,3.0302285675174008,-0.35418948698466474,-0.6513847719133283,-0.4383464269859448,1.4162470485084402,-0.07090737990737521,0.8681433165696097,0.40439807769262587,0.0,0.0,0.0,1.0,0.0,0.0,0.0,1.0,0.0,0.0,0.0,1.0,0.0,0.0,1.0,0.0,0.0,0.0,0.0,0.0,0.0,0.0,0.0,0.0,0.0,0.0,0.0,0.0,0.0
0.07865418364495805,-0.7559415987272764,0.35785257478533034,2.2240312581478623,0.03569715669233493,-0.35418948698466474,0.4888949163375746,-0.08860193736949937,-0.3358111558318982,-0.22063837286218826,0.6389601956586002,-0.5839475297027937,1.0,0.0,0.0,0.0,0.0,1.0,0.0,0.0,0.0,1.0,0.0,1.0,0.0,1.0,0.0,0.0,0.0,0.0,0.0,0.0,0.0,0.0,0.0,0.0,0.0,1.0,0.0,1.0,0.0
-0.5571558291411115,-0.8887480547532877,-1.0146825549744216,-0.31564869923003813,-0.4402204058459514,-0.35418948698466474,-0.6513847719133283,-0.7880909166023902,-0.3358111558318982,-0.2929356957792571,0.4821506918773826,-1.3252067352493586,0.0,1.0,0.0,0.0,0.0,0.0,0.0,0.0,1.0,0.0,1.0,0.0,1.0,0.0,0.0,0.0,0.0,0.0,0.0,0.0,0.0,0.0,0.0,0.0,0.0,1.0,0.0,0.0,1.0
0.2180862039927803,-0.8887480547532877,-0.6203280097660385,2.0929119593158028,0.15017785285469004,-0.35418948698466474,0.4888949163375746,-0.7880909166023902,1.4162470485084402,-0.5969297526777144,0.7434998648460782,0.8985708813903357,1.0,0.0,0.0,0.0,0.0,1.0,0.0,1.0,0.0,0.0,0.0,1.0,0.0,1.0,0.0,0.0,0.0,0.0,0.0,0.0,0.0,0.0,0.0,0.0,0.0,1.0,0.0,1.0,0.0
-1.0925747872767488,-1.156503006418633,0.3007391578930818,-0.3701136387448937,-1.052505246646969,-0.35418948698466474,-0.6513847719133283,-0.7880909166023902,3.1683052528487785,-0.4972241909234284,-0.10487975817538005,-1.2428446012997403,0.0,1.0,0.0,0.0,0.0,0.0,0.0,0.0,0.0,1.0,1.0,0.0,0.0,1.0,0.0,0.0,0.0,0.0,0.0,0.0,0.0,0.0,0.0,0.0,0.0,1.0,0.0,0.0,1.0
1.7518384278188253,-0.35323815142259707,-0.37464966091208013,0.20681127611617023,2.3360231746998337,-0.35418948698466474,-0.6513847719133283,0.4360147970551687,-0.3358111558318982,-0.10142332456550517,0.6148356566153357,-0.7486717976020304,0.0,0.0,1.0,0.0,0.0,0.0,0.0,1.0,0.0,0.0,1.0,0.0,1.0,0.0,0.0,0.0,0.0,0.0,0.0,0.0,0.0,0.0,0.0,0.0,0.0,0.0,1.0,0.0,0.0
-0.936410924487188,-0.21936067558992442,0.4811450302987558,-1.255673210856807,-0.9257326144106351,-0.35418948698466474,-0.6513847719133283,1.1355037762880595,-0.3358111558318982,-0.02234947645561254,-0.8406781989949385,0.6514844795414808,0.0,0.0,0.0,0.0,0.0,0.0,0.0,1.0,0.0,0.0,0.0,1.0,1.0,0.0,0.0,0.0,0.0,0.0,0.0,0.0,0.0,0.0,0.0,0.0,0.0,0.0,1.0,0.0,1.0
0.5806094568971182,1.2532915585694748,-0.557775219836433,-0.01306570192528424,0.9110063098475217,0.9164454439020248,-0.6513847719133283,-0.08860193736949937,-0.3358111558318982,-0.3426589889138621,-0.17725337530517257,3.0399863640804115,0.0,0.0,1.0,0.0,0.0,0.0,0.0,1.0,0.0,0.0,0.0,1.0,0.0,0.0,1.0,0.0,0.0,0.0,0.0,0.0,0.0,0.0,0.0,0.0,1.0,0.0,0.0,1.0,0.0
1.612406407471003,-0.21936067558992442,0.34425414219193795,-0.0655134214581082,2.0976597999235533,-0.35418948698466474,-0.6513847719133283,0.08627030743872333,-0.3358111558318982,0.4455760624959955,0.7636036473821317,-0.6663096636524121,0.0,1.0,0.0,0.0,0.0,0.0,0.0,0.0,0.0,1.0,1.0,0.0,0.0,1.0,0.0,0.0,0.0,0.0,0.0,0.0,0.0,0.0,0.0,0.0,0.0,0.0,1.0,0.0,0.0
1.1383375382884073,1.922678937732838,1.842801413983794,-0.5314912373074293,1.4421027202163341,-0.35418948698466474,-0.6513847719133283,0.9606315314798368,-0.3358111558318982,1.164405683905467,1.4390907405935296,0.40439807769262587,0.0,1.0,0.0,0.0,0.0,0.0,0.0,1.0,0.0,0.0,1.0,0.0,0.0,0.0,0.0,0.0,1.0,0.0,0.0,0.0,0.0,0.0,0.0,0.0,1.0,0.0,0.0,0.0,0.0
-0.2559826651898154,-0.21936067558992442,0.09313642030062269,1.187180187383573,0.0788537974536401,-0.35418948698466474,0.4888949163375746,0.7857592866716141,-0.3358111558318982,0.28453647335952753,-0.5994328085622963,0.6514844795414808,0.0,0.0,0.0,1.0,0.0,0.0,0.0,0.0,1.0,0.0,0.0,0.0,0.0,1.0,0.0,0.0,0.0,0.0,0.0,0.0,0.0,0.0,0.0,0.0,0.0,0.0,1.0,1.0,0.0
2.594704990821411,-0.6477685982544769,1.3777350192897697,0.28548285541540636,1.9387508834060332,-0.35418948698466474,0.4888949163375746,-0.9629631614106129,-0.3358111558318982,-0.2974677667680883,1.8331248783001783,-0.33686112785393885,1.0,0.0,1.0,0.0,0.0,0.0,0.0,1.0,0.0,0.0,1.0,0.0,0.0,1.0,0.0,0.0,0.0,0.0,0.0,0.0,0.0,0.0,0.0,0.0,0.0,1.0,0.0,0.0,0.0
-1.5164481291341285,-0.21936067558992442,-0.6457117506070378,-0.2147877001284535,-1.531698089957319,2.187080374788714,-0.6513847719133283,0.26114255224694605,-0.3358111558318982,-0.5368474401400668,-1.5041030226847043,0.4867602116422442,0.0,1.0,0.0,0.0,0.0,0.0,0.0,1.0,0.0,0.0,0.0,1.0,0.0,0.0,0.0,0.0,0.0,0.0,0.0,1.0,0.0,0.0,0.0,0.0,1.0,0.0,1.0,0.0,1.0
0.5806094568971182,-0.6209931030879423,-1.0137759928015289,-0.31564869923003813,0.009225181511070017,-0.35418948698466474,0.4888949163375746,-1.487579895835281,-0.3358111558318982,-0.17277107070396178,-0.38231195717291844,-0.913396065501267,1.0,1.0,0.0,0.0,0.0,0.0,0.0,1.0,0.0,0.0,0.0,0.0,1.0,0.0,0.0,0.0,0.0,0.0,0.0,0.0,0.0,0.0,0.0,0.0,1.0,0.0,1.0,1.0,0.0
-1.2487386500663098,-1.1832785015851675,-0.3120968709824746,-0.618231696534792,-1.2377320074858926,0.9164454439020248,0.4888949163375746,-0.6132186717941674,1.4162470485084402,-0.5651620931750502,-0.19333640133401533,-0.08977472600508395,0.0,1.0,0.0,0.0,0.0,0.0,0.0,0.0,0.0,1.0,1.0,0.0,0.0,1.0,0.0,0.0,0.0,0.0,0.0,0.0,0.0,0.0,0.0,0.0,0.0,1.0,0.0,0.0,1.0
-0.780247061697627,-1.0895642685022966,1.0667841939875273,-0.6303350164269823,-0.7164614394332702,-0.35418948698466474,-0.6513847719133283,-0.26347418217772206,-0.3358111558318982,-0.514920849070293,-1.3834803274683833,0.07494954189415268,0.0,1.0,0.0,0.0,0.0,0.0,0.0,1.0,0.0,0.0,0.0,1.0,0.0,0.0,0.0,1.0,0.0,0.0,0.0,0.0,0.0,0.0,0.0,0.0,0.0,1.0,0.0,0.0,1.0
-0.20020985705068647,1.0926385875702675,-0.5831589606774322,1.7741912021547956,-0.30604949233625073,-0.35418948698466474,-0.6513847719133283,-0.7880909166023902,-0.3358111558318982,-0.47866428115964355,0.7555621343677102,0.07494954189415268,1.0,0.0,0.0,1.0,0.0,0.0,0.0,1.0,0.0,0.0,1.0,0.0,0.0,1.0,0.0,0.0,0.0,0.0,0.0,0.0,0.0,0.0,0.0,0.0,1.0,0.0,0.0,1.0,0.0
0.9933282371266721,0.4500267035734388,-1.0418794201612067,-0.01306570192528424,1.39131660189187,-0.35418948698466474,-0.6513847719133283,-1.487579895835281,-0.3358111558318982,-0.5811754106689203,-0.3581874181296542,-1.3252067352493586,0.0,0.0,1.0,0.0,0.0,0.0,0.0,0.0,0.0,1.0,1.0,0.0,0.0,1.0,0.0,0.0,0.0,0.0,0.0,0.0,0.0,0.0,0.0,0.0,1.0,0.0,1.0,1.0,0.0
-0.8137107465811044,0.5839041794061115,-0.5260455437851838,-0.41650969833162277,-0.7392728066928174,-0.35418948698466474,0.4888949163375746,-0.08860193736949937,1.4162470485084402,-0.46101078559362496,-0.957280137704049,-0.4192232618035572,0.0,1.0,0.0,0.0,0.0,0.0,0.0,0.0,0.0,1.0,1.0,0.0,0.0,1.0,0.0,0.0,0.0,0.0,0.0,0.0,0.0,0.0,0.0,0.0,1.0,0.0,1.0,0.0,1.0
1.5845200034014384,2.4581888410635284,1.184637276463596,-1.2173460311982047,1.7661243203608126,-0.35418948698466474,2.7694542928393804,0.7857592866716141,-0.3358111558318982,4.222949325234671,0.6630847347018642,2.710537828281938,0.0,0.0,0.0,0.0,0.0,0.0,0.0,1.0,0.0,0.0,0.0,0.0,1.0,0.0,0.0,0.0,0.0,0.0,0.0,0.0,0.0,0.0,0.0,0.0,1.0,0.0,0.0,0.0,0.0
0.4328115153284266,-0.8887480547532877,1.71678927195169,2.8675244324159728,0.5236754590148075,-0.35418948698466474,-0.6513847719133283,-0.4383464269859448,-0.3358111558318982,0.06453679878740813,0.9445376902066134,-0.7486717976020304,1.0,0.0,0.0,0.0,1.0,0.0,0.0,1.0,0.0,0.0,0.0,0.0,0.0,1.0,0.0,0.0,0.0,0.0,0.0,0.0,0.0,0.0,0.0,0.0,1.0,1.0,0.0,1.0,0.0
1.054678326079714,-0.4871156272552697,0.046901749483087965,-0.5839389568402532,0.3074683953436613,-0.35418948698466474,0.4888949163375746,0.6108870418633914,-0.3358111558318982,1.5786369722846372,-1.6247257179010255,1.4751058190376638,1.0,1.0,0.0,0.0,0.0,0.0,0.0,1.0,0.0,0.0,0.0,1.0,0.0,1.0,0.0,0.0,0.0,0.0,0.0,0.0,0.0,0.0,0.0,0.0,1.0,0.0,1.0,1.0,0.0
-1.2598932116941357,-0.43356463692220065,-0.18336504243169202,-1.150777771791159,-1.2666700764249463,-0.35418948698466474,-0.6513847719133283,1.3103760210962823,-0.3358111558318982,-0.07448987411759414,-0.9653216507184703,0.4867602116422442,0.0,0.0,0.0,0.0,0.0,0.0,0.0,0.0,0.0,1.0,1.0,0.0,0.0,0.0,0.0,0.0,0.0,0.0,0.0,1.0,0.0,0.0,0.0,0.0,1.0,0.0,1.0,0.0,1.0
-0.18068937420199135,1.0390875972371985,0.35331976392086606,-0.6303350164269823,-0.048843619941864744,-0.35418948698466474,-0.6513847719133283,-0.7880909166023902,-0.3358111558318982,0.00851176884928551,1.7969380697352824,0.3220359437430076,0.0,1.0,0.0,0.0,0.0,0.0,0.0,1.0,0.0,0.0,0.0,1.0,0.0,1.0,0.0,0.0,0.0,0.0,0.0,0.0,0.0,0.0,0.0,0.0,1.0,0.0,0.0,1.0,0.0
-0.780247061697627,-1.156503006418633,0.7467677469563564,-0.30757981930191153,-0.6937271376036542,-0.35418948698466474,-0.6513847719133283,-0.4383464269859448,-0.3358111558318982,-0.46463644238468993,1.4350699840863193,-0.6663096636524121,0.0,1.0,0.0,0.0,0.0,0.0,0.0,0.0,0.0,1.0,1.0,0.0,0.0,1.0,0.0,0.0,0.0,0.0,0.0,0.0,0.0,0.0,0.0,0.0,1.0,1.0,0.0,0.0,1.0
-0.9252563628593622,-0.35323815142259707,-0.4063793369633295,-1.197173831377888,-0.9105507247142474,-0.35418948698466474,-0.6513847719133283,0.26114255224694605,-0.3358111558318982,-0.4708086914456695,-1.3231689798602229,-0.0074125920554656355,0.0,0.0,0.0,0.0,0.0,0.0,0.0,1.0,0.0,0.0,0.0,0.0,1.0,0.0,0.0,0.0,0.0,0.0,0.0,0.0,0.0,0.0,0.0,0.0,0.0,0.0,1.0,0.0,1.0
-0.8137107465811044,-0.3800136465891316,1.8418948518109008,-0.01306570192528424,-0.7116833827775544,-0.35418948698466474,1.6291746045884776,0.4360147970551687,3.1683052528487785,-0.056879541132421545,0.7676244038893423,0.40439807769262587,0.0,0.0,1.0,0.0,0.0,0.0,0.0,1.0,0.0,0.0,1.0,0.0,0.0,1.0,0.0,0.0,0.0,0.0,0.0,0.0,0.0,0.0,0.0,0.0,1.0,0.0,1.0,0.0,1.0
-0.6463923221637177,0.7981081407383878,-0.04012821911462426,-0.3257347991401967,-0.5426788949390859,2.187080374788714,0.4888949163375746,-0.08860193736949937,1.4162470485084402,-0.4501338152204301,0.8681433165696097,0.5691223455918625,0.0,1.0,0.0,0.0,0.0,0.0,0.0,0.0,0.0,1.0,0.0,1.0,1.0,0.0,0.0,0.0,0.0,0.0,0.0,0.0,0.0,0.0,0.0,0.0,1.0,0.0,0.0,0.0,1.0
-0.936410924487188,-1.0226255305859604,1.4720174852706243,-0.01306570192528424,-0.8544470917245506,-0.35418948698466474,-0.6513847719133283,0.7857592866716141,-0.3358111558318982,-0.48237626311240056,-0.7723253383723566,0.980933015339954,0.0,0.0,1.0,0.0,0.0,0.0,0.0,1.0,0.0,0.0,0.0,0.0,1.0,0.0,0.0,0.0,0.0,0.0,0.0,0.0,0.0,0.0,0.0,0.0,1.0,1.0,0.0,0.0,1.0
0.02288137550582915,0.5839041794061115,-0.9811397545773868,-0.21680492011048513,0.23394797518958074,0.9164454439020248,-0.6513847719133283,-0.08860193736949937,-0.3358111558318982,-0.09840194390628437,-0.16921186229075133,-0.5015853957531755,0.0,1.0,0.0,0.0,0.0,0.0,0.0,0.0,0.0,1.0,1.0,0.0,0.0,1.0,0.0,0.0,0.0,0.0,0.0,0.0,0.0,0.0,0.0,0.0,0.0,0.0,1.0,1.0,0.0
0.24597260806234478,-0.08548319975725176,0.28623416312679645,-0.30757981930191153,0.47577929431275195,2.187080374788714,0.4888949163375746,0.08627030743872333,-0.3358111558318982,-0.17190781908704156,-0.10085900166816929,-0.17213685995470224,0.0,1.0,0.0,0.0,0.0,0.0,0.0,1.0,0.0,0.0,1.0,0.0,0.0,1.0,0.0,0.0,0.0,0.0,0.0,0.0,0.0,0.0,0.0,0.0,1.0,0.0,1.0,1.0,0.0
1.6960656196796964,2.190433889398183,-0.8016404443446055,0.18865629627788502,2.265045913733473,-0.35418948698466474,0.4888949163375746,1.485248265904505,-0.3358111558318982,0.6570295460606047,0.4700884223557506,0.2396738097933893,0.0,0.0,1.0,0.0,0.0,0.0,0.0,1.0,0.0,0.0,1.0,0.0,1.0,0.0,0.0,0.0,0.0,0.0,0.0,0.0,0.0,0.0,0.0,0.0,1.0,0.0,0.0,0.0,0.0
1.9191568522362121,1.2532915585694748,-0.9512232028719233,-0.6666449761035527,2.278956223836001,-0.35418948698466474,-0.6513847719133283,-1.487579895835281,1.4162470485084402,0.06181755619410941,0.9927867682931419,-0.913396065501267,0.0,1.0,0.0,0.0,0.0,0.0,0.0,1.0,0.0,0.0,1.0,0.0,0.0,1.0,0.0,0.0,0.0,0.0,0.0,0.0,0.0,0.0,0.0,0.0,0.0,0.0,0.0,0.0,0.0
-0.7579379384419755,-0.9593282600122727,-1.0119628684557431,-0.31564869923003813,-0.6688735364509383,-0.35418948698466474,-0.6513847719133283,-0.9629631614106129,-0.3358111558318982,0.8311042346125681,0.2006977363726334,-0.5015853957531755,0.0,1.0,0.0,0.0,0.0,0.0,0.0,0.0,0.0,1.0,0.0,0.0,0.0,1.0,0.0,0.0,0.0,0.0,0.0,0.0,0.0,0.0,0.0,0.0,1.0,1.0,0.0,0.0,1.0
1.1383375382884073,0.9319856165710604,0.01698519777762457,-0.2147877001284535,0.4570909275545081,0.9164454439020248,-0.6513847719133283,1.1355037762880595,-0.3358111558318982,-0.4869514966820777,-1.009549972297788,1.8869164887857555,1.0,1.0,0.0,0.0,0.0,0.0,0.0,1.0,0.0,0.0,0.0,0.0,0.0,0.0,1.0,0.0,0.0,0.0,0.0,0.0,0.0,0.0,0.0,0.0,0.0,0.0,0.0,0.0,0.0
-0.4233010896072021,-0.7736134255371891,0.3252163365611883,-1.3303103501919795,-0.38696819376369807,0.9164454439020248,-0.6513847719133283,-0.26347418217772206,-0.3358111558318982,-0.10047374778689291,0.9686622292498773,-1.0781203334005036,0.0,0.0,0.0,0.0,0.0,0.0,0.0,1.0,0.0,0.0,1.0,0.0,1.0,0.0,0.0,0.0,0.0,0.0,0.0,0.0,0.0,0.0,0.0,0.0,0.0,1.0,0.0,1.0,0.0
-1.0925747872767488,1.2532915585694748,-0.43448276432300725,0.08779529717630039,-1.0315434497057638,-0.35418948698466474,1.6291746045884776,0.26114255224694605,1.4162470485084402,0.6580222854200629,1.5315681402593757,-0.0074125920554656355,0.0,0.0,1.0,0.0,0.0,0.0,0.0,1.0,0.0,0.0,1.0,0.0,0.0,0.0,1.0,0.0,0.0,0.0,0.0,0.0,0.0,0.0,0.0,0.0,0.0,0.0,0.0,0.0,1.0
0.3575182243406026,-0.8030664702203771,-0.20512253458112026,0.6869096318397132,0.768974722484869,0.9164454439020248,1.6291746045884776,-1.3127076510270583,-0.3358111558318982,-0.691283154407095,-1.6166842048866044,-1.6546552710478317,0.0,0.0,1.0,0.0,0.0,0.0,0.0,0.0,0.0,1.0,1.0,0.0,1.0,0.0,0.0,0.0,0.0,0.0,0.0,0.0,0.0,0.0,0.0,0.0,0.0,1.0,0.0,1.0,0.0
0.5025275255023377,-0.8351970644202186,-0.2033094102353343,1.047992008623386,1.0126556119263816,0.9164454439020248,0.4888949163375746,-0.6132186717941674,-0.3358111558318982,-0.591491267491117,-0.7079932342569855,-0.08977472600508395,0.0,0.0,0.0,1.0,0.0,0.0,0.0,1.0,0.0,0.0,0.0,1.0,0.0,1.0,0.0,0.0,0.0,0.0,0.0,0.0,0.0,0.0,0.0,0.0,1.0,1.0,0.0,1.0,0.0
0.6921550731753761,-0.8351970644202186,1.7158827097787974,0.9915098491264984,1.2389197142035107,-0.35418948698466474,-0.6513847719133283,-0.6132186717941674,-0.3358111558318982,-0.369074488391621,1.4551737666223727,-1.160482467350122,0.0,0.0,0.0,1.0,0.0,0.0,0.0,0.0,0.0,1.0,0.0,0.0,0.0,1.0,0.0,0.0,0.0,0.0,0.0,0.0,0.0,0.0,0.0,0.0,1.0,1.0,0.0,1.0,0.0
-0.9810291709984912,2.4581888410635284,-0.7907616982698915,-1.287948730569314,-0.9749003587065507,-0.35418948698466474,-0.6513847719133283,-0.6132186717941674,-0.3358111558318982,0.6257798375280925,-0.47076860033155404,0.4867602116422442,0.0,0.0,0.0,0.0,0.0,0.0,0.0,1.0,0.0,0.0,1.0,0.0,0.0,1.0,0.0,0.0,0.0,0.0,0.0,0.0,0.0,0.0,0.0,0.0,0.0,0.0,0.0,0.0,1.0
1.2666149970084037,1.52104651023482,-0.22416034021186954,-0.7190926956363767,1.5419795174067832,-0.35418948698466474,0.4888949163375746,0.7857592866716141,-0.3358111558318982,0.7100763579203525,-0.6677856691848784,0.6514844795414808,0.0,1.0,0.0,0.0,0.0,0.0,0.0,1.0,0.0,0.0,0.0,0.0,0.0,1.0,0.0,0.0,0.0,0.0,0.0,0.0,0.0,0.0,0.0,0.0,1.0,0.0,0.0,0.0,0.0
-0.5348467058854599,1.7888014619001653,1.085821999618277,1.045974788641354,-0.7017419423164679,-0.35418948698466474,-0.6513847719133283,2.8842262243702863,-0.3358111558318982,2.459973710579341,1.696419157055015,2.7928999622315565,1.0,0.0,0.0,1.0,0.0,0.0,0.0,1.0,0.0,0.0,0.0,1.0,0.0,0.0,1.0,0.0,0.0,0.0,0.0,0.0,0.0,0.0,0.0,0.0,0.0,0.0,0.0,1.0,0.0
-0.8694835547202333,-0.9833801518104672,0.8301714668624974,0.10796749699661724,-0.7687503336413873,-0.35418948698466474,-0.6513847719133283,0.26114255224694605,-0.3358111558318982,-0.3018271874335354,-0.402415739708972,-0.33686112785393885,0.0,0.0,1.0,0.0,0.0,0.0,0.0,0.0,0.0,1.0,0.0,1.0,0.0,0.0,0.0,0.0,0.0,0.0,1.0,0.0,0.0,0.0,0.0,0.0,0.0,1.0,0.0,0.0,1.0
0.02288137550582915,-0.4603401320887352,0.5436978202283616,-0.7291787955465352,0.16458908825176877,-0.35418948698466474,-0.6513847719133283,2.184737245137396,-0.3358111558318982,2.0858404598061155,-0.6919102082281426,2.1340028906346102,0.0,1.0,0.0,0.0,0.0,0.0,0.0,1.0,0.0,0.0,1.0,0.0,0.0,1.0,0.0,0.0,0.0,0.0,0.0,0.0,0.0,0.0,0.0,0.0,1.0,0.0,1.0,1.0,0.0
-0.9141018012315364,-0.6263482021212493,-0.41725808303804346,0.39037829448105427,-0.803815104259948,-0.35418948698466474,-0.6513847719133283,-0.08860193736949937,-0.3358111558318982,-0.6662056949355625,-1.7614314391461894,-0.8310339315516487,0.0,0.0,1.0,0.0,0.0,0.0,0.0,0.0,0.0,1.0,1.0,0.0,0.0,0.0,0.0,0.0,1.0,0.0,0.0,0.0,0.0,0.0,0.0,0.0,0.0,1.0,0.0,0.0,1.0
-0.31175547332894427,-0.8887480547532877,1.6179739951063707,0.4004643943912125,-0.0814808295176017,-0.35418948698466474,-0.6513847719133283,0.26114255224694605,-0.3358111558318982,-0.28797199898196585,1.189803837146466,-0.08977472600508395,0.0,0.0,1.0,0.0,0.0,0.0,0.0,0.0,0.0,1.0,0.0,0.0,0.0,1.0,0.0,0.0,0.0,0.0,0.0,0.0,0.0,0.0,0.0,0.0,1.0,1.0,0.0,1.0,0.0
0.8594734975927627,0.2358227422411626,-0.41544495869225784,0.18865629627788502,0.3315898749120337,0.9164454439020248,-0.6513847719133283,0.26114255224694605,-0.3358111558318982,-0.1552470628804812,-0.04054765406000874,0.07494954189415268,1.0,0.0,1.0,0.0,0.0,0.0,0.0,1.0,0.0,0.0,1.0,0.0,0.0,1.0,0.0,0.0,0.0,0.0,0.0,0.0,0.0,0.0,0.0,0.0,1.0,0.0,1.0,1.0,0.0
0.5806094568971182,0.18227175190809353,1.275293493752879,0.652616892145174,0.20069424217439646,-0.35418948698466474,1.6291746045884776,1.1355037762880595,-0.3358111558318982,0.8228170190901339,0.7113338127883927,1.3927436850880455,1.0,0.0,0.0,1.0,0.0,0.0,0.0,1.0,0.0,0.0,0.0,0.0,1.0,0.0,0.0,0.0,0.0,0.0,0.0,0.0,0.0,0.0,0.0,0.0,1.0,0.0,1.0,1.0,0.0
-1.2487386500663098,-0.6209931030879423,0.11308078810426496,0.5114114934029558,-1.2003938066843705,-0.35418948698466474,1.6291746045884776,-0.08860193736949937,-0.3358111558318982,-0.5818660119624565,0.2127600058942654,-0.6663096636524121,0.0,0.0,0.0,1.0,0.0,0.0,0.0,0.0,0.0,1.0,0.0,0.0,0.0,1.0,0.0,0.0,0.0,0.0,0.0,0.0,0.0,0.0,0.0,0.0,1.0,0.0,1.0,0.0,1.0
-0.9921837326263169,-0.808421569253684,-0.39278090436993696,1.24366234688046,-1.0927719337858657,-0.35418948698466474,0.4888949163375746,1.485248265904505,-0.3358111558318982,-0.503223789661024,0.7032922997739712,1.3103815511384274,1.0,0.0,0.0,1.0,0.0,0.0,0.0,0.0,0.0,1.0,0.0,1.0,0.0,1.0,0.0,0.0,0.0,0.0,0.0,0.0,0.0,0.0,0.0,0.0,0.0,1.0,0.0,0.0,1.0
-0.31175547332894427,0.8516591310714567,0.021518008642088485,-0.8845047341629755,-0.7327993105786216,-0.35418948698466474,-0.6513847719133283,-0.26347418217772206,-0.3358111558318982,0.4035357087519805,1.2380529152329947,0.6514844795414808,1.0,1.0,0.0,0.0,0.0,0.0,0.0,1.0,0.0,0.0,1.0,0.0,0.0,0.0,0.0,0.0,1.0,0.0,0.0,0.0,0.0,0.0,0.0,0.0,1.0,0.0,0.0,1.0,0.0
0.38261598800321056,-0.21936067558992442,-1.4452995870985181,0.652616892145174,0.7937127254926888,3.457715305675404,0.4888949163375746,-0.7880909166023902,-0.3358111558318982,-0.6421641374043342,-1.198525528136691,1.3927436850880455,0.0,0.0,0.0,1.0,0.0,0.0,0.0,0.0,0.0,1.0,1.0,0.0,0.0,1.0,0.0,0.0,0.0,0.0,0.0,0.0,0.0,0.0,0.0,0.0,1.0,0.0,1.0,1.0,0.0
0.5806094568971182,0.3964757132403698,0.17291389151519207,1.1488530077249706,1.1299106635662495,-0.35418948698466474,2.7694542928393804,1.6601205107127277,-0.3358111558318982,0.25488378031831777,0.7676244038893423,0.5691223455918625,0.0,0.0,0.0,1.0,0.0,0.0,0.0,0.0,0.0,1.0,0.0,1.0,1.0,0.0,0.0,0.0,0.0,0.0,0.0,0.0,0.0,0.0,0.0,0.0,1.0,0.0,1.0,1.0,0.0
-0.23646218234112026,-0.35323815142259707,0.17019420499651347,2.1070324991900247,-0.29437407970171897,-0.35418948698466474,0.4888949163375746,-0.08860193736949937,1.4162470485084402,-0.3480111489387675,0.32534118809616525,0.8162087474407175,1.0,0.0,0.0,0.0,0.0,1.0,0.0,0.0,1.0,0.0,0.0,1.0,0.0,1.0,0.0,0.0,0.0,0.0,0.0,0.0,0.0,0.0,0.0,0.0,0.0,0.0,1.0,1.0,0.0
-0.8639062739063205,-1.058385810910577,-0.13078443640390774,-0.16637442055969284,-1.0778212403792706,-0.35418948698466474,-0.6513847719133283,-0.6132186717941674,-0.3358111558318982,-0.254132535598693,1.2581566977690481,-0.9957581994508853,1.0,0.0,1.0,0.0,0.0,0.0,0.0,0.0,1.0,0.0,0.0,0.0,1.0,0.0,0.0,0.0,0.0,0.0,0.0,0.0,0.0,0.0,0.0,0.0,0.0,1.0,0.0,0.0,1.0
1.0267919220101493,0.03773762899914015,0.1393710911181571,-0.3257347991401967,1.3616464113684723,-0.35418948698466474,1.6291746045884776,-0.08860193736949937,-0.3358111558318982,-0.6996566950912212,-1.8619503518264569,0.8162087474407175,0.0,1.0,0.0,0.0,0.0,0.0,0.0,1.0,0.0,0.0,0.0,1.0,0.0,1.0,0.0,0.0,0.0,0.0,0.0,0.0,0.0,0.0,0.0,0.0,0.0,0.0,1.0,1.0,0.0
-0.7133196919306724,-0.1390341900903208,-0.7109842270553219,0.39037829448105427,-0.5634094955904987,-0.35418948698466474,-0.6513847719133283,-0.7880909166023902,-0.3358111558318982,0.06401884781725599,1.6682738615045398,0.8162087474407175,0.0,0.0,1.0,0.0,0.0,0.0,0.0,1.0,0.0,0.0,0.0,0.0,0.0,0.0,0.0,0.0,0.0,1.0,0.0,0.0,0.0,0.0,0.0,0.0,1.0,0.0,1.0,0.0,1.0
0.02288137550582915,-0.24613617075645894,-0.6556839345088591,0.18865629627788502,-0.34069040309019133,-0.35418948698466474,-0.6513847719133283,1.3103760210962823,1.4162470485084402,-0.010911392531419557,-1.07790283292037,0.8985708813903357,1.0,0.0,1.0,0.0,0.0,0.0,0.0,1.0,0.0,0.0,0.0,0.0,1.0,0.0,0.0,0.0,0.0,0.0,0.0,0.0,0.0,0.0,0.0,0.0,1.0,0.0,1.0,1.0,0.0
-0.8053448253602351,-0.9977778710714162,0.2082698162580127,-0.5314912373074293,-0.7376544326642683,-0.35418948698466474,0.4888949163375746,-0.26347418217772206,-0.3358111558318982,0.03527256897381249,1.032994333365249,-0.8310339315516487,0.0,1.0,0.0,0.0,0.0,0.0,0.0,0.0,0.0,1.0,0.0,0.0,0.0,1.0,0.0,0.0,0.0,0.0,0.0,0.0,0.0,0.0,0.0,0.0,1.0,1.0,0.0,0.0,1.0
0.48021840224668616,-0.4148217903056265,-1.238603411678952,2.659750774266708,0.5287232446752818,-0.35418948698466474,0.4888949163375746,-0.6132186717941674,-0.3358111558318982,-0.26557061952288596,-1.0015084592833665,-0.5015853957531755,1.0,0.0,0.0,0.0,1.0,0.0,0.0,1.0,0.0,0.0,1.0,0.0,0.0,1.0,0.0,0.0,0.0,0.0,0.0,0.0,0.0,0.0,0.0,0.0,0.0,0.0,1.0,1.0,0.0
-0.8694835547202333,0.9855366069041295,-0.14347630682440718,-0.7836437350613908,-0.8253934246406005,-0.35418948698466474,-0.6513847719133283,1.485248265904505,-0.3358111558318982,0.30965709541190606,1.9416853039948674,0.6514844795414808,0.0,1.0,0.0,0.0,0.0,0.0,0.0,0.0,1.0,0.0,1.0,0.0,0.0,1.0,0.0,0.0,0.0,0.0,0.0,0.0,0.0,0.0,0.0,0.0,1.0,0.0,0.0,0.0,1.0
1.4729743871231806,0.9855366069041295,0.07228549032408745,-1.243569890964617,1.640700333148269,-0.35418948698466474,1.6291746045884776,1.485248265904505,-0.3358111558318982,1.1410978902486208,-0.8406781989949385,0.3220359437430076,0.0,0.0,0.0,0.0,0.0,0.0,0.0,0.0,1.0,0.0,1.0,0.0,1.0,0.0,0.0,0.0,0.0,0.0,0.0,0.0,0.0,0.0,0.0,0.0,0.0,0.0,0.0,0.0,0.0
0.02288137550582915,0.02161878090888636,-1.046412231025671,0.9108210498452309,-0.23102629629851737,-0.35418948698466474,-0.6513847719133283,-0.4383464269859448,-0.3358111558318982,-0.3546581863890532,-0.6637649126776677,-0.08977472600508395,1.0,0.0,0.0,1.0,0.0,0.0,0.0,1.0,0.0,0.0,0.0,0.0,0.0,1.0,0.0,0.0,0.0,0.0,0.0,0.0,0.0,0.0,0.0,0.0,1.0,0.0,1.0,1.0,0.0
1.6960656196796964,-0.35323815142259707,1.13477635695449,1.580538083879753,1.4348971025177948,-0.35418948698466474,-0.6513847719133283,0.9606315314798368,1.4162470485084402,0.30849170572906376,1.109388707002252,0.15731167584377098,1.0,0.0,0.0,1.0,0.0,0.0,0.0,1.0,0.0,0.0,1.0,0.0,0.0,1.0,0.0,0.0,0.0,0.0,0.0,0.0,0.0,0.0,0.0,0.0,1.0,0.0,1.0,0.0,0.0
0.5806094568971182,-0.18455253187342952,-0.3891546556783655,-1.5602734281435924,0.6355359305595119,-0.35418948698466474,-0.6513847719133283,1.485248265904505,-0.3358111558318982,1.6386761222414388,-0.8768650075598349,0.7338466134910991,0.0,0.0,0.0,0.0,0.0,0.0,0.0,0.0,1.0,0.0,0.0,0.0,0.0,1.0,0.0,0.0,0.0,0.0,0.0,0.0,0.0,0.0,0.0,0.0,1.0,0.0,1.0,1.0,0.0
-0.044045994261125536,-0.43356463692220065,-0.14528943117019313,-0.13409890084718573,0.1680570325986595,0.9164454439020248,-0.6513847719133283,-0.08860193736949937,-0.3358111558318982,-0.6711262291520078,-1.2749199017736943,0.40439807769262587,0.0,0.0,1.0,0.0,0.0,0.0,0.0,1.0,0.0,0.0,1.0,0.0,0.0,1.0,0.0,0.0,0.0,0.0,0.0,0.0,0.0,0.0,0.0,0.0,1.0,0.0,1.0,1.0,0.0
-0.6463923221637177,-0.8887480547532877,0.508341895485541,-0.2147877001284535,-0.5335851742072395,3.457715305675404,0.4888949163375746,-0.4383464269859448,-0.3358111558318982,-0.2652253188761179,-0.9532593811968382,-0.0074125920554656355,0.0,1.0,0.0,0.0,0.0,0.0,0.0,0.0,0.0,1.0,0.0,0.0,0.0,1.0,0.0,0.0,0.0,0.0,0.0,0.0,0.0,0.0,0.0,0.0,1.0,1.0,0.0,0.0,1.0
-0.7579379384419755,-0.20597292800665715,1.8464276626753655,-1.1790188515396025,-0.7304873476806945,-0.35418948698466474,1.6291746045884776,0.26114255224694605,-0.3358111558318982,-0.32949440175582867,-0.7964498774156209,1.0632951492895724,0.0,0.0,0.0,0.0,0.0,0.0,0.0,1.0,0.0,0.0,0.0,1.0,1.0,0.0,0.0,0.0,0.0,0.0,0.0,0.0,0.0,0.0,0.0,0.0,0.0,0.0,1.0,0.0,1.0
0.5806094568971182,0.7177816552387841,-0.8324635582229618,-0.2147877001284535,0.8740534361956545,-0.35418948698466474,-0.6513847719133283,-1.3127076510270583,-0.3358111558318982,-0.3515073179872944,1.6280662964324328,-1.6546552710478317,0.0,1.0,0.0,0.0,0.0,0.0,0.0,1.0,0.0,0.0,1.0,0.0,0.0,1.0,0.0,0.0,0.0,0.0,0.0,0.0,0.0,0.0,0.0,0.0,0.0,0.0,0.0,1.0,0.0
-0.6463923221637177,0.20904724707462807,0.23637324361769046,-0.4871123977027319,-0.5558185507423047,-0.35418948698466474,-0.6513847719133283,-0.7880909166023902,-0.3358111558318982,0.4671573529190011,1.881373956386707,-0.0074125920554656355,0.0,1.0,0.0,0.0,0.0,0.0,0.0,0.0,0.0,1.0,0.0,1.0,0.0,1.0,0.0,0.0,0.0,0.0,0.0,0.0,0.0,0.0,0.0,0.0,1.0,0.0,1.0,0.0,1.0
-1.3491297047167419,0.8516591310714567,0.3723575695516157,0.40248161437324453,-1.3243535507282265,3.457715305675404,0.4888949163375746,0.08627030743872333,-0.3358111558318982,-0.5127627200279925,-1.399563353497226,0.5691223455918625,0.0,0.0,1.0,0.0,0.0,0.0,0.0,1.0,0.0,0.0,0.0,0.0,1.0,0.0,0.0,0.0,0.0,0.0,0.0,0.0,0.0,0.0,0.0,0.0,0.0,0.0,0.0,0.0,1.0
-0.9810291709984912,-1.1832785015851675,0.44216285686436396,1.0883364082640197,-0.8441973895437407,-0.35418948698466474,-0.6513847719133283,-0.7880909166023902,-0.3358111558318982,-0.5377106917569869,0.00368066751930904,-1.3252067352493586,0.0,0.0,0.0,1.0,0.0,0.0,0.0,0.0,0.0,1.0,0.0,0.0,1.0,0.0,0.0,0.0,0.0,0.0,0.0,0.0,0.0,0.0,0.0,0.0,1.0,1.0,0.0,0.0,1.0
-1.3156660198332646,-1.2903804822513056,-0.028342910867017176,-0.4326474581878763,-1.307322090713497,-0.35418948698466474,-0.6513847719133283,-0.6132186717941674,-0.3358111558318982,-0.6584364303832805,-1.644829500437079,-1.160482467350122,0.0,1.0,0.0,0.0,0.0,0.0,0.0,0.0,0.0,1.0,0.0,0.0,0.0,1.0,0.0,0.0,0.0,0.0,0.0,0.0,0.0,0.0,0.0,0.0,1.0,1.0,0.0,0.0,1.0
-1.3714388279723935,-0.6464565989913167,0.9262670571891378,-0.618231696534792,-1.3744846128982786,2.187080374788714,0.4888949163375746,0.26114255224694605,-0.3358111558318982,-0.33553716307427023,0.2529675709663724,0.15731167584377098,0.0,1.0,0.0,0.0,0.0,0.0,0.0,0.0,0.0,1.0,1.0,0.0,0.0,1.0,0.0,0.0,0.0,0.0,0.0,0.0,0.0,0.0,0.0,0.0,1.0,1.0,0.0,0.0,1.0
-1.0925747872767488,-1.3439314725843747,-1.210499984319274,-1.4170508094193424,-1.0988986354653723,-0.35418948698466474,-0.6513847719133283,-0.9629631614106129,-0.3358111558318982,-0.7122601686982565,-1.9423654819706708,-1.2428446012997403,0.0,0.0,0.0,0.0,0.0,0.0,0.0,1.0,0.0,0.0,0.0,0.0,0.0,0.0,0.0,0.0,0.0,0.0,0.0,1.0,0.0,0.0,0.0,0.0,1.0,1.0,0.0,0.0,1.0
0.5806094568971182,0.2625982374076971,-0.3293215522674384,1.2940928464312522,0.33382477238003,0.9164454439020248,2.7694542928393804,0.08627030743872333,-0.3358111558318982,-0.2227101767427968,0.7394791083388678,0.8162087474407175,1.0,0.0,0.0,1.0,0.0,0.0,0.0,1.0,0.0,0.0,1.0,0.0,0.0,1.0,0.0,0.0,0.0,0.0,0.0,0.0,0.0,0.0,0.0,0.0,1.0,0.0,1.0,1.0,0.0
2.2537937010709856,2.4581888410635284,-0.5550555333177543,-0.9712451933903382,2.555852313577733,9.810889960108852,-0.6513847719133283,0.6108870418633914,3.1683052528487785,0.5071690653632536,0.7917489429326068,0.7338466134910991,0.0,1.0,0.0,0.0,0.0,0.0,0.0,0.0,0.0,1.0,1.0,0.0,0.0,1.0,0.0,0.0,0.0,0.0,0.0,0.0,0.0,0.0,0.0,0.0,1.0,0.0,0.0,0.0,0.0
1.4729743871231806,-0.808421569253684,6.245973887724293,3.1600213298105677,1.7210410438512345,-0.35418948698466474,-0.6513847719133283,0.4360147970551687,-0.3358111558318982,0.1077857047951114,0.5384412829783326,0.3220359437430076,1.0,0.0,0.0,0.0,0.0,1.0,0.0,1.0,0.0,0.0,0.0,1.0,0.0,1.0,0.0,0.0,0.0,0.0,0.0,0.0,0.0,0.0,0.0,0.0,1.0,1.0,0.0,0.0,0.0
-0.03289143263329976,0.18227175190809353,0.3832363156263298,-0.9409868936598628,-0.5419082406397768,-0.35418948698466474,0.4888949163375746,0.6108870418633914,-0.3358111558318982,1.8633373555449273,-0.00034008898790171974,0.7338466134910991,1.0,1.0,0.0,0.0,0.0,0.0,0.0,1.0,0.0,0.0,0.0,1.0,0.0,1.0,0.0,0.0,0.0,0.0,0.0,0.0,0.0,0.0,0.0,0.0,0.0,0.0,1.0,1.0,0.0
-0.49022845937415677,-1.263604987084771,1.6487971089847275,1.2376106869343653,-0.6415153088254679,2.187080374788714,0.4888949163375746,-0.4383464269859448,-0.3358111558318982,0.26942957006342355,0.30121664905290096,-0.0074125920554656355,1.0,0.0,0.0,0.0,1.0,0.0,0.0,0.0,1.0,0.0,0.0,1.0,0.0,1.0,0.0,0.0,0.0,0.0,0.0,0.0,0.0,0.0,0.0,0.0,1.0,1.0,0.0,1.0,0.0
0.5806094568971182,1.2532915585694748,-0.006585418717589281,-1.0418478927614476,0.7257795490085985,-0.35418948698466474,-0.6513847719133283,0.7857592866716141,-0.3358111558318982,0.5791210876335543,0.5866903610648606,-0.17213685995470224,0.0,0.0,0.0,0.0,0.0,0.0,0.0,1.0,0.0,0.0,1.0,0.0,0.0,1.0,0.0,0.0,0.0,0.0,0.0,0.0,0.0,0.0,0.0,0.0,0.0,0.0,0.0,1.0,0.0
-0.9029472396037107,-0.08548319975725176,-0.13350412292258604,-1.5602734281435924,-0.9078149019517003,-0.35418948698466474,-0.6513847719133283,-0.08860193736949937,-0.3358111558318982,-0.4792685572914877,-1.6367879874226579,-0.17213685995470224,0.0,0.0,0.0,0.0,0.0,0.0,0.0,0.0,0.0,1.0,0.0,0.0,0.0,0.0,1.0,0.0,0.0,0.0,0.0,0.0,0.0,0.0,0.0,0.0,1.0,0.0,1.0,0.0,1.0
-0.1779007337950349,1.0658630924037331,-0.6221411341118241,-0.6303350164269823,-0.0457224700296632,0.9164454439020248,-0.6513847719133283,-0.08860193736949937,-0.3358111558318982,0.25061068481456267,0.8922678556128744,0.15731167584377098,0.0,1.0,0.0,0.0,0.0,0.0,0.0,0.0,0.0,1.0,1.0,0.0,1.0,0.0,0.0,0.0,0.0,0.0,0.0,0.0,0.0,0.0,0.0,0.0,0.0,0.0,0.0,1.0,0.0
0.6921550731753761,0.18227175190809353,-0.4789043107947562,-1.5602734281435924,0.7515964680354505,-0.35418948698466474,-0.6513847719133283,-0.7880909166023902,-0.3358111558318982,0.8200546139159892,0.44194312680527553,-0.5839475297027937,0.0,0.0,0.0,0.0,0.0,0.0,0.0,1.0,0.0,0.0,0.0,1.0,0.0,1.0,0.0,0.0,0.0,0.0,0.0,0.0,0.0,0.0,0.0,0.0,1.0,0.0,1.0,1.0,0.0
2.2537937010709856,2.2707603748977867,-0.07095133299298063,0.9955442890905617,3.189715474759403,3.457715305675404,0.4888949163375746,1.485248265904505,-0.3358111558318982,0.8697347444697482,0.6188564131225467,1.3103815511384274,0.0,0.0,0.0,1.0,0.0,0.0,0.0,1.0,0.0,0.0,1.0,0.0,0.0,1.0,0.0,0.0,0.0,0.0,0.0,0.0,0.0,0.0,0.0,0.0,1.0,0.0,0.0,0.0,0.0
-1.0925747872767488,-0.6209931030879423,-0.5441767872430404,-0.7836437350613908,-1.0710780152603168,-0.35418948698466474,1.6291746045884776,-1.3127076510270583,4.920363457189116,-0.4146973363458549,0.341424214125008,-0.5839475297027937,0.0,1.0,0.0,0.0,0.0,0.0,0.0,1.0,0.0,0.0,1.0,0.0,1.0,0.0,0.0,0.0,0.0,0.0,0.0,0.0,0.0,0.0,0.0,0.0,1.0,0.0,1.0,0.0,1.0
0.5806094568971182,-0.08548319975725176,1.6433577359473701,-1.0418478927614476,0.7257795490085985,-0.35418948698466474,-0.6513847719133283,1.1355037762880595,1.4162470485084402,0.6110182348787567,0.22884303192310843,0.8162087474407175,0.0,0.0,0.0,0.0,0.0,0.0,0.0,0.0,0.0,1.0,0.0,1.0,1.0,0.0,0.0,0.0,0.0,0.0,0.0,0.0,0.0,0.0,0.0,0.0,1.0,0.0,1.0,1.0,0.0
-1.4829844442506512,0.3161492277407662,-1.4008780406267693,0.5961347326482872,-1.4820294203668525,-0.35418948698466474,-0.6513847719133283,-1.3127076510270583,-0.3358111558318982,-0.5115110051834582,1.6642531049973293,-1.2428446012997403,0.0,0.0,1.0,0.0,0.0,0.0,0.0,0.0,0.0,1.0,1.0,0.0,0.0,0.0,0.0,0.0,0.0,0.0,0.0,0.0,1.0,0.0,0.0,0.0,1.0,0.0,1.0,0.0,1.0
-0.8137107465811044,0.18227175190809353,-0.9829528789231724,-1.4009130495630886,-0.8046628239891879,-0.35418948698466474,-0.6513847719133283,0.26114255224694605,-0.3358111558318982,-0.5712480170743377,-1.6287464744082363,-0.25449899390432057,0.0,0.0,0.0,0.0,0.0,0.0,0.0,1.0,0.0,0.0,0.0,0.0,0.0,0.0,0.0,0.0,0.0,0.0,0.0,0.0,0.0,1.0,0.0,0.0,1.0,0.0,1.0,0.0,1.0
0.02288137550582915,0.9319856165710604,1.3106494184956996,2.8675244324159728,0.6827770391071548,-0.35418948698466474,-0.6513847719133283,-0.4383464269859448,-0.3358111558318982,2.0013712890904714,0.8761848295840313,-0.7486717976020304,0.0,0.0,0.0,0.0,1.0,0.0,0.0,1.0,0.0,0.0,1.0,0.0,0.0,1.0,0.0,0.0,0.0,0.0,0.0,0.0,0.0,0.0,0.0,0.0,0.0,0.0,0.0,1.0,0.0
-1.1595021570437036,-0.0319322094241827,-0.4544271321266497,-1.025710132905194,-1.15423161415576,0.9164454439020248,-0.6513847719133283,-0.6132186717941674,-0.3358111558318982,0.08568646340195364,0.5746280915432286,-0.913396065501267,0.0,0.0,0.0,0.0,0.0,0.0,0.0,1.0,0.0,0.0,1.0,0.0,0.0,0.0,0.0,0.0,1.0,0.0,0.0,0.0,0.0,0.0,0.0,0.0,1.0,0.0,1.0,0.0,1.0
-1.2041204035550068,-0.8753603071700203,-0.7254892218216074,-0.07358230138623516,-1.1682575224031841,-0.35418948698466474,-0.6513847719133283,-0.6132186717941674,-0.3358111558318982,-0.3529316831552128,0.08811655417073384,-1.0781203334005036,0.0,0.0,1.0,0.0,0.0,0.0,0.0,0.0,0.0,1.0,1.0,0.0,0.0,0.0,0.0,0.0,0.0,1.0,0.0,0.0,0.0,0.0,0.0,0.0,0.0,1.0,0.0,0.0,1.0
-0.31175547332894427,-1.210053996751702,-0.32841499009454556,-0.618231696534792,-0.7030520546252933,-0.35418948698466474,-0.6513847719133283,-1.487579895835281,-0.3358111558318982,-0.3257824198030717,0.2328637884303189,-1.160482467350122,1.0,1.0,0.0,0.0,0.0,0.0,0.0,0.0,1.0,0.0,0.0,0.0,1.0,0.0,0.0,0.0,0.0,0.0,0.0,0.0,0.0,0.0,0.0,0.0,0.0,1.0,0.0,1.0,0.0
-0.40099196635155054,-0.8041374900270385,-1.2068737356277026,-1.4089819294912156,-0.37097711705303593,-0.35418948698466474,-0.6513847719133283,-0.9629631614106129,-0.3358111558318982,-0.26311035241466335,-1.2628576322520622,-0.913396065501267,0.0,0.0,0.0,0.0,0.0,0.0,0.0,0.0,0.0,1.0,0.0,0.0,0.0,1.0,0.0,0.0,0.0,0.0,0.0,0.0,0.0,0.0,0.0,0.0,0.0,1.0,0.0,1.0,0.0
0.5806094568971182,1.2532915585694748,-0.5641211550466828,-1.0821922924020813,0.7186895294549555,-0.35418948698466474,1.6291746045884776,0.08627030743872333,-0.3358111558318982,0.3984425242121512,0.6349394391513892,0.5691223455918625,0.0,0.0,0.0,0.0,0.0,0.0,0.0,1.0,0.0,0.0,1.0,0.0,1.0,0.0,0.0,0.0,0.0,0.0,0.0,0.0,0.0,0.0,0.0,0.0,0.0,0.0,0.0,1.0,0.0
-1.0925747872767488,-1.2903804822513056,0.31524415265936717,0.1241052568528708,-1.0298865429622492,-0.35418948698466474,0.4888949163375746,-0.9629631614106129,-0.3358111558318982,-0.5480697111600297,-0.5431422174613466,-1.3252067352493586,0.0,0.0,1.0,0.0,0.0,0.0,0.0,1.0,0.0,0.0,0.0,1.0,0.0,1.0,0.0,0.0,0.0,0.0,0.0,0.0,0.0,0.0,0.0,0.0,1.0,1.0,0.0,0.0,1.0
0.7339846792797227,-0.40411159223901266,0.7821236716991771,0.5114114934029558,1.1937593722640019,-0.35418948698466474,0.4888949163375746,0.9606315314798368,-0.3358111558318982,0.673560814524627,0.7595828908749213,0.07494954189415268,0.0,0.0,1.0,0.0,0.0,0.0,0.0,0.0,0.0,1.0,1.0,0.0,0.0,1.0,0.0,0.0,0.0,0.0,0.0,0.0,0.0,0.0,0.0,0.0,1.0,0.0,1.0,1.0,0.0
0.5806094568971182,2.1368828990651143,-0.3139099953282602,-0.9833485132825285,0.7360677839043739,-0.35418948698466474,-0.6513847719133283,-0.26347418217772206,-0.3358111558318982,-0.4142225479565488,0.5384412829783326,1.4751058190376638,0.0,1.0,0.0,0.0,0.0,0.0,0.0,1.0,0.0,0.0,1.0,0.0,0.0,1.0,0.0,0.0,0.0,0.0,0.0,0.0,0.0,0.0,0.0,0.0,0.0,0.0,0.0,1.0,0.0
1.1383375382884073,0.5035776939065079,-0.08364320341348006,1.3989882854969002,0.8663854259175297,2.187080374788714,-0.6513847719133283,1.6601205107127277,-0.3358111558318982,0.3117720618733606,-0.43458179176665745,1.3103815511384274,1.0,0.0,0.0,0.0,1.0,0.0,0.0,1.0,0.0,0.0,1.0,0.0,0.0,1.0,0.0,0.0,0.0,0.0,0.0,0.0,0.0,0.0,0.0,0.0,1.0,0.0,1.0,0.0,0.0
-0.3619510006541603,-1.0761765209190293,1.0640645074688486,1.6935024028735275,0.0017883675227379299,-0.35418948698466474,0.4888949163375746,-0.4383464269859448,-0.3358111558318982,0.05655172133089604,0.3615279966610615,-0.9957581994508853,0.0,0.0,0.0,1.0,0.0,0.0,0.0,0.0,0.0,1.0,0.0,1.0,0.0,1.0,0.0,0.0,0.0,0.0,0.0,0.0,0.0,0.0,0.0,0.0,0.0,1.0,0.0,1.0,0.0
-0.7579379384419755,-1.2368294919182365,-0.0800169547219088,-1.3242586902458844,-0.7406214517166081,0.9164454439020248,-0.6513847719133283,-0.4383464269859448,-0.3358111558318982,-0.5889015126403563,-1.8941164038841427,-0.17213685995470224,0.0,0.0,0.0,0.0,0.0,0.0,0.0,0.0,0.0,1.0,0.0,0.0,0.0,0.0,0.0,0.0,0.0,0.0,0.0,1.0,0.0,0.0,0.0,0.0,0.0,1.0,0.0,0.0,1.0
-0.5348467058854599,-0.35323815142259707,-1.2730527742488795,-0.4044063784394325,-0.8465093524416677,-0.35418948698466474,0.4888949163375746,0.08627030743872333,-0.3358111558318982,-0.5775497538778553,-1.4437916750765438,-0.913396065501267,1.0,1.0,0.0,0.0,0.0,0.0,0.0,0.0,0.0,1.0,0.0,0.0,0.0,1.0,0.0,0.0,0.0,0.0,0.0,0.0,0.0,0.0,0.0,0.0,1.0,0.0,1.0,1.0,0.0
-1.3156660198332646,-1.3439314725843747,-1.5423017395980514,1.580538083879753,-1.250409270709526,-0.35418948698466474,0.4888949163375746,-1.6624521406435036,-0.3358111558318982,-0.7183029300166981,-2.038863638143728,-1.73701740499745,0.0,0.0,0.0,1.0,0.0,0.0,0.0,0.0,0.0,1.0,0.0,1.0,0.0,0.0,0.0,0.0,0.0,0.0,0.0,1.0,0.0,0.0,0.0,0.0,1.0,1.0,0.0,0.0,1.0
0.5806094568971182,-0.21936067558992442,1.0250823340344568,0.40248161437324453,0.1501393201397246,0.9164454439020248,-0.6513847719133283,-0.08860193736949937,-0.3358111558318982,0.2523371880484031,0.9968075248003524,-0.33686112785393885,1.0,0.0,1.0,0.0,0.0,0.0,0.0,0.0,0.0,1.0,0.0,0.0,1.0,0.0,0.0,0.0,0.0,0.0,0.0,0.0,0.0,0.0,0.0,0.0,1.0,0.0,1.0,1.0,0.0
-1.2041204035550068,-1.2903804822513056,1.1646929086599536,-0.08770284126045706,-1.168758447697735,-0.35418948698466474,-0.6513847719133283,-0.7880909166023902,-0.3358111558318982,-0.34934918894499384,-0.2496269924349654,-1.3252067352493586,0.0,0.0,1.0,0.0,0.0,0.0,0.0,0.0,0.0,1.0,1.0,0.0,1.0,0.0,0.0,0.0,0.0,0.0,0.0,0.0,0.0,0.0,0.0,0.0,1.0,1.0,0.0,0.0,1.0
-0.5348467058854599,-0.5674421127548733,1.3188084780517355,-0.632352236409014,-0.4433800884731184,-0.35418948698466474,0.4888949163375746,1.485248265904505,-0.3358111558318982,0.14973973337743435,-0.6597441561704569,0.980933015339954,0.0,1.0,0.0,0.0,0.0,0.0,0.0,0.0,0.0,1.0,0.0,0.0,0.0,1.0,0.0,0.0,0.0,0.0,0.0,0.0,0.0,0.0,0.0,0.0,1.0,0.0,1.0,1.0,0.0
-0.31175547332894427,0.8516591310714567,-1.4171961597388403,1.0096648289647836,-0.5095792927837633,2.187080374788714,-0.6513847719133283,-0.6132186717941674,-0.3358111558318982,-0.45682401525156185,-0.482830869853186,-0.0074125920554656355,1.0,0.0,0.0,1.0,0.0,0.0,0.0,0.0,0.0,1.0,1.0,0.0,1.0,0.0,0.0,0.0,0.0,0.0,0.0,0.0,0.0,0.0,0.0,0.0,1.0,0.0,0.0,1.0,0.0
-0.31175547332894427,-0.6209931030879423,-0.11809256598340802,1.3041789463414108,0.021863912019738085,-0.35418948698466474,1.6291746045884776,-0.7880909166023902,-0.3358111558318982,-0.384440367172801,1.4511530101151617,-1.3252067352493586,0.0,0.0,0.0,1.0,0.0,0.0,0.0,0.0,0.0,1.0,0.0,0.0,0.0,1.0,0.0,0.0,0.0,0.0,0.0,0.0,0.0,0.0,0.0,0.0,0.0,0.0,1.0,1.0,0.0
-1.0925747872767488,-0.7816460740871496,-0.3556118552813307,-0.08972006124248871,-1.0397123852784396,-0.35418948698466474,-0.6513847719133283,-0.9629631614106129,-0.3358111558318982,-0.575823250644015,0.023784450055362553,-1.3252067352493586,0.0,0.0,1.0,0.0,0.0,0.0,0.0,1.0,0.0,0.0,0.0,0.0,0.0,1.0,0.0,0.0,0.0,0.0,0.0,0.0,0.0,0.0,0.0,0.0,1.0,1.0,0.0,0.0,1.0
-0.32291003495677006,-0.8887480547532877,-0.005678856544696304,1.197266287293731,-0.004685128591457879,-0.35418948698466474,-0.6513847719133283,-0.6132186717941674,1.4162470485084402,-0.392209631725083,-0.012402358509533713,-1.160482467350122,0.0,0.0,0.0,1.0,0.0,0.0,0.0,0.0,0.0,1.0,1.0,0.0,0.0,1.0,0.0,0.0,0.0,0.0,0.0,0.0,0.0,0.0,0.0,0.0,1.0,1.0,0.0,1.0,0.0
-0.5264807846645906,-1.0226255305859604,-0.020183851310981677,-0.6666449761035527,-0.4371377886487153,-0.35418948698466474,-0.6513847719133283,-0.08860193736949937,-0.3358111558318982,-0.6823485001719707,-1.5603936137856542,0.07494954189415268,0.0,1.0,0.0,0.0,0.0,0.0,0.0,0.0,1.0,0.0,0.0,0.0,1.0,0.0,0.0,0.0,0.0,0.0,0.0,0.0,0.0,0.0,0.0,0.0,1.0,1.0,0.0,1.0,0.0
-0.5348467058854599,0.02161878090888636,0.30889821744911733,-0.4326474581878763,-0.42538531058425266,-0.35418948698466474,1.6291746045884776,0.7857592866716141,-0.3358111558318982,-0.3084742248838212,-0.6838686952137212,-0.4192232618035572,0.0,1.0,0.0,0.0,0.0,0.0,0.0,1.0,0.0,0.0,0.0,0.0,1.0,0.0,0.0,0.0,0.0,0.0,0.0,0.0,0.0,0.0,0.0,0.0,0.0,0.0,1.0,1.0,0.0
-1.2598932116941357,-1.156503006418633,0.033303316889695574,0.10796749699661724,-1.2270199127254973,2.187080374788714,0.4888949163375746,0.08627030743872333,-0.3358111558318982,-0.579966858405232,-1.5523521007712329,-0.8310339315516487,0.0,0.0,1.0,0.0,0.0,0.0,0.0,0.0,0.0,1.0,0.0,0.0,0.0,1.0,0.0,0.0,0.0,0.0,0.0,0.0,0.0,0.0,0.0,0.0,1.0,1.0,0.0,0.0,1.0
1.1383375382884073,-0.7816460740871496,1.084915437445384,-0.08770284126045706,1.5429428352809196,0.9164454439020248,-0.6513847719133283,-1.1378354062188356,-0.3358111558318982,0.34776965429893403,1.8773531998794966,-0.25449899390432057,0.0,0.0,1.0,0.0,0.0,0.0,0.0,0.0,0.0,1.0,0.0,0.0,0.0,1.0,0.0,0.0,0.0,0.0,0.0,0.0,0.0,0.0,0.0,0.0,0.0,1.0,0.0,0.0,0.0
-0.5348467058854599,-0.9422990450863568,-1.2304443521229165,-1.384775289706835,-0.5096948909286598,-0.35418948698466474,-0.6513847719133283,-0.7880909166023902,-0.3358111558318982,-0.5362863265890686,-0.4989138958820288,-1.160482467350122,0.0,0.0,0.0,0.0,0.0,0.0,0.0,0.0,0.0,1.0,0.0,0.0,1.0,0.0,0.0,0.0,0.0,0.0,0.0,0.0,0.0,0.0,0.0,0.0,0.0,1.0,0.0,1.0,0.0
2.2537937010709856,1.119414082736802,0.7050658870032862,-0.9833485132825285,2.5521146402260837,-0.35418948698466474,-0.6513847719133283,0.9606315314798368,-0.3358111558318982,1.0232208819581643,1.0249528203508274,1.3103815511384274,0.0,1.0,0.0,0.0,0.0,0.0,0.0,1.0,0.0,0.0,0.0,1.0,0.0,1.0,0.0,0.0,0.0,0.0,0.0,0.0,0.0,0.0,0.0,0.0,0.0,0.0,0.0,0.0,0.0
-0.4456102128628536,-0.4871156272552697,-0.13169099857680042,-0.31564869923003813,-0.77025310952504,-0.35418948698466474,0.4888949163375746,-0.7880909166023902,-0.3358111558318982,-0.6216619115024788,-0.49087238286760754,0.8162087474407175,1.0,1.0,0.0,0.0,0.0,0.0,0.0,0.0,0.0,1.0,0.0,1.0,0.0,0.0,0.0,0.0,0.0,0.0,0.0,0.0,0.0,0.0,0.0,1.0,0.0,0.0,1.0,1.0,0.0
-0.5348467058854599,-0.754870578920615,-1.3890927323791626,-1.0418478927614476,-0.4797549714005042,-0.35418948698466474,0.4888949163375746,-1.487579895835281,3.1683052528487785,-0.5384876182122151,-0.076734462624905,-1.5722931370982134,0.0,0.0,0.0,0.0,0.0,0.0,0.0,0.0,0.0,1.0,0.0,1.0,1.0,0.0,0.0,0.0,0.0,0.0,0.0,0.0,0.0,0.0,0.0,0.0,1.0,1.0,0.0,1.0,0.0
0.5806094568971182,0.3161492277407662,-0.022903537829660283,-0.7291787955465352,-0.06899622986879574,-0.35418948698466474,-0.6513847719133283,-0.08860193736949937,-0.3358111558318982,0.1345896675004844,0.7233960823100247,0.5691223455918625,1.0,1.0,0.0,0.0,0.0,0.0,0.0,1.0,0.0,0.0,0.0,0.0,1.0,0.0,0.0,0.0,0.0,0.0,0.0,0.0,0.0,0.0,0.0,0.0,0.0,0.0,1.0,1.0,0.0
-1.0925747872767488,-0.3800136465891316,-0.0038657321989106733,0.4549293339060685,-1.014473456976069,-0.35418948698466474,-0.6513847719133283,0.08627030743872333,-0.3358111558318982,-0.12248666401835866,1.3184680453772086,0.15731167584377098,0.0,0.0,1.0,0.0,0.0,0.0,0.0,1.0,0.0,0.0,0.0,1.0,0.0,0.0,1.0,0.0,0.0,0.0,0.0,0.0,0.0,0.0,0.0,0.0,1.0,0.0,1.0,0.0,1.0
-1.0925747872767488,-1.156503006418633,1.961561058632755,1.3989882854969002,-0.9693516477515257,-0.35418948698466474,0.4888949163375746,-0.7880909166023902,-0.3358111558318982,-0.5658095318877403,0.3856525357043258,-0.5015853957531755,0.0,0.0,0.0,1.0,0.0,0.0,0.0,0.0,0.0,1.0,1.0,0.0,0.0,1.0,0.0,0.0,0.0,0.0,0.0,0.0,0.0,0.0,0.0,0.0,0.0,1.0,0.0,0.0,1.0
0.4077137516658186,0.5839041794061115,0.12758578287055033,1.8750522012563802,0.2924021037921701,-0.35418948698466474,0.4888949163375746,-0.6132186717941674,-0.3358111558318982,0.17930610125695207,1.7165229395910684,-0.7486717976020304,1.0,0.0,0.0,1.0,0.0,0.0,0.0,0.0,1.0,0.0,1.0,0.0,1.0,0.0,0.0,0.0,0.0,0.0,0.0,0.0,0.0,0.0,0.0,0.0,1.0,0.0,1.0,1.0,0.0
0.5806094568971182,-0.8351970644202186,0.6307277888260737,1.7741912021547956,0.4366300559078533,-0.35418948698466474,0.4888949163375746,-0.26347418217772206,-0.3358111558318982,-0.6748382111047647,-1.8056597607255072,-0.6663096636524121,1.0,0.0,0.0,1.0,0.0,0.0,0.0,0.0,0.0,1.0,0.0,1.0,0.0,1.0,0.0,0.0,0.0,0.0,0.0,0.0,0.0,0.0,0.0,0.0,0.0,1.0,0.0,1.0,0.0
-1.298934177391526,-1.1163397636688313,0.453948165111971,1.2396279069163967,-1.2391191852246488,-0.35418948698466474,-0.6513847719133283,0.7857592866716141,-0.3358111558318982,-0.30161137452930536,0.9686622292498773,0.7338466134910991,0.0,0.0,0.0,1.0,0.0,0.0,0.0,0.0,0.0,1.0,0.0,0.0,0.0,1.0,0.0,0.0,0.0,0.0,0.0,0.0,0.0,0.0,0.0,0.0,1.0,1.0,0.0,0.0,1.0
-1.4272116361115224,-0.08548319975725176,0.3886756886636867,-1.0418478927614476,-1.4441517615558142,-0.35418948698466474,-0.6513847719133283,-0.26347418217772206,-0.3358111558318982,0.15828592438494457,-0.1973571578412261,-0.6663096636524121,0.0,0.0,0.0,0.0,0.0,0.0,0.0,1.0,0.0,0.0,1.0,0.0,0.0,0.0,0.0,0.0,0.0,0.0,0.0,0.0,0.0,0.0,1.0,0.0,0.0,0.0,1.0,0.0,1.0
-0.8471744314645817,-0.6209931030879423,0.8464895859745684,0.622358592414699,-0.7079842421408711,-0.35418948698466474,0.4888949163375746,2.3596094899456186,-0.3358111558318982,0.1859963012880838,1.9256022779660251,0.980933015339954,0.0,0.0,1.0,0.0,0.0,0.0,0.0,1.0,0.0,0.0,1.0,0.0,0.0,1.0,0.0,0.0,0.0,0.0,0.0,0.0,0.0,0.0,0.0,0.0,1.0,0.0,1.0,0.0,1.0
1.8076112359579541,-0.6209931030879423,-0.7463401517981426,0.39642995442714923,2.456707637971627,-0.35418948698466474,-0.6513847719133283,-1.1378354062188356,-0.3358111558318982,-0.05269277079035845,1.7808550437064394,-1.3252067352493586,0.0,0.0,1.0,0.0,0.0,0.0,0.0,0.0,0.0,1.0,0.0,0.0,0.0,1.0,0.0,0.0,0.0,0.0,0.0,0.0,0.0,0.0,0.0,0.0,1.0,0.0,1.0,0.0,0.0
2.2537937010709856,0.4500267035734388,0.15296952371154982,-0.2793387395534677,1.2922875244306604,-0.35418948698466474,-0.6513847719133283,0.08627030743872333,-0.3358111558318982,3.437476678998958,-0.482830869853186,0.3220359437430076,1.0,1.0,0.0,0.0,0.0,0.0,0.0,1.0,0.0,0.0,1.0,0.0,1.0,0.0,0.0,0.0,0.0,0.0,0.0,0.0,0.0,0.0,0.0,0.0,0.0,0.0,1.0,0.0,0.0
2.1785004100831613,0.08855751882522268,0.12305297200608609,-0.6666449761035527,1.108679137620286,-0.35418948698466474,0.4888949163375746,1.6601205107127277,-0.3358111558318982,0.8386145236797741,-1.3472935189034871,0.980933015339954,1.0,1.0,0.0,0.0,0.0,0.0,0.0,0.0,1.0,0.0,1.0,0.0,0.0,1.0,0.0,0.0,0.0,0.0,0.0,0.0,0.0,0.0,0.0,0.0,1.0,0.0,1.0,0.0,0.0
-0.4233010896072021,-0.6790959275993222,1.4384746848735896,0.39037829448105427,-0.21615266832185343,-0.35418948698466474,0.4888949163375746,0.26114255224694605,-0.3358111558318982,-0.09525107550452555,-0.5712875130118216,-0.25449899390432057,0.0,0.0,1.0,0.0,0.0,0.0,0.0,1.0,0.0,0.0,0.0,1.0,0.0,1.0,0.0,0.0,0.0,0.0,0.0,0.0,0.0,0.0,0.0,0.0,0.0,1.0,0.0,1.0,0.0
1.6960656196796964,0.07516977124195542,-0.5505227224532903,0.18865629627788502,2.265045913733473,3.457715305675404,-0.6513847719133283,-0.9629631614106129,-0.3358111558318982,-0.5197550581250463,0.2851336230240582,-0.913396065501267,0.0,0.0,1.0,0.0,0.0,0.0,0.0,0.0,0.0,1.0,1.0,0.0,0.0,1.0,0.0,0.0,0.0,0.0,0.0,0.0,0.0,0.0,0.0,0.0,1.0,0.0,1.0,0.0,0.0
1.129971617067538,-0.5861849593714474,0.3805166291076512,-1.1427088918630322,1.2974123755210656,-0.35418948698466474,-0.6513847719133283,-0.6132186717941674,-0.3358111558318982,-0.06192956309140486,0.6630847347018642,0.07494954189415268,0.0,0.0,0.0,0.0,0.0,0.0,0.0,1.0,0.0,0.0,1.0,0.0,0.0,1.0,0.0,0.0,0.0,0.0,0.0,0.0,0.0,0.0,0.0,0.0,1.0,0.0,1.0,1.0,0.0
2.2537937010709856,0.09123506834187614,-0.8859507264236391,3.315347268427008,2.6358847625609747,-0.35418948698466474,-0.6513847719133283,-1.1378354062188356,-0.3358111558318982,-0.2824903512145224,0.5786488480504397,0.07494954189415268,1.0,0.0,0.0,0.0,0.0,1.0,0.0,0.0,0.0,1.0,0.0,1.0,0.0,1.0,0.0,0.0,0.0,0.0,0.0,0.0,0.0,0.0,0.0,0.0,0.0,0.0,1.0,0.0,0.0
-0.7579379384419755,-0.1390341900903208,-0.08545632775926601,-1.0418478927614476,-0.7208541689393317,-0.35418948698466474,0.4888949163375746,-0.4383464269859448,-0.3358111558318982,0.10390107251897039,-0.8728442510526241,-1.0781203334005036,0.0,0.0,0.0,0.0,0.0,0.0,0.0,0.0,0.0,1.0,0.0,0.0,0.0,1.0,0.0,0.0,0.0,0.0,0.0,0.0,0.0,0.0,0.0,0.0,1.0,0.0,1.0,0.0,1.0
1.8076112359579541,2.4581888410635284,-0.07095133299298063,-0.9833485132825285,2.067835478540294,-0.35418948698466474,-0.6513847719133283,2.009865000329173,-0.3358111558318982,1.4001597004863806,-0.20941942736285837,1.1456572832391907,0.0,1.0,0.0,0.0,0.0,0.0,0.0,1.0,0.0,0.0,0.0,1.0,0.0,1.0,0.0,0.0,0.0,0.0,0.0,0.0,0.0,0.0,0.0,0.0,1.0,0.0,0.0,0.0,0.0
-0.5348467058854599,-1.2823478337013452,0.5282862632891835,0.18865629627788502,-0.7888644108533529,0.9164454439020248,-0.6513847719133283,-0.9629631614106129,-0.3358111558318982,-0.3382564056675689,1.885394712893918,-0.6663096636524121,1.0,0.0,1.0,0.0,0.0,0.0,0.0,1.0,0.0,0.0,1.0,0.0,1.0,0.0,0.0,0.0,0.0,0.0,0.0,0.0,0.0,0.0,0.0,0.0,1.0,1.0,0.0,1.0,0.0
-0.5348467058854599,0.3964757132403698,-0.36286435266447337,-0.18856384036204168,-0.4032289994791183,0.9164454439020248,1.6291746045884776,-0.6132186717941674,-0.3358111558318982,-0.08023049737011363,-1.0819235894275807,1.3103815511384274,0.0,1.0,0.0,0.0,0.0,0.0,0.0,0.0,0.0,1.0,1.0,0.0,0.0,1.0,0.0,0.0,0.0,0.0,0.0,0.0,0.0,0.0,0.0,0.0,1.0,0.0,1.0,1.0,0.0
1.5203812740414402,0.3161492277407662,-0.6692823671022515,0.8906488500249138,1.0645591789848443,-0.35418948698466474,0.4888949163375746,-0.7880909166023902,-0.3358111558318982,-0.42030847185583636,-0.8165536599516744,-1.3252067352493586,1.0,0.0,0.0,1.0,0.0,0.0,0.0,1.0,0.0,0.0,0.0,1.0,0.0,0.0,1.0,0.0,0.0,0.0,0.0,0.0,0.0,0.0,0.0,0.0,0.0,0.0,1.0,0.0,0.0
-1.368650187565437,-1.156503006418633,1.029615144898921,0.32179281509197677,-1.349669544460528,3.457715305675404,0.4888949163375746,0.26114255224694605,-0.3358111558318982,-0.6866647582565718,-1.7493691696245572,-0.08977472600508395,0.0,0.0,1.0,0.0,0.0,0.0,0.0,0.0,0.0,1.0,1.0,0.0,0.0,0.0,0.0,0.0,0.0,0.0,0.0,0.0,0.0,0.0,0.0,0.0,0.0,1.0,0.0,0.0,1.0
1.4729743871231806,0.8516591310714567,1.113018864805062,1.4998492845984848,1.2026989621359867,2.187080374788714,1.6291746045884776,-0.26347418217772206,-0.3358111558318982,-0.5620975499349833,-1.3834803274683833,-0.33686112785393885,1.0,0.0,0.0,0.0,1.0,0.0,0.0,1.0,0.0,0.0,0.0,0.0,1.0,0.0,0.0,0.0,0.0,0.0,0.0,0.0,0.0,0.0,0.0,0.0,1.0,0.0,0.0,0.0,0.0
0.02288137550582915,0.7713326455718532,0.10945453941269369,-0.8562636544145317,0.14763469366697038,-0.35418948698466474,0.4888949163375746,0.08627030743872333,-0.3358111558318982,0.40461477327313083,0.21678076240147615,-0.913396065501267,0.0,0.0,0.0,0.0,0.0,0.0,0.0,1.0,0.0,0.0,0.0,0.0,1.0,0.0,0.0,0.0,0.0,0.0,0.0,0.0,0.0,0.0,0.0,0.0,0.0,0.0,0.0,1.0,0.0
-0.4233010896072021,-0.16580968525685535,-0.5768130254671824,0.6344619123068889,-0.1909137400194829,-0.35418948698466474,2.7694542928393804,-0.9629631614106129,-0.3358111558318982,-0.2582329807790641,0.7394791083388678,-1.0781203334005036,0.0,0.0,1.0,0.0,0.0,0.0,0.0,0.0,0.0,1.0,0.0,0.0,0.0,1.0,0.0,0.0,0.0,0.0,0.0,0.0,0.0,0.0,0.0,0.0,1.0,0.0,1.0,1.0,0.0
-0.5348467058854599,-1.0226255305859604,-0.3964071530615082,-0.6827827359598062,-0.4478884161240762,-0.35418948698466474,0.4888949163375746,-0.6132186717941674,-0.3358111558318982,-0.5756074377397848,1.4672360361440047,0.2396738097933893,0.0,1.0,0.0,0.0,0.0,0.0,0.0,1.0,0.0,0.0,0.0,1.0,1.0,0.0,0.0,0.0,0.0,0.0,0.0,0.0,0.0,0.0,0.0,0.0,1.0,1.0,0.0,1.0,0.0
-0.31175547332894427,-0.5942176079214079,0.947117987165673,0.18865629627788502,-0.6096102208340743,-0.35418948698466474,-0.6513847719133283,0.6108870418633914,-0.3358111558318982,-0.09913570778066658,1.2501151847546266,-0.4192232618035572,1.0,0.0,1.0,0.0,0.0,0.0,0.0,0.0,0.0,1.0,0.0,1.0,1.0,0.0,0.0,0.0,0.0,0.0,0.0,0.0,0.0,0.0,0.0,0.0,1.0,0.0,1.0,1.0,0.0
-0.31175547332894427,0.04839427607542089,-0.8034535686903911,0.5114114934029558,-0.5708848422937961,-0.35418948698466474,-0.6513847719133283,-0.4383464269859448,1.4162470485084402,-0.19249637015058893,0.7716451603965533,-0.8310339315516487,1.0,0.0,0.0,1.0,0.0,0.0,0.0,0.0,0.0,1.0,1.0,0.0,0.0,0.0,0.0,0.0,0.0,0.0,0.0,0.0,0.0,1.0,0.0,0.0,0.0,0.0,1.0,1.0,0.0
1.1383375382884073,0.8516591310714567,-0.6937595457703581,-1.168932751629444,1.3006491235781632,-0.35418948698466474,-0.6513847719133283,0.08627030743872333,-0.3358111558318982,0.11417376676032107,-0.7039724777497747,0.8985708813903357,0.0,0.0,0.0,0.0,0.0,0.0,0.0,1.0,0.0,0.0,0.0,0.0,0.0,1.0,0.0,0.0,0.0,0.0,0.0,0.0,0.0,0.0,0.0,0.0,0.0,0.0,0.0,0.0,0.0
-0.08866424077242865,-0.08548319975725176,0.20464356756644142,-0.8199536947379613,0.029955782162482684,-0.35418948698466474,-0.6513847719133283,-0.08860193736949937,1.4162470485084402,0.3923134377320176,0.8359772645119243,-0.08977472600508395,0.0,1.0,0.0,0.0,0.0,0.0,0.0,0.0,0.0,1.0,1.0,0.0,0.0,1.0,0.0,0.0,0.0,0.0,0.0,0.0,0.0,0.0,0.0,0.0,0.0,0.0,1.0,1.0,0.0
-0.31175547332894427,-0.26474513989720044,-0.48615680817789886,0.4004643943912125,-0.5842556943868076,0.9164454439020248,-0.6513847719133283,0.08627030743872333,-0.3358111558318982,0.4236494714262218,0.49823371790622534,-0.17213685995470224,1.0,0.0,1.0,0.0,0.0,0.0,0.0,1.0,0.0,0.0,0.0,1.0,0.0,0.0,1.0,0.0,0.0,0.0,0.0,0.0,0.0,0.0,0.0,0.0,1.0,0.0,1.0,1.0,0.0
0.5806094568971182,0.18227175190809353,-0.19968316154376303,-1.0398306727794158,0.7261263434432873,-0.35418948698466474,2.7694542928393804,1.3103760210962823,-0.3358111558318982,0.11434641708370512,-1.4156463795260692,0.8162087474407175,0.0,0.0,0.0,0.0,0.0,0.0,0.0,1.0,0.0,0.0,0.0,1.0,0.0,1.0,0.0,0.0,0.0,0.0,0.0,0.0,0.0,0.0,0.0,0.0,1.0,0.0,1.0,1.0,0.0
2.2537937010709856,2.4581888410635284,-0.21056190761847715,-1.2274321311083634,2.4770914441883507,-0.35418948698466474,0.4888949163375746,1.6601205107127277,1.4162470485084402,1.3686078538879463,0.24894681445916195,1.3103815511384274,0.0,0.0,0.0,0.0,0.0,0.0,0.0,1.0,0.0,0.0,1.0,0.0,1.0,0.0,0.0,0.0,0.0,0.0,0.0,0.0,0.0,0.0,0.0,0.0,0.0,0.0,0.0,0.0,0.0
2.0976298382814247,-0.08548319975725176,-0.3229756170571887,0.9955442890905617,1.6017052256032325,-0.35418948698466474,-0.6513847719133283,-0.7880909166023902,-0.3358111558318982,0.5982421109483373,1.3667171234637372,-1.0781203334005036,1.0,0.0,0.0,1.0,0.0,0.0,0.0,0.0,0.0,1.0,0.0,1.0,0.0,1.0,0.0,0.0,0.0,0.0,0.0,0.0,0.0,0.0,0.0,0.0,1.0,0.0,1.0,0.0,0.0
-0.5906195140245888,-0.1390341900903208,-0.07639070603033753,-0.7836437350613908,-0.5183262190809207,-0.35418948698466474,-0.6513847719133283,1.1355037762880595,-0.3358111558318982,-0.2985899938700846,1.3265095583916302,0.40439807769262587,0.0,1.0,0.0,0.0,0.0,0.0,0.0,0.0,0.0,1.0,1.0,0.0,0.0,1.0,0.0,0.0,0.0,0.0,0.0,0.0,0.0,0.0,0.0,0.0,1.0,0.0,1.0,0.0,1.0
-0.9782405305915347,0.31604212576010005,1.178291341253346,0.20681127611617023,-0.8908990400818674,-0.35418948698466474,-0.6513847719133283,0.4360147970551687,-0.3358111558318982,0.38864461836010666,-0.39035347018733996,1.1456572832391907,0.0,0.0,1.0,0.0,0.0,0.0,0.0,1.0,0.0,0.0,0.0,0.0,0.0,0.0,1.0,0.0,0.0,0.0,0.0,0.0,0.0,0.0,0.0,0.0,1.0,0.0,1.0,0.0,1.0
-1.3156660198332646,-1.210053996751702,-1.38184023499602,0.08779529717630039,-1.293026453461315,0.9164454439020248,-0.6513847719133283,-1.487579895835281,-0.3358111558318982,-0.6138063217885048,-0.6798479387065104,-1.489931003148595,0.0,0.0,1.0,0.0,0.0,0.0,0.0,0.0,0.0,1.0,0.0,0.0,0.0,0.0,0.0,0.0,0.0,0.0,0.0,0.0,0.0,0.0,0.0,0.0,1.0,1.0,0.0,0.0,1.0
-0.9810291709984912,0.4500267035734388,-1.2467624712349874,-0.8986252740371974,-0.9543624216299653,-0.35418948698466474,0.4888949163375746,-0.7880909166023902,-0.3358111558318982,-0.6562783013409799,-1.5563728572784437,-1.2428446012997403,0.0,0.0,0.0,0.0,0.0,0.0,0.0,0.0,0.0,1.0,1.0,0.0,0.0,0.0,0.0,0.0,1.0,0.0,0.0,0.0,0.0,0.0,0.0,0.0,1.0,0.0,1.0,0.0,1.0
-0.31175547332894427,1.922678937732838,-0.6049164528268604,-0.7291787955465352,-0.2054020408464925,-0.35418948698466474,-0.6513847719133283,-0.6132186717941674,-0.3358111558318982,0.596904070942111,0.9043301251345064,-0.913396065501267,0.0,1.0,0.0,0.0,0.0,0.0,0.0,1.0,0.0,0.0,1.0,0.0,0.0,1.0,0.0,0.0,0.0,0.0,0.0,0.0,0.0,0.0,0.0,0.0,0.0,0.0,0.0,1.0,0.0
-0.31175547332894427,-0.5674421127548733,-0.9358116459327451,-0.08770284126045706,-0.6421703649798807,-0.35418948698466474,-0.6513847719133283,-1.1378354062188356,-0.3358111558318982,-0.25905306981513826,1.4069246885358442,0.07494954189415268,1.0,0.0,1.0,0.0,0.0,0.0,0.0,1.0,0.0,0.0,1.0,0.0,1.0,0.0,0.0,0.0,0.0,0.0,0.0,0.0,0.0,0.0,0.0,0.0,0.0,0.0,1.0,1.0,0.0
1.9191568522362121,-0.16580968525685535,-0.04012821911462426,0.8906488500249138,1.4104288285147333,-0.35418948698466474,-0.6513847719133283,-1.1378354062188356,-0.3358111558318982,-0.37196638130830373,1.1214509765238845,-1.160482467350122,1.0,0.0,0.0,1.0,0.0,0.0,0.0,0.0,0.0,1.0,1.0,0.0,0.0,1.0,0.0,0.0,0.0,0.0,0.0,0.0,0.0,0.0,0.0,0.0,1.0,0.0,1.0,0.0,0.0
-0.4121465279793763,-1.3492865716176816,0.46392034901379214,-1.0398306727794158,-0.34693270291459444,-0.35418948698466474,-0.6513847719133283,-0.9629631614106129,-0.3358111558318982,-0.3492197012024558,0.08409579766352308,-1.2428446012997403,0.0,0.0,0.0,0.0,0.0,0.0,0.0,0.0,0.0,1.0,0.0,1.0,0.0,1.0,0.0,0.0,0.0,0.0,0.0,0.0,0.0,0.0,0.0,0.0,1.0,1.0,0.0,1.0,0.0
-1.1399816741950086,-0.754870578920615,-0.8088929417277482,0.5981519526303185,-1.0653366407304645,2.187080374788714,-0.6513847719133283,-0.9629631614106129,-0.3358111558318982,-0.62597816958708,1.8733324433722853,-1.160482467350122,0.0,0.0,1.0,0.0,0.0,0.0,0.0,1.0,0.0,0.0,1.0,0.0,0.0,0.0,0.0,0.0,0.0,0.0,0.0,1.0,0.0,0.0,0.0,0.0,1.0,1.0,0.0,0.0,1.0
-0.5348467058854599,-0.8887480547532877,-0.2912459410059393,0.5921002926842235,-0.7484435928545947,-0.35418948698466474,-0.6513847719133283,-0.6132186717941674,-0.3358111558318982,-0.33622776436780644,0.14440714527168363,-0.6663096636524121,1.0,0.0,1.0,0.0,0.0,0.0,0.0,1.0,0.0,0.0,1.0,0.0,1.0,0.0,0.0,0.0,0.0,0.0,0.0,0.0,0.0,0.0,0.0,0.0,1.0,1.0,0.0,1.0,0.0
-0.579464952396763,0.7177816552387841,-0.5985705176166104,-0.5314912373074293,-0.4843403644813929,0.9164454439020248,1.6291746045884776,1.8349927555209502,-0.3358111558318982,-0.564600979624052,-1.713182361059661,0.3220359437430076,0.0,1.0,0.0,0.0,0.0,0.0,0.0,1.0,0.0,0.0,0.0,0.0,0.0,1.0,0.0,0.0,0.0,0.0,0.0,0.0,0.0,0.0,0.0,0.0,1.0,0.0,0.0,0.0,1.0
-0.08866424077242865,-0.5674421127548733,-0.6094492636913246,-0.3196831391941014,0.09287970570106446,0.9164454439020248,-0.6513847719133283,-0.6132186717941674,-0.3358111558318982,-0.6270572341082303,-0.8768650075598349,-0.913396065501267,0.0,1.0,0.0,0.0,0.0,0.0,0.0,0.0,0.0,1.0,1.0,0.0,0.0,1.0,0.0,0.0,0.0,0.0,0.0,0.0,0.0,0.0,0.0,0.0,0.0,0.0,1.0,1.0,0.0
-0.9810291709984912,-1.2903804822513056,-0.20421597240822728,0.18865629627788502,-0.8952147041579979,-0.35418948698466474,-0.6513847719133283,-1.1378354062188356,-0.3358111558318982,-0.4780600050277994,0.2770921100096367,-0.6663096636524121,0.0,0.0,1.0,0.0,0.0,0.0,0.0,0.0,0.0,1.0,1.0,0.0,1.0,0.0,0.0,0.0,0.0,0.0,0.0,0.0,0.0,0.0,0.0,0.0,1.0,1.0,0.0,0.0,1.0
0.02288137550582915,2.3136011671642422,-1.512385187892588,-1.150777771791159,0.10867811883689928,2.187080374788714,-0.6513847719133283,-0.26347418217772206,-0.3358111558318982,-0.3861237078257954,-0.900989546603099,0.2396738097933893,0.0,0.0,0.0,0.0,0.0,0.0,0.0,1.0,0.0,0.0,0.0,0.0,0.0,1.0,0.0,0.0,0.0,0.0,0.0,0.0,0.0,0.0,0.0,0.0,1.0,0.0,0.0,1.0,0.0
0.5806094568971182,1.3871690344021474,-0.8233979364940335,-0.5214051373972707,-0.0299625896087938,-0.35418948698466474,-0.6513847719133283,-0.7880909166023902,-0.3358111558318982,-0.1363850150507743,-0.7120139907641961,-0.25449899390432057,1.0,1.0,0.0,0.0,0.0,0.0,0.0,1.0,0.0,0.0,0.0,0.0,0.0,1.0,0.0,0.0,0.0,0.0,0.0,0.0,0.0,0.0,0.0,0.0,0.0,0.0,0.0,1.0,0.0
-1.2598932116941357,-1.4521044730571742,-0.3311346766132242,-1.4069647095091837,-1.274492217562933,-0.35418948698466474,-0.6513847719133283,-1.3127076510270583,-0.3358111558318982,-0.4979579547978106,-0.9814046767473131,-0.9957581994508853,0.0,0.0,0.0,0.0,0.0,0.0,0.0,0.0,0.0,1.0,0.0,0.0,1.0,0.0,0.0,0.0,0.0,0.0,0.0,0.0,0.0,0.0,0.0,0.0,0.0,1.0,0.0,0.0,1.0
-1.3156660198332646,-0.6209931030879423,-0.7073579783637507,0.011140937859095913,-1.2951457527844148,-0.35418948698466474,-0.6513847719133283,-1.3127076510270583,-0.3358111558318982,-0.7228350010055292,-2.05092590766536,-1.3252067352493586,0.0,1.0,0.0,0.0,0.0,0.0,0.0,0.0,0.0,1.0,0.0,0.0,0.0,0.0,0.0,1.0,0.0,0.0,0.0,0.0,0.0,0.0,0.0,0.0,1.0,0.0,1.0,0.0,1.0
-0.9810291709984912,-1.0226255305859604,-1.4035977271454478,0.39037829448105427,-0.8839246186731207,-0.35418948698466474,-0.6513847719133283,-1.1378354062188356,-0.3358111558318982,-0.617993092130568,0.45400539632690756,-0.9957581994508853,0.0,0.0,1.0,0.0,0.0,0.0,0.0,0.0,0.0,1.0,1.0,0.0,0.0,0.0,0.0,0.0,0.0,0.0,0.0,0.0,0.0,1.0,0.0,0.0,0.0,1.0,0.0,0.0,1.0
1.1383375382884073,0.1287207615750245,0.28532760095390347,1.306196166323443,1.8717424920811139,-0.35418948698466474,-0.6513847719133283,0.08627030743872333,-0.3358111558318982,0.1541854792045735,0.1805939538365799,-0.8310339315516487,0.0,0.0,0.0,1.0,0.0,0.0,0.0,1.0,0.0,0.0,1.0,0.0,1.0,0.0,0.0,0.0,0.0,0.0,0.0,0.0,0.0,0.0,0.0,0.0,1.0,0.0,1.0,0.0,0.0
-1.0925747872767488,-0.6477685982544769,-0.6910398592516795,-1.1790188515396025,-1.088533335139666,-0.35418948698466474,-0.6513847719133283,-0.4383464269859448,-0.3358111558318982,-0.668104848492787,-1.9101994299129854,-0.08977472600508395,0.0,0.0,0.0,0.0,0.0,0.0,0.0,1.0,0.0,0.0,0.0,0.0,0.0,1.0,0.0,0.0,0.0,0.0,0.0,0.0,0.0,0.0,0.0,0.0,0.0,1.0,0.0,0.0,1.0
2.2537937010709856,-1.2040562858343984,11.00361217106589,1.8750522012563802,2.0664097680865727,-0.35418948698466474,0.4888949163375746,0.6108870418633914,1.4162470485084402,0.853850914718416,1.5034228447089013,0.15731167584377098,1.0,0.0,0.0,1.0,0.0,0.0,0.0,1.0,0.0,0.0,0.0,1.0,0.0,1.0,0.0,0.0,0.0,0.0,0.0,0.0,0.0,0.0,0.0,0.0,1.0,1.0,0.0,0.0,0.0
-0.579464952396763,-1.31715597741784,-0.22597346455765516,0.15032911661928297,-0.8283604436929403,-0.35418948698466474,0.4888949163375746,-0.9629631614106129,-0.3358111558318982,-0.43787564226016296,-0.4989138958820288,-0.6663096636524121,1.0,0.0,1.0,0.0,0.0,0.0,0.0,0.0,0.0,1.0,0.0,0.0,0.0,1.0,0.0,0.0,0.0,0.0,0.0,0.0,0.0,0.0,0.0,0.0,0.0,1.0,0.0,0.0,1.0
-0.5348467058854599,-0.35323815142259707,0.25541104924844005,0.7514606712647274,-0.7321827871391744,-0.35418948698466474,1.6291746045884776,-0.4383464269859448,-0.3358111558318982,0.07040690978246565,1.6441493224612758,0.8985708813903357,1.0,0.0,1.0,0.0,0.0,0.0,0.0,1.0,0.0,0.0,1.0,0.0,0.0,1.0,0.0,0.0,0.0,0.0,0.0,0.0,0.0,0.0,0.0,0.0,1.0,0.0,1.0,1.0,0.0
-0.20020985705068647,-0.029790169810859937,-0.4299499534585432,0.05551977746379328,-0.5370145858391646,0.9164454439020248,-0.6513847719133283,-0.6132186717941674,-0.3358111558318982,0.12738151649920051,1.181762324132045,-0.913396065501267,1.0,0.0,1.0,0.0,0.0,0.0,0.0,1.0,0.0,0.0,1.0,0.0,0.0,1.0,0.0,0.0,0.0,0.0,0.0,0.0,0.0,0.0,0.0,0.0,0.0,0.0,1.0,1.0,0.0
1.4729743871231806,2.4581888410635284,-1.0201219280117786,-1.025710132905194,0.5008255590402951,-0.35418948698466474,-0.6513847719133283,-0.9629631614106129,-0.3358111558318982,1.057017182760591,0.6912300302523392,-1.0781203334005036,1.0,0.0,0.0,0.0,0.0,0.0,0.0,1.0,0.0,0.0,0.0,0.0,0.0,1.0,0.0,0.0,0.0,0.0,0.0,0.0,0.0,0.0,0.0,0.0,1.0,0.0,0.0,0.0,0.0
-0.7216856131515417,-1.156503006418633,1.3487250297571989,1.4998492845984848,-0.48511101878070184,-0.35418948698466474,3.9097339810902834,0.08627030743872333,-0.3358111558318982,-0.39963359563059697,-0.3099383400431259,-0.6663096636524121,0.0,0.0,0.0,0.0,1.0,0.0,0.0,0.0,0.0,1.0,0.0,1.0,0.0,1.0,0.0,0.0,0.0,0.0,0.0,0.0,0.0,0.0,0.0,0.0,1.0,1.0,0.0,0.0,1.0
2.036279749328383,1.922678937732838,-1.1497603187354541,0.32179281509197677,1.321032929794887,2.187080374788714,2.7694542928393804,-0.08860193736949937,-0.3358111558318982,0.13251786361987586,-0.10890051468259081,0.40439807769262587,1.0,0.0,1.0,0.0,0.0,0.0,0.0,1.0,0.0,0.0,0.0,1.0,0.0,1.0,0.0,0.0,0.0,0.0,0.0,0.0,0.0,0.0,0.0,0.0,0.0,0.0,0.0,0.0,0.0
-0.8694835547202333,0.07516977124195542,0.2128026271224769,-0.41650969833162277,-0.8023508610912609,-0.35418948698466474,-0.6513847719133283,-0.7880909166023902,-0.3358111558318982,-0.33217048176828134,0.08811655417073384,-1.0781203334005036,0.0,1.0,0.0,0.0,0.0,0.0,0.0,0.0,0.0,1.0,1.0,0.0,0.0,1.0,0.0,0.0,0.0,0.0,0.0,0.0,0.0,0.0,0.0,0.0,0.0,0.0,1.0,0.0,1.0
0.5806094568971182,-0.4067891417556661,1.409464695341019,-0.08770284126045706,0.053268074716580634,-0.35418948698466474,1.6291746045884776,1.8349927555209502,1.4162470485084402,-0.05498038757519705,-1.2065670411511125,0.5691223455918625,1.0,0.0,1.0,0.0,0.0,0.0,0.0,1.0,0.0,0.0,0.0,1.0,0.0,1.0,0.0,0.0,0.0,0.0,0.0,0.0,0.0,0.0,0.0,0.0,1.0,0.0,1.0,1.0,0.0
1.1383375382884073,0.7177816552387841,1.25625568812213,-1.1729671915935074,1.2997628711339577,-0.35418948698466474,1.6291746045884776,0.08627030743872333,-0.3358111558318982,2.2370389805096926,1.5275473837521651,0.07494954189415268,0.0,0.0,0.0,0.0,0.0,0.0,0.0,0.0,1.0,0.0,0.0,1.0,1.0,0.0,0.0,0.0,0.0,0.0,0.0,0.0,0.0,0.0,0.0,0.0,0.0,0.0,0.0,0.0,0.0
2.594704990821411,2.4581888410635284,-0.8442488664705687,-1.2072599312880463,3.078779788373869,-0.35418948698466474,-0.6513847719133283,-0.9629631614106129,-0.3358111558318982,-0.7228350010055292,-2.05092590766536,1.228019417188809,0.0,0.0,0.0,0.0,0.0,0.0,0.0,1.0,0.0,0.0,0.0,0.0,0.0,0.0,1.0,0.0,0.0,0.0,0.0,0.0,0.0,0.0,0.0,0.0,1.0,0.0,0.0,0.0,0.0
0.5806094568971182,-0.0319322094241827,-0.5686539659111469,0.39037829448105427,0.1477117590969012,-0.35418948698466474,-0.6513847719133283,0.26114255224694605,-0.3358111558318982,0.06091114199634318,0.4057563182403793,-0.25449899390432057,1.0,0.0,1.0,0.0,0.0,0.0,0.0,0.0,0.0,1.0,0.0,1.0,0.0,1.0,0.0,0.0,0.0,0.0,0.0,0.0,0.0,0.0,0.0,0.0,1.0,0.0,1.0,1.0,0.0
-0.5348467058854599,0.5303531890730424,-1.0863009666329557,-1.1023644922223983,-0.48507248606573644,-0.35418948698466474,-0.6513847719133283,-1.3127076510270583,-0.3358111558318982,-0.36471506772617385,-0.4627270873171325,-0.7486717976020304,0.0,0.0,0.0,0.0,0.0,0.0,0.0,1.0,0.0,0.0,0.0,0.0,0.0,1.0,0.0,0.0,0.0,0.0,0.0,0.0,0.0,0.0,0.0,0.0,0.0,0.0,1.0,1.0,0.0
0.5806094568971182,0.24921048982442986,-0.6112623880371102,-0.07358230138623516,0.8998703552225064,2.187080374788714,-0.6513847719133283,-0.08860193736949937,-0.3358111558318982,0.06224918200256953,0.5625658220215967,-0.08977472600508395,0.0,0.0,1.0,0.0,0.0,0.0,0.0,1.0,0.0,0.0,1.0,0.0,0.0,1.0,0.0,0.0,0.0,0.0,0.0,0.0,0.0,0.0,0.0,0.0,0.0,0.0,1.0,1.0,0.0
-0.5348467058854599,-0.9982866054795804,0.5699881232422537,-1.2980348304794724,-0.5021810115103967,-0.35418948698466474,-0.6513847719133283,0.9606315314798368,-0.3358111558318982,-0.2603047846596726,0.6751470042234962,-0.25449899390432057,0.0,0.0,0.0,0.0,0.0,0.0,0.0,1.0,0.0,0.0,0.0,0.0,0.0,1.0,0.0,0.0,0.0,0.0,0.0,0.0,0.0,0.0,0.0,0.0,1.0,1.0,0.0,1.0,0.0
-0.7579379384419755,0.1287207615750245,-1.3301661911411282,-1.2233976911442999,-0.7335699648779306,0.9164454439020248,-0.6513847719133283,0.4360147970551687,-0.3358111558318982,-0.5617090867073692,-1.186463258615059,0.15731167584377098,0.0,0.0,0.0,0.0,0.0,0.0,0.0,0.0,0.0,1.0,0.0,1.0,0.0,1.0,0.0,0.0,0.0,0.0,0.0,0.0,0.0,0.0,0.0,0.0,1.0,0.0,1.0,0.0,1.0
1.1383375382884073,0.5839041794061115,0.3424410178461523,0.908803829863199,1.7761428262518295,0.9164454439020248,1.6291746045884776,-0.9629631614106129,-0.3358111558318982,-0.434249985469098,-0.4506648177955005,0.07494954189415268,0.0,0.0,0.0,1.0,0.0,0.0,0.0,1.0,0.0,0.0,0.0,1.0,0.0,1.0,0.0,0.0,0.0,0.0,0.0,0.0,0.0,0.0,0.0,0.0,0.0,0.0,1.0,0.0,0.0
1.0267919220101493,-0.4871156272552697,-1.2286312277771307,0.7050646116779984,0.5907609157696577,-0.35418948698466474,-0.6513847719133283,-0.9629631614106129,-0.3358111558318982,-0.24705387233994716,-0.26571001846380815,-1.3252067352493586,1.0,0.0,0.0,1.0,0.0,0.0,0.0,0.0,1.0,0.0,0.0,1.0,1.0,0.0,0.0,0.0,0.0,0.0,0.0,0.0,0.0,0.0,0.0,0.0,1.0,0.0,1.0,1.0,0.0
-1.0925747872767488,-0.4871156272552697,0.8809389485444961,-0.08770284126045706,-1.0396353198485084,-0.35418948698466474,-0.6513847719133283,-0.9629631614106129,-0.3358111558318982,-0.3181858055741737,1.8773531998794966,-0.9957581994508853,0.0,0.0,1.0,0.0,0.0,0.0,0.0,1.0,0.0,0.0,0.0,1.0,1.0,0.0,0.0,0.0,0.0,0.0,0.0,0.0,0.0,0.0,0.0,0.0,0.0,0.0,1.0,0.0,1.0
0.02288137550582915,-0.6209931030879423,-0.6792545510040728,-1.1790188515396025,0.10494044548525064,-0.35418948698466474,-0.6513847719133283,-0.4383464269859448,-0.3358111558318982,-0.3222430881736988,-1.2025462846439017,-0.4192232618035572,0.0,0.0,0.0,0.0,0.0,0.0,0.0,0.0,0.0,1.0,0.0,1.0,0.0,0.0,0.0,0.0,0.0,0.0,0.0,1.0,0.0,0.0,0.0,0.0,1.0,0.0,1.0,1.0,0.0
-0.31175547332894427,1.3871690344021474,-0.5360177276870048,-1.465464088988103,-0.2829683960719455,-0.35418948698466474,0.4888949163375746,-0.6132186717941674,-0.3358111558318982,-0.1521825196404144,-0.7683045818651459,0.15731167584377098,0.0,0.0,0.0,0.0,0.0,0.0,0.0,1.0,0.0,0.0,1.0,0.0,0.0,1.0,0.0,0.0,0.0,0.0,0.0,0.0,0.0,0.0,0.0,0.0,1.0,0.0,0.0,1.0,0.0
-0.7579379384419755,-1.3492865716176816,-0.6874136105601083,1.4332810251914394,-0.8658142426393587,-0.35418948698466474,-0.6513847719133283,-1.487579895835281,-0.3358111558318982,-0.43770299193677886,1.5396096532737973,-1.73701740499745,1.0,0.0,0.0,0.0,0.0,0.0,1.0,1.0,0.0,0.0,0.0,0.0,0.0,1.0,0.0,0.0,0.0,0.0,0.0,0.0,0.0,0.0,0.0,0.0,1.0,1.0,0.0,0.0,1.0
0.02288137550582915,-0.2729116659229935,0.5328190741536475,-0.25311487978705555,-0.4053868315171836,-0.35418948698466474,2.7694542928393804,1.3103760210962823,1.4162470485084402,-0.5822976377709166,-1.8137012737399285,2.3810892924834652,1.0,1.0,0.0,0.0,0.0,0.0,0.0,1.0,0.0,0.0,0.0,0.0,0.0,1.0,0.0,0.0,0.0,0.0,0.0,0.0,0.0,0.0,0.0,0.0,0.0,0.0,1.0,1.0,0.0
0.8037006894536338,0.36970021807383524,-0.16976660983829964,-1.4170508094193424,0.8948225695620325,-0.35418948698466474,-0.6513847719133283,-0.26347418217772206,-0.3358111558318982,-0.026665734540213665,-0.0445684105672195,-0.33686112785393885,0.0,0.0,0.0,0.0,0.0,0.0,0.0,1.0,0.0,0.0,0.0,1.0,1.0,0.0,0.0,0.0,0.0,0.0,0.0,0.0,0.0,0.0,0.0,0.0,1.0,0.0,1.0,1.0,0.0
-0.40099196635155054,-0.754870578920615,0.3977413103926152,0.4004643943912125,-0.18837058083176306,2.187080374788714,0.4888949163375746,0.26114255224694605,1.4162470485084402,-0.6131588830758147,-0.820574416458885,-0.0074125920554656355,0.0,0.0,1.0,0.0,0.0,0.0,0.0,1.0,0.0,0.0,1.0,0.0,0.0,0.0,1.0,0.0,0.0,0.0,0.0,0.0,0.0,0.0,0.0,0.0,0.0,1.0,0.0,1.0,0.0
0.3575182243406026,0.5839041794061115,-0.557775219836433,0.5537731130256215,-0.005956708185317704,-0.35418948698466474,-0.6513847719133283,-0.26347418217772206,-0.3358111558318982,-0.016306715137170965,1.2581566977690481,-0.913396065501267,1.0,0.0,1.0,0.0,0.0,0.0,0.0,0.0,0.0,1.0,0.0,1.0,1.0,0.0,0.0,0.0,0.0,0.0,0.0,0.0,0.0,0.0,0.0,0.0,0.0,0.0,1.0,1.0,0.0
-0.3647396410611167,-0.8387046542870347,0.36510507216847315,0.2834656354333747,-0.6413226452506406,-0.35418948698466474,-0.6513847719133283,1.3103760210962823,-0.3358111558318982,-0.31162509328558,-0.25364774894217584,0.6514844795414808,1.0,0.0,1.0,0.0,0.0,0.0,0.0,1.0,0.0,0.0,0.0,0.0,0.0,1.0,0.0,0.0,0.0,0.0,0.0,0.0,0.0,0.0,0.0,0.0,1.0,1.0,0.0,1.0,0.0
-0.31175547332894427,0.5839041794061115,-1.0201219280117786,-0.8381086745762465,-0.21703892076605866,-0.35418948698466474,-0.6513847719133283,-0.7880909166023902,-0.3358111558318982,-0.030334553912124623,0.7434998648460782,-0.913396065501267,0.0,0.0,0.0,0.0,0.0,0.0,0.0,0.0,1.0,0.0,0.0,1.0,1.0,0.0,0.0,0.0,0.0,0.0,0.0,0.0,0.0,0.0,0.0,0.0,0.0,0.0,1.0,1.0,0.0
-1.3714388279723935,-1.31715597741784,-0.07185789516587329,-0.7291787955465352,-1.3769507066560673,-0.35418948698466474,0.4888949163375746,-0.9629631614106129,-0.3358111558318982,-0.6244243166766236,-1.508123779191915,-1.407568869198977,0.0,1.0,0.0,0.0,0.0,0.0,0.0,0.0,0.0,1.0,0.0,0.0,0.0,0.0,0.0,0.0,0.0,0.0,0.0,0.0,0.0,0.0,0.0,0.0,1.0,1.0,0.0,0.0,1.0
-0.9810291709984912,0.9855366069041295,-1.4679636414208392,-0.3257347991401967,-0.9235362496576044,0.9164454439020248,0.4888949163375746,2.8842262243702863,-0.3358111558318982,-0.6215755863407868,-1.998656073071621,1.8045543548361371,0.0,1.0,0.0,0.0,0.0,0.0,0.0,0.0,0.0,1.0,0.0,0.0,0.0,0.0,0.0,0.0,1.0,0.0,0.0,0.0,0.0,0.0,0.0,0.0,0.0,0.0,0.0,0.0,1.0
-0.5348467058854599,1.5478220054013545,-0.5487095981075046,-1.5602734281435924,-0.5248767806250476,-0.35418948698466474,0.4888949163375746,1.3103760210962823,-0.3358111558318982,-0.39087159171885666,-1.713182361059661,1.3927436850880455,0.0,0.0,0.0,0.0,0.0,0.0,0.0,1.0,0.0,0.0,1.0,0.0,0.0,0.0,0.0,0.0,0.0,1.0,0.0,0.0,0.0,0.0,0.0,0.0,0.0,0.0,0.0,1.0,0.0
0.3575182243406026,0.18227175190809353,-0.7073579783637507,0.515445933367019,-0.01293112959406436,-0.35418948698466474,-0.6513847719133283,-0.7880909166023902,-0.3358111558318982,-0.20337334052378375,0.8118527254686603,-0.7486717976020304,1.0,0.0,1.0,0.0,0.0,0.0,0.0,1.0,0.0,0.0,1.0,0.0,0.0,1.0,0.0,0.0,0.0,0.0,0.0,0.0,0.0,0.0,0.0,0.0,1.0,0.0,1.0,1.0,0.0
1.0267919220101493,0.7981081407383878,-1.195088427380096,-1.051933992671606,0.1827765297154618,-0.35418948698466474,0.4888949163375746,-0.08860193736949937,-0.3358111558318982,-0.09693441615751999,0.8802055860912423,0.07494954189415268,1.0,0.0,0.0,0.0,0.0,0.0,0.0,1.0,0.0,0.0,1.0,0.0,0.0,1.0,0.0,0.0,0.0,0.0,0.0,0.0,0.0,0.0,0.0,0.0,0.0,0.0,0.0,1.0,0.0
0.5806094568971182,-0.754870578920615,-0.25317032974444026,0.40248161437324453,0.1501393201397246,-0.35418948698466474,-0.6513847719133283,-0.9629631614106129,-0.3358111558318982,-0.06097998631279262,1.5114643577233222,-1.2428446012997403,1.0,0.0,1.0,0.0,0.0,0.0,0.0,0.0,0.0,1.0,1.0,0.0,1.0,0.0,0.0,0.0,0.0,0.0,0.0,0.0,0.0,0.0,0.0,0.0,0.0,1.0,0.0,1.0,0.0
-1.2598932116941357,-0.6745440934210114,-0.5813458363316466,1.197266287293731,-1.1909918242328006,0.9164454439020248,1.6291746045884776,-0.6132186717941674,-0.3358111558318982,-0.6499765645374622,-1.4839992401486508,-0.8310339315516487,0.0,0.0,0.0,1.0,0.0,0.0,0.0,0.0,0.0,1.0,0.0,1.0,0.0,0.0,0.0,0.0,0.0,0.0,1.0,0.0,0.0,0.0,0.0,0.0,1.0,1.0,0.0,0.0,1.0
2.2537937010709856,0.47680219873997337,-0.3964071530615082,-0.15427110066750294,1.334519380032795,-0.35418948698466474,-0.6513847719133283,0.4360147970551687,-0.3358111558318982,-0.10150964972719718,-0.3139590965503364,-0.08977472600508395,1.0,0.0,1.0,0.0,0.0,0.0,0.0,1.0,0.0,0.0,1.0,0.0,0.0,1.0,0.0,0.0,0.0,0.0,0.0,0.0,0.0,0.0,0.0,0.0,0.0,0.0,1.0,0.0,0.0
-0.23367354193416381,-0.284960638747934,-0.9376247702785308,-0.31564869923003813,-0.0717705853463081,-0.35418948698466474,-0.6513847719133283,-0.6132186717941674,-0.3358111558318982,-0.5699099770681114,-1.2990444408169586,-0.4192232618035572,0.0,1.0,0.0,0.0,0.0,0.0,0.0,0.0,0.0,1.0,1.0,0.0,1.0,0.0,0.0,0.0,0.0,0.0,0.0,0.0,0.0,0.0,0.0,0.0,0.0,0.0,1.0,1.0,0.0
-0.5348467058854599,1.3818139353688406,-0.32660186574875993,0.09586417710442699,-0.37710381873254256,0.9164454439020248,-0.6513847719133283,0.26114255224694605,1.4162470485084402,0.9577864093956111,1.5074436012161117,0.2396738097933893,0.0,1.0,0.0,0.0,0.0,0.0,0.0,1.0,0.0,0.0,0.0,0.0,0.0,1.0,0.0,0.0,0.0,0.0,0.0,0.0,0.0,0.0,0.0,0.0,0.0,0.0,0.0,1.0,0.0
1.5287471952623095,1.5478220054013545,-0.6874136105601083,0.059554217427856576,0.8331702256173108,-0.35418948698466474,-0.6513847719133283,0.4360147970551687,-0.3358111558318982,0.18042832835894834,-0.4788101133459753,-0.33686112785393885,1.0,0.0,1.0,0.0,0.0,0.0,0.0,1.0,0.0,0.0,1.0,0.0,1.0,0.0,0.0,0.0,0.0,0.0,0.0,0.0,0.0,0.0,0.0,0.0,0.0,0.0,0.0,0.0,0.0
-0.31175547332894427,-1.0386886856462676,0.08316423639880155,-0.15427110066750294,-0.6499154406879363,-0.35418948698466474,-0.6513847719133283,-0.26347418217772206,-0.3358111558318982,0.18780912968361627,-0.7522215558363032,-0.6663096636524121,1.0,0.0,1.0,0.0,0.0,0.0,0.0,0.0,0.0,1.0,1.0,0.0,1.0,0.0,0.0,0.0,0.0,0.0,0.0,0.0,0.0,0.0,0.0,0.0,1.0,1.0,0.0,1.0,0.0
1.0267919220101493,2.190433889398183,-0.7019186053263936,-0.5314912373074293,0.29879853447643484,-0.35418948698466474,-0.6513847719133283,-0.6132186717941674,-0.3358111558318982,-0.5593351447608386,0.6872092737451282,-0.7486717976020304,1.0,1.0,0.0,0.0,0.0,0.0,0.0,0.0,0.0,1.0,1.0,0.0,0.0,1.0,0.0,0.0,0.0,0.0,0.0,0.0,0.0,0.0,0.0,0.0,1.0,0.0,0.0,1.0,0.0
-0.7579379384419755,-0.3264626562560625,-0.8578472990639612,0.059554217427856576,-0.6413997106805714,0.9164454439020248,3.9097339810902834,0.4360147970551687,1.4162470485084402,-0.5819954997049945,-1.3111067103385907,2.051640756684992,0.0,0.0,1.0,0.0,0.0,0.0,0.0,1.0,0.0,0.0,1.0,0.0,0.0,1.0,0.0,0.0,0.0,0.0,0.0,0.0,0.0,0.0,0.0,0.0,0.0,0.0,1.0,0.0,1.0
-1.4718298826228255,-0.9155235499198222,-1.5966954699716216,0.6869096318397132,-1.4671172596752229,-0.35418948698466474,0.4888949163375746,-1.487579895835281,-0.3358111558318982,-0.6687091246246312,-1.5885389093361293,-1.407568869198977,0.0,0.0,1.0,0.0,0.0,0.0,0.0,0.0,0.0,1.0,1.0,0.0,0.0,0.0,0.0,0.0,0.0,0.0,0.0,1.0,0.0,0.0,0.0,0.0,1.0,1.0,0.0,0.0,1.0
-1.0814202256489232,-1.102952016085564,0.41677911602336476,-0.41650969833162277,-1.041985815461401,-0.35418948698466474,0.4888949163375746,1.3103760210962823,-0.3358111558318982,-0.6397901954578036,-1.6086426918721828,1.0632951492895724,0.0,1.0,0.0,0.0,0.0,0.0,0.0,0.0,0.0,1.0,0.0,0.0,0.0,0.0,0.0,0.0,1.0,0.0,0.0,0.0,0.0,0.0,0.0,0.0,0.0,1.0,0.0,0.0,1.0
-0.4233010896072021,0.5303531890730424,-1.0863009666329557,-1.3242586902458844,-0.38639020303921634,-0.35418948698466474,-0.6513847719133283,-0.9629631614106129,1.4162470485084402,-0.5104319406623079,1.193824593653677,-0.9957581994508853,0.0,0.0,0.0,0.0,0.0,0.0,0.0,1.0,0.0,0.0,1.0,0.0,1.0,0.0,0.0,0.0,0.0,0.0,0.0,0.0,0.0,0.0,0.0,0.0,0.0,0.0,1.0,1.0,0.0
-0.31175547332894427,2.0565564135655108,-0.8197716878024621,1.9537237805556156,-0.3886636332221779,-0.35418948698466474,-0.6513847719133283,-0.7880909166023902,1.4162470485084402,-0.42609225768920184,1.89745698241555,0.07494954189415268,1.0,0.0,0.0,0.0,1.0,0.0,0.0,1.0,0.0,0.0,1.0,0.0,0.0,1.0,0.0,0.0,0.0,0.0,0.0,0.0,0.0,0.0,0.0,0.0,1.0,0.0,0.0,1.0,0.0
-0.5348467058854599,-0.8887480547532877,0.60081123712061,1.8750522012563802,-0.6133478941857232,-0.35418948698466474,-0.6513847719133283,-0.26347418217772206,-0.3358111558318982,-0.14890216349611754,1.3265095583916302,-0.4192232618035572,1.0,0.0,0.0,1.0,0.0,0.0,0.0,0.0,0.0,1.0,0.0,1.0,1.0,0.0,0.0,0.0,0.0,0.0,0.0,0.0,0.0,0.0,0.0,0.0,0.0,1.0,0.0,1.0,0.0
1.3614287708449229,-0.14974438815693464,0.07953798770722997,0.9955442890905617,2.0754264233884885,-0.35418948698466474,0.4888949163375746,0.4360147970551687,-0.3358111558318982,-0.2971224661213202,-0.5310799479397146,-0.4192232618035572,0.0,0.0,0.0,1.0,0.0,0.0,0.0,1.0,0.0,0.0,0.0,0.0,0.0,0.0,0.0,0.0,1.0,0.0,0.0,0.0,0.0,0.0,0.0,0.0,0.0,0.0,1.0,0.0,0.0
-0.31175547332894427,0.4500267035734388,-0.892296661633889,-0.9430041136418944,-0.22817487539107417,5.998985167448784,-0.6513847719133283,-0.4383464269859448,-0.3358111558318982,-0.26751293566095646,0.7032922997739712,-0.25449899390432057,0.0,1.0,0.0,0.0,0.0,0.0,0.0,1.0,0.0,0.0,1.0,0.0,1.0,0.0,0.0,0.0,0.0,0.0,0.0,0.0,0.0,0.0,0.0,0.0,1.0,0.0,1.0,1.0,0.0
2.2537937010709856,2.4581888410635284,0.6416065349007879,0.40248161437324453,1.5266820295654995,-0.35418948698466474,-0.6513847719133283,2.009865000329173,-0.3358111558318982,12.29335920407932,1.6079625138963793,1.3927436850880455,1.0,0.0,1.0,0.0,0.0,0.0,0.0,1.0,0.0,0.0,0.0,1.0,0.0,0.0,0.0,0.0,0.0,0.0,1.0,0.0,0.0,0.0,0.0,0.0,1.0,0.0,0.0,0.0,0.0
-1.0702656640210975,-0.4978258253218835,0.09676266899219395,-0.900642494019229,-1.0519272559224875,-0.35418948698466474,0.4888949163375746,-0.26347418217772206,-0.3358111558318982,-0.5384012930505232,-0.997487702776156,-0.6663096636524121,0.0,0.0,0.0,0.0,0.0,0.0,0.0,0.0,0.0,1.0,1.0,0.0,0.0,1.0,0.0,0.0,0.0,0.0,0.0,0.0,0.0,0.0,0.0,0.0,0.0,0.0,1.0,0.0,1.0
1.1383375382884073,0.3161492277407662,-0.08364320341348006,-0.41650969833162277,0.40873237027286713,-0.35418948698466474,-0.6513847719133283,-0.4383464269859448,-0.3358111558318982,0.6367431330629794,-0.18931564482680485,0.3220359437430076,1.0,1.0,0.0,0.0,0.0,0.0,0.0,0.0,1.0,0.0,1.0,0.0,1.0,0.0,0.0,0.0,0.0,0.0,0.0,0.0,0.0,0.0,0.0,0.0,1.0,0.0,1.0,0.0,0.0
1.1383375382884073,2.1101074038985796,-0.5061011759815413,-1.2274321311083634,1.2878562622096337,-0.35418948698466474,0.4888949163375746,-1.3127076510270583,-0.3358111558318982,1.5066417874334903,1.6481700789684863,-0.33686112785393885,0.0,0.0,0.0,0.0,0.0,0.0,0.0,0.0,0.0,1.0,0.0,1.0,0.0,1.0,0.0,0.0,0.0,0.0,0.0,0.0,0.0,0.0,0.0,0.0,1.0,0.0,0.0,0.0,0.0
-0.9810291709984912,-1.1832785015851675,1.0676907561604203,1.1690252075452878,-0.839534931032921,-0.35418948698466474,-0.6513847719133283,-0.08860193736949937,-0.3358111558318982,-0.45190348103511657,0.7233960823100247,-0.9957581994508853,0.0,0.0,0.0,1.0,0.0,0.0,0.0,0.0,0.0,1.0,0.0,1.0,1.0,0.0,0.0,0.0,0.0,0.0,0.0,0.0,0.0,0.0,0.0,0.0,1.0,1.0,0.0,0.0,1.0
1.6960656196796964,2.4581888410635284,-0.9829528789231724,-0.06349620147607656,0.9295790784608693,4.728350236562093,-0.6513847719133283,-0.08860193736949937,-0.3358111558318982,0.29424805404988,-0.8688234945454135,0.8162087474407175,1.0,0.0,1.0,0.0,0.0,0.0,0.0,1.0,0.0,0.0,0.0,1.0,0.0,1.0,0.0,0.0,0.0,0.0,0.0,0.0,0.0,0.0,0.0,0.0,0.0,0.0,0.0,0.0,0.0
0.2515498888762577,-0.9422990450863568,-0.30212468708065343,0.12612247683490244,-0.1674473166055231,-0.35418948698466474,0.4888949163375746,-0.4383464269859448,-0.3358111558318982,-0.49666307737243026,-0.8406781989949385,-0.25449899390432057,1.0,0.0,1.0,0.0,0.0,0.0,0.0,1.0,0.0,0.0,0.0,1.0,0.0,1.0,0.0,0.0,0.0,0.0,0.0,0.0,0.0,0.0,0.0,0.0,0.0,1.0,0.0,1.0,0.0
-0.7579379384419755,-1.156503006418633,0.046901749483087965,0.18663907629585336,-0.6319977282290014,-0.35418948698466474,-0.6513847719133283,-0.26347418217772206,-0.3358111558318982,-0.29962589581038884,0.15244865828610485,-0.25449899390432057,0.0,0.0,1.0,0.0,0.0,0.0,0.0,0.0,0.0,1.0,1.0,0.0,0.0,1.0,0.0,0.0,0.0,0.0,0.0,0.0,0.0,0.0,0.0,0.0,0.0,1.0,0.0,0.0,1.0
-0.9029472396037107,-0.6209931030879423,0.46573347335957777,-0.7190926956363767,-0.8584159613659921,-0.35418948698466474,-0.6513847719133283,-0.7880909166023902,-0.3358111558318982,-0.17000866552981705,-0.3059175835359152,-0.33686112785393885,0.0,1.0,0.0,0.0,0.0,0.0,0.0,1.0,0.0,0.0,0.0,0.0,0.0,0.0,0.0,0.0,0.0,0.0,0.0,0.0,0.0,0.0,1.0,0.0,0.0,0.0,1.0,0.0,1.0
0.02288137550582915,0.8516591310714567,-0.024716662175445915,0.652616892145174,-0.2707920581428631,-0.35418948698466474,0.4888949163375746,-0.08860193736949937,-0.3358111558318982,-0.5304593781748571,0.8399980210191353,1.1456572832391907,1.0,0.0,0.0,1.0,0.0,0.0,0.0,1.0,0.0,0.0,0.0,0.0,1.0,0.0,0.0,0.0,0.0,0.0,0.0,0.0,0.0,0.0,0.0,0.0,0.0,0.0,0.0,1.0,0.0
0.13442699178408696,0.5035776939065079,-0.7916682604427844,-0.01306570192528424,0.39173944297310287,-0.35418948698466474,1.6291746045884776,0.4360147970551687,-0.3358111558318982,-0.00935753962096315,-0.04054765406000874,0.4867602116422442,0.0,1.0,0.0,0.0,0.0,0.0,0.0,0.0,0.0,1.0,0.0,0.0,0.0,1.0,0.0,0.0,0.0,0.0,0.0,0.0,0.0,0.0,0.0,0.0,0.0,0.0,1.0,1.0,0.0
-1.3156660198332646,0.04839427607542089,0.18197951324412054,0.10191583705052229,-1.2926411263116604,-0.35418948698466474,0.4888949163375746,0.4360147970551687,-0.3358111558318982,0.5976378348164931,0.27307135350242595,0.2396738097933893,0.0,0.0,1.0,0.0,0.0,0.0,0.0,0.0,0.0,1.0,0.0,0.0,0.0,1.0,0.0,0.0,0.0,0.0,0.0,0.0,0.0,0.0,0.0,0.0,0.0,0.0,1.0,0.0,1.0
0.3575182243406026,-0.6584787963210907,1.3849875166729122,0.10191583705052229,-0.08718367133248854,-0.35418948698466474,-0.6513847719133283,-0.7880909166023902,-0.3358111558318982,-0.0808347735019578,1.7808550437064394,-1.3252067352493586,1.0,0.0,1.0,0.0,0.0,0.0,0.0,0.0,0.0,1.0,1.0,0.0,0.0,1.0,0.0,0.0,0.0,0.0,0.0,0.0,0.0,0.0,0.0,0.0,0.0,1.0,0.0,1.0,0.0
-0.8248653082089302,-0.5674421127548733,-0.8877638507694248,1.0096648289647836,-0.6535375158946887,0.9164454439020248,-0.6513847719133283,-0.6132186717941674,-0.3358111558318982,-0.5579971047546123,-0.46674784382434326,-1.160482467350122,0.0,0.0,0.0,1.0,0.0,0.0,0.0,1.0,0.0,0.0,1.0,0.0,0.0,1.0,0.0,0.0,0.0,0.0,0.0,0.0,0.0,0.0,0.0,0.0,0.0,0.0,1.0,0.0,1.0
-0.31175547332894427,-0.6477685982544769,0.06593955511383758,0.515445933367019,-0.5703839169992453,-0.35418948698466474,-0.6513847719133283,-0.4383464269859448,-0.3358111558318982,-0.292417744809105,0.4379223702980648,-0.7486717976020304,1.0,0.0,0.0,1.0,0.0,0.0,0.0,0.0,1.0,0.0,1.0,0.0,0.0,1.0,0.0,0.0,0.0,0.0,0.0,0.0,0.0,0.0,0.0,0.0,1.0,1.0,0.0,1.0,0.0
-0.9670859689637089,-0.7280950837540805,0.9199211219788879,-0.2147877001284535,-0.9014955366973664,-0.35418948698466474,-0.6513847719133283,-0.08860193736949937,-0.3358111558318982,-0.32794054884537227,1.9054984954299714,-0.7486717976020304,0.0,1.0,0.0,0.0,0.0,0.0,0.0,0.0,0.0,1.0,0.0,1.0,1.0,0.0,0.0,0.0,0.0,0.0,0.0,0.0,0.0,0.0,0.0,0.0,0.0,1.0,0.0,0.0,1.0
-0.5348467058854599,-0.6209931030879423,-0.14166318247862153,2.205876278309577,-0.17372814914489182,-0.35418948698466474,1.6291746045884776,-0.6132186717941674,-0.3358111558318982,-0.610439640482516,-0.36220817463686494,-0.913396065501267,0.0,0.0,0.0,0.0,1.0,0.0,0.0,1.0,0.0,0.0,1.0,0.0,0.0,0.0,1.0,0.0,0.0,0.0,0.0,0.0,0.0,0.0,0.0,0.0,1.0,0.0,1.0,1.0,0.0
-0.7579379384419755,-0.21936067558992442,-0.10086788469844403,-0.9712451933903382,-0.7158834487087885,-0.35418948698466474,0.4888949163375746,-0.7880909166023902,1.4162470485084402,-0.30199983775691946,1.085264167958988,-0.4192232618035572,0.0,1.0,0.0,0.0,0.0,0.0,0.0,1.0,0.0,0.0,1.0,0.0,0.0,0.0,0.0,0.0,0.0,0.0,0.0,0.0,0.0,1.0,0.0,0.0,0.0,0.0,1.0,0.0,1.0
-0.28665770966633625,-1.0182879003689818,0.5119681441771122,-0.618231696534792,-0.16552068085725052,-0.35418948698466474,0.4888949163375746,-0.6132186717941674,-0.3358111558318982,-0.07979887156165352,0.03584671957699455,-0.33686112785393885,0.0,1.0,0.0,0.0,0.0,0.0,0.0,0.0,0.0,1.0,0.0,0.0,1.0,0.0,0.0,0.0,0.0,0.0,0.0,0.0,0.0,0.0,0.0,0.0,0.0,1.0,0.0,1.0,0.0
-0.8137107465811044,-0.8351970644202186,0.28623416312679645,-1.1427088918630322,-0.7877854948343203,-0.35418948698466474,0.4888949163375746,0.9606315314798368,1.4162470485084402,-0.2995827332295429,0.6309186826441787,1.9692786227353738,0.0,0.0,0.0,0.0,0.0,0.0,0.0,1.0,0.0,0.0,1.0,0.0,0.0,1.0,0.0,0.0,0.0,0.0,0.0,0.0,0.0,0.0,0.0,0.0,0.0,1.0,0.0,0.0,1.0
0.02288137550582915,-0.4871156272552697,0.01698519777762457,-0.5839389568402532,0.18408664202428704,-0.35418948698466474,0.4888949163375746,-0.26347418217772206,-0.3358111558318982,0.012396401125426523,0.23688454493752967,-0.4192232618035572,0.0,1.0,0.0,0.0,0.0,0.0,0.0,0.0,0.0,1.0,0.0,1.0,0.0,1.0,0.0,0.0,0.0,0.0,0.0,0.0,0.0,0.0,0.0,0.0,1.0,0.0,1.0,1.0,0.0
0.02288137550582915,-0.35323815142259707,-0.11899912815630068,-0.6827827359598062,0.17079285536120645,-0.35418948698466474,0.4888949163375746,-0.6132186717941674,-0.3358111558318982,0.24866836867649217,0.4620469093413291,-0.5839475297027937,0.0,1.0,0.0,0.0,0.0,0.0,0.0,1.0,0.0,0.0,0.0,0.0,0.0,1.0,0.0,0.0,0.0,0.0,0.0,0.0,0.0,0.0,0.0,0.0,1.0,0.0,1.0,1.0,0.0
-0.8694835547202333,-1.0592008569834466,-1.3519236832905563,-1.4089819294912156,-0.8638490741761207,-0.35418948698466474,-0.6513847719133283,-1.1378354062188356,-0.3358111558318982,-0.6185973682624121,-1.0980066154564236,-1.2428446012997403,0.0,0.0,0.0,0.0,0.0,0.0,0.0,0.0,0.0,1.0,0.0,0.0,0.0,1.0,0.0,0.0,0.0,0.0,0.0,0.0,0.0,0.0,0.0,0.0,1.0,1.0,0.0,0.0,1.0
0.285013573759735,-0.920075384098133,1.2462835042203089,1.8851383011665381,0.17641863174616224,-0.35418948698466474,-0.6513847719133283,-0.4383464269859448,-0.3358111558318982,0.19212538776821741,0.6992715432667608,-0.17213685995470224,1.0,0.0,0.0,0.0,1.0,0.0,0.0,1.0,0.0,0.0,0.0,1.0,0.0,1.0,0.0,0.0,0.0,0.0,0.0,0.0,0.0,0.0,0.0,0.0,0.0,1.0,0.0,1.0,0.0
-0.8248653082089302,-1.4871268207350012,1.4221565657615187,0.08779529717630039,-0.7177715517420956,-0.35418948698466474,-0.6513847719133283,-0.08860193736949937,-0.3358111558318982,-0.2104088412016836,-0.8125329034444636,0.4867602116422442,0.0,0.0,1.0,0.0,0.0,0.0,0.0,0.0,0.0,1.0,0.0,0.0,1.0,0.0,0.0,0.0,0.0,0.0,0.0,0.0,0.0,0.0,0.0,0.0,0.0,1.0,0.0,0.0,1.0
0.13442699178408696,1.2532915585694748,-1.2195656060482023,-0.4649229779003834,-0.35248141386961934,-0.35418948698466474,1.6291746045884776,-0.4383464269859448,-0.3358111558318982,0.228856744068173,-0.04054765406000874,-0.33686112785393885,1.0,1.0,0.0,0.0,0.0,0.0,0.0,0.0,1.0,0.0,1.0,0.0,0.0,1.0,0.0,0.0,0.0,0.0,0.0,0.0,0.0,0.0,0.0,0.0,1.0,0.0,0.0,1.0,0.0
1.6960656196796964,-0.35323815142259707,-0.4462680725706142,-1.4009130495630886,0.5554649488613046,-0.35418948698466474,-0.6513847719133283,-0.08860193736949937,-0.3358111558318982,0.5258153002887305,-0.9934669462689452,-0.5839475297027937,1.0,0.0,0.0,0.0,0.0,0.0,0.0,0.0,1.0,0.0,1.0,0.0,1.0,0.0,0.0,0.0,0.0,0.0,0.0,0.0,0.0,0.0,0.0,0.0,1.0,0.0,1.0,0.0,0.0
-1.2041204035550068,-0.6209931030879423,-0.41091214782779356,-0.7675059752051373,-1.193342319845693,-0.35418948698466474,0.4888949163375746,-1.1378354062188356,-0.3358111558318982,-0.5525586195680149,-0.7602630688507245,0.07494954189415268,0.0,0.0,0.0,0.0,0.0,0.0,0.0,1.0,0.0,0.0,0.0,0.0,1.0,0.0,0.0,0.0,0.0,0.0,0.0,0.0,0.0,0.0,0.0,0.0,0.0,0.0,1.0,0.0,1.0
-0.7579379384419755,1.119414082736802,0.4131528673317932,-0.9409868936598628,-0.7137256166707233,4.728350236562093,-0.6513847719133283,0.9606315314798368,-0.3358111558318982,-0.3181426429933277,-0.3139590965503364,0.4867602116422442,0.0,1.0,0.0,0.0,0.0,0.0,0.0,1.0,0.0,0.0,0.0,0.0,0.0,1.0,0.0,0.0,0.0,0.0,0.0,0.0,0.0,0.0,0.0,0.0,1.0,0.0,0.0,0.0,1.0
-0.9810291709984912,-0.6005634002758765,0.2508782383839758,0.4549293339060685,-0.8803025434663683,-0.35418948698466474,-0.6513847719133283,-0.7880909166023902,-0.3358111558318982,-0.5984404430073248,-1.0417160243554737,-0.9957581994508853,0.0,0.0,1.0,0.0,0.0,0.0,0.0,0.0,0.0,1.0,1.0,0.0,0.0,1.0,0.0,0.0,0.0,0.0,0.0,0.0,0.0,0.0,0.0,0.0,1.0,0.0,1.0,0.0,1.0
0.9542872714292818,-0.21936067558992442,0.17110076716940645,-1.2980348304794724,1.0772749749234436,-0.35418948698466474,0.4888949163375746,0.6108870418633914,-0.3358111558318982,0.25082649771879273,-1.2869821712953264,0.15731167584377098,0.0,0.0,0.0,0.0,0.0,0.0,0.0,0.0,0.0,1.0,0.0,1.0,0.0,1.0,0.0,0.0,0.0,0.0,0.0,0.0,0.0,0.0,0.0,0.0,0.0,0.0,1.0,1.0,0.0
-0.044045994261125536,-0.1390341900903208,0.10492172854822945,0.5114114934029558,-0.3479730862186615,-0.35418948698466474,-0.6513847719133283,-0.4383464269859448,1.4162470485084402,-0.29444638610886753,1.6119832704035897,0.40439807769262587,1.0,0.0,1.0,0.0,0.0,0.0,0.0,0.0,0.0,1.0,0.0,1.0,0.0,1.0,0.0,0.0,0.0,0.0,0.0,0.0,0.0,0.0,0.0,0.0,1.0,0.0,1.0,1.0,0.0
-0.7914016233254528,-0.2729116659229935,-1.1035256479179194,-0.7009377157980914,-0.7337240957377924,-0.35418948698466474,0.4888949163375746,0.08627030743872333,-0.3358111558318982,0.5505906216943409,-0.6235573476055606,0.5691223455918625,0.0,1.0,0.0,0.0,0.0,0.0,0.0,1.0,0.0,0.0,1.0,0.0,0.0,0.0,0.0,0.0,0.0,0.0,0.0,1.0,0.0,0.0,0.0,0.0,1.0,0.0,1.0,0.0,1.0
1.1383375382884073,0.1287207615750245,0.28170135226233217,-0.14216778077531267,1.5304582356321133,-0.35418948698466474,-0.6513847719133283,-0.26347418217772206,-0.3358111558318982,0.48373178396386945,0.19667697986542265,-0.0074125920554656355,0.0,1.0,0.0,0.0,0.0,0.0,0.0,1.0,0.0,0.0,1.0,0.0,0.0,1.0,0.0,0.0,0.0,0.0,0.0,0.0,0.0,0.0,0.0,0.0,1.0,0.0,1.0,0.0,0.0
-0.8694835547202333,-0.5674421127548733,-0.9729806950213513,0.28951729537946963,-0.7569593228619594,-0.35418948698466474,1.6291746045884776,-0.26347418217772206,-0.3358111558318982,-0.2300478154866187,0.2208015189086869,-0.08977472600508395,0.0,0.0,1.0,0.0,0.0,0.0,0.0,0.0,0.0,1.0,0.0,1.0,1.0,0.0,0.0,0.0,0.0,0.0,0.0,0.0,0.0,0.0,0.0,0.0,1.0,0.0,1.0,0.0,1.0
-0.9810291709984912,1.8959034425663035,0.4213119268878287,0.2511901157208676,-0.8917082270961418,-0.35418948698466474,-0.6513847719133283,0.9606315314798368,-0.3358111558318982,0.4547696922161959,0.9364961771921918,0.4867602116422442,0.0,0.0,1.0,0.0,0.0,0.0,0.0,0.0,0.0,1.0,0.0,0.0,0.0,1.0,0.0,0.0,0.0,0.0,0.0,0.0,0.0,0.0,0.0,0.0,0.0,0.0,0.0,0.0,1.0
-1.3825933896002192,-0.5272788700050715,-0.19424378850640614,-0.5314912373074293,-1.385042576798812,-0.35418948698466474,0.4888949163375746,-0.7880909166023902,1.4162470485084402,-0.6467825335548574,-1.7855559781894537,-0.33686112785393885,0.0,1.0,0.0,0.0,0.0,0.0,0.0,0.0,0.0,1.0,0.0,0.0,0.0,1.0,0.0,0.0,0.0,0.0,0.0,0.0,0.0,0.0,0.0,0.0,1.0,0.0,1.0,0.0,1.0
-0.40099196635155054,0.3161492277407662,0.9743148523524582,0.20681127611617023,-0.6793159022065755,0.9164454439020248,-0.6513847719133283,-0.9629631614106129,-0.3358111558318982,-0.7228350010055292,0.023784450055362553,0.2396738097933893,1.0,0.0,1.0,0.0,0.0,0.0,0.0,1.0,0.0,0.0,0.0,0.0,0.0,0.0,1.0,0.0,0.0,0.0,0.0,0.0,0.0,0.0,0.0,0.0,0.0,0.0,1.0,1.0,0.0
-0.7579379384419755,0.3161492277407662,-0.7227695353029289,-0.5314912373074293,-0.6845178187269112,-0.35418948698466474,0.4888949163375746,-0.08860193736949937,-0.3358111558318982,-0.6373730909304269,-1.5603936137856542,-0.5839475297027937,0.0,1.0,0.0,0.0,0.0,0.0,0.0,1.0,0.0,0.0,0.0,0.0,0.0,1.0,0.0,0.0,0.0,0.0,0.0,0.0,0.0,0.0,0.0,0.0,1.0,0.0,1.0,0.0,1.0
0.6865777923614631,1.1461895779033366,-0.9666347598111015,1.306196166323443,0.43242998997661947,-0.35418948698466474,-0.6513847719133283,0.26114255224694605,-0.3358111558318982,0.5481303545861183,1.1495962720743589,-0.17213685995470224,1.0,0.0,0.0,1.0,0.0,0.0,0.0,1.0,0.0,0.0,0.0,0.0,0.0,1.0,0.0,0.0,0.0,0.0,0.0,0.0,0.0,0.0,0.0,0.0,0.0,0.0,0.0,1.0,0.0
1.4729743871231806,1.0926385875702675,-0.4462680725706142,1.3989882854969002,1.172604911747969,-0.35418948698466474,0.4888949163375746,1.3103760210962823,-0.3358111558318982,0.029618270882985017,-0.780366851386778,3.9459698375262127,1.0,0.0,0.0,0.0,1.0,0.0,0.0,1.0,0.0,0.0,1.0,0.0,0.0,1.0,0.0,0.0,0.0,0.0,0.0,0.0,0.0,0.0,0.0,0.0,1.0,0.0,0.0,0.0,0.0
-0.7663038596628449,-1.3633169310849456,0.19648450801040593,-0.31564869923003813,-0.67842964976237,-0.35418948698466474,-0.6513847719133283,-1.1378354062188356,-0.3358111558318982,-0.11087592977078163,0.5183375004422789,-1.489931003148595,0.0,1.0,0.0,0.0,0.0,0.0,0.0,1.0,0.0,0.0,0.0,1.0,1.0,0.0,0.0,0.0,0.0,0.0,0.0,0.0,0.0,0.0,0.0,0.0,0.0,1.0,0.0,0.0,1.0
2.2537937010709856,2.324311365230856,-0.6584036210275376,-1.168932751629444,2.495009156647285,0.9164454439020248,-0.6513847719133283,0.6108870418633914,-0.3358111558318982,5.683225760416924,0.3172996750817437,0.3220359437430076,0.0,0.0,0.0,0.0,0.0,0.0,0.0,1.0,0.0,0.0,1.0,0.0,1.0,0.0,0.0,0.0,0.0,0.0,0.0,0.0,0.0,0.0,0.0,0.0,0.0,0.0,0.0,0.0,0.0
0.5806094568971182,1.119414082736802,-0.6266739449762884,0.7776845310311392,0.22627996491145594,-0.35418948698466474,-0.6513847719133283,2.009865000329173,-0.3358111558318982,-0.5827292635793767,-1.6769955524947648,2.6281756943323202,1.0,0.0,1.0,0.0,0.0,0.0,0.0,1.0,0.0,0.0,0.0,0.0,0.0,1.0,0.0,0.0,0.0,0.0,0.0,0.0,0.0,0.0,0.0,0.0,0.0,0.0,0.0,1.0,0.0
-0.8164993869880609,-1.2903804822513056,0.5718012475880393,-0.920814693839546,-0.7761486149147541,-0.35418948698466474,2.7694542928393804,0.9606315314798368,-0.3358111558318982,-0.6228273011853211,-1.3271897363674336,0.2396738097933893,0.0,0.0,0.0,0.0,0.0,0.0,0.0,1.0,0.0,0.0,0.0,0.0,1.0,0.0,0.0,0.0,0.0,0.0,0.0,0.0,0.0,0.0,0.0,0.0,0.0,1.0,0.0,0.0,1.0
0.7590824429423307,0.2570021589178914,-0.5206061707478267,-0.7836437350613908,0.9680347279963896,-0.35418948698466474,-0.6513847719133283,0.26114255224694605,-0.3358111558318982,0.20619638912401708,1.9939551385886065,-0.6663096636524121,0.0,1.0,0.0,0.0,0.0,0.0,0.0,1.0,0.0,0.0,1.0,0.0,1.0,0.0,0.0,0.0,0.0,0.0,0.0,0.0,0.0,0.0,0.0,0.0,1.0,0.0,1.0,1.0,0.0
0.02288137550582915,2.324311365230856,-0.13441068509547902,-0.41650969833162277,0.20670534570900684,-0.35418948698466474,-0.6513847719133283,2.3596094899456186,1.4162470485084402,-0.38003778392650783,-0.34210439210081145,3.204710631979648,0.0,1.0,0.0,0.0,0.0,0.0,0.0,1.0,0.0,0.0,0.0,0.0,1.0,0.0,0.0,0.0,0.0,0.0,0.0,0.0,0.0,0.0,0.0,0.0,0.0,0.0,0.0,1.0,0.0
-0.8694835547202333,0.18227175190809353,0.20917637843090534,0.652616892145174,-0.7331075722983451,-0.35418948698466474,-0.6513847719133283,0.9606315314798368,-0.3358111558318982,0.5416128048783706,-0.6637649126776677,1.6398300869369005,0.0,0.0,0.0,1.0,0.0,0.0,0.0,0.0,1.0,0.0,1.0,0.0,0.0,0.0,0.0,0.0,0.0,0.0,0.0,1.0,0.0,0.0,0.0,0.0,0.0,0.0,1.0,0.0,1.0
0.39934783044494926,0.5698470444436808,-0.6212345719389313,0.7938222908873924,0.0739986753679933,0.9164454439020248,0.4888949163375746,0.4360147970551687,-0.3358111558318982,-0.16491548098998773,-0.6999517212425639,0.4867602116422442,1.0,0.0,0.0,1.0,0.0,0.0,0.0,1.0,0.0,0.0,1.0,0.0,1.0,0.0,0.0,0.0,0.0,0.0,0.0,0.0,0.0,0.0,0.0,0.0,0.0,0.0,1.0,1.0,0.0
1.7769361914814332,0.9052101214045258,0.6688034000875727,0.025261477733317817,2.3140980598844925,-0.35418948698466474,-0.6513847719133283,0.26114255224694605,-0.3358111558318982,1.1214157533828397,0.7274168388172352,-0.0074125920554656355,0.0,0.0,1.0,0.0,0.0,0.0,0.0,0.0,0.0,1.0,0.0,1.0,1.0,0.0,0.0,0.0,0.0,0.0,0.0,0.0,0.0,0.0,0.0,0.0,0.0,0.0,0.0,0.0,0.0
0.5806094568971182,0.18227175190809353,1.1529076004123464,1.639037463358672,0.4074222579640417,-0.35418948698466474,-0.6513847719133283,-0.4383464269859448,1.4162470485084402,-0.3161571642744112,1.1053679504950416,0.15731167584377098,1.0,0.0,0.0,0.0,1.0,0.0,0.0,1.0,0.0,0.0,1.0,0.0,0.0,1.0,0.0,0.0,0.0,0.0,0.0,0.0,0.0,0.0,0.0,0.0,1.0,0.0,1.0,1.0,0.0
-0.6463923221637177,-0.8887480547532877,0.568174998896468,0.10191583705052229,-0.507421460745698,-0.35418948698466474,-0.6513847719133283,-0.4383464269859448,-0.3358111558318982,-0.4511265545798884,-0.3541666616224434,0.07494954189415268,0.0,0.0,1.0,0.0,0.0,0.0,0.0,0.0,1.0,0.0,1.0,0.0,0.0,1.0,0.0,0.0,0.0,0.0,0.0,0.0,0.0,0.0,0.0,0.0,0.0,1.0,0.0,0.0,1.0
-1.1148839105324004,-0.35323815142259707,-0.018370726965196045,0.9955442890905617,-1.0167083544440652,-0.35418948698466474,0.4888949163375746,1.3103760210962823,-0.3358111558318982,0.09721087248783865,-0.008381602002323239,0.40439807769262587,0.0,0.0,0.0,1.0,0.0,0.0,0.0,1.0,0.0,0.0,0.0,1.0,0.0,0.0,0.0,0.0,0.0,0.0,0.0,1.0,0.0,0.0,0.0,0.0,1.0,0.0,1.0,0.0,1.0
-1.0256474175097943,-1.156503006418633,-1.146134070043883,-0.9813312933004968,-1.0071907738475987,-0.35418948698466474,-0.6513847719133283,-0.9629631614106129,-0.3358111558318982,-0.48923911346691634,-0.42654027875223627,-1.3252067352493586,0.0,0.0,0.0,0.0,0.0,0.0,0.0,0.0,0.0,1.0,0.0,0.0,0.0,1.0,0.0,0.0,0.0,0.0,0.0,0.0,0.0,0.0,0.0,0.0,0.0,1.0,0.0,0.0,1.0
-0.31175547332894427,-1.156503006418633,0.9172014354602096,-0.40238915845740086,-0.17014460665310485,-0.35418948698466474,0.4888949163375746,0.26114255224694605,-0.3358111558318982,-0.4259627699466638,-1.295023684309748,-0.5015853957531755,0.0,1.0,0.0,0.0,0.0,0.0,0.0,1.0,0.0,0.0,0.0,0.0,0.0,1.0,0.0,0.0,0.0,0.0,0.0,0.0,0.0,0.0,0.0,0.0,0.0,1.0,0.0,1.0,0.0
-0.7579379384419755,-0.8351970644202186,1.5608605782141225,0.5981519526303185,-0.6012100889716062,-0.35418948698466474,-0.6513847719133283,0.7857592866716141,-0.3358111558318982,0.004713461734836519,-0.1209627842042228,0.3220359437430076,0.0,0.0,1.0,0.0,0.0,0.0,0.0,1.0,0.0,0.0,0.0,0.0,1.0,0.0,0.0,0.0,0.0,0.0,0.0,0.0,0.0,0.0,0.0,0.0,1.0,1.0,0.0,0.0,1.0
-1.4272116361115224,-0.7280950837540805,0.6171293562326811,0.10796749699661724,-1.4234211609044014,-0.35418948698466474,-0.6513847719133283,-0.26347418217772206,-0.3358111558318982,0.7802587143759668,-0.1732326187979618,-0.4192232618035572,0.0,0.0,1.0,0.0,0.0,0.0,0.0,0.0,1.0,0.0,1.0,0.0,0.0,0.0,0.0,0.0,0.0,0.0,0.0,1.0,0.0,0.0,0.0,0.0,0.0,1.0,0.0,0.0,1.0
-0.5348467058854599,1.3871690344021474,-0.5051946138086485,-1.1790188515396025,-0.49177717846972496,3.457715305675404,-0.6513847719133283,-0.4383464269859448,-0.3358111558318982,0.12069131646806877,0.6872092737451282,-0.6663096636524121,0.0,0.0,0.0,0.0,0.0,0.0,0.0,1.0,0.0,0.0,0.0,0.0,0.0,1.0,0.0,0.0,0.0,0.0,0.0,0.0,0.0,0.0,0.0,0.0,0.0,0.0,0.0,1.0,0.0
0.3575182243406026,0.1287207615750245,0.0006670786655535659,-0.7856609550434225,-0.2401200170303639,-0.35418948698466474,2.7694542928393804,0.7857592866716141,-0.3358111558318982,14.175981492839792,-0.4627270873171325,1.8045543548361371,1.0,1.0,0.0,0.0,0.0,0.0,0.0,1.0,0.0,0.0,0.0,0.0,0.0,0.0,0.0,0.0,0.0,0.0,0.0,1.0,0.0,0.0,0.0,0.0,0.0,0.0,1.0,1.0,0.0
0.13442699178408696,0.8516591310714567,-0.0664185221285164,-1.3746891897966766,0.19703363425267864,-0.35418948698466474,-0.6513847719133283,-0.7880909166023902,-0.3358111558318982,0.12772681714596862,-0.8929480335886777,-0.5015853957531755,0.0,0.0,0.0,0.0,0.0,0.0,0.0,1.0,0.0,0.0,1.0,0.0,1.0,0.0,0.0,0.0,0.0,0.0,0.0,0.0,0.0,0.0,0.0,0.0,0.0,0.0,0.0,1.0,0.0
1.6960656196796964,0.2358227422411626,0.17744670237965632,-0.08770284126045706,2.1885584745270528,0.9164454439020248,-0.6513847719133283,-0.26347418217772206,-0.3358111558318982,-0.0348666249009558,-0.07271370611769425,-0.7486717976020304,0.0,0.0,1.0,0.0,0.0,0.0,0.0,1.0,0.0,0.0,0.0,0.0,0.0,1.0,0.0,0.0,0.0,0.0,0.0,0.0,0.0,0.0,0.0,0.0,0.0,0.0,1.0,0.0,0.0
2.2537937010709856,0.36970021807383524,-1.1434143835252042,-1.4089819294912156,2.421835530927894,-0.35418948698466474,-0.6513847719133283,0.7857592866716141,-0.3358111558318982,-0.5543714479635473,-1.9222616994346173,1.9692786227353738,0.0,0.0,0.0,0.0,0.0,0.0,0.0,1.0,0.0,0.0,1.0,0.0,0.0,0.0,0.0,0.0,1.0,0.0,0.0,0.0,0.0,0.0,0.0,0.0,0.0,0.0,1.0,0.0,0.0
0.5806094568971182,0.7177816552387841,-1.040972857988314,-1.0398306727794158,0.7261263434432873,-0.35418948698466474,1.6291746045884776,0.08627030743872333,-0.3358111558318982,-0.28797199898196585,-1.106048128470845,-0.6663096636524121,0.0,0.0,0.0,0.0,0.0,0.0,0.0,0.0,0.0,1.0,0.0,1.0,1.0,0.0,0.0,0.0,0.0,0.0,0.0,0.0,0.0,0.0,0.0,0.0,1.0,0.0,0.0,1.0,0.0
-0.20020985705068647,-0.5138911224218042,0.15296952371154982,0.18865629627788502,0.026526370530557588,-0.35418948698466474,-0.6513847719133283,-0.7880909166023902,-0.3358111558318982,-0.4604496720426268,1.1214509765238845,-0.5015853957531755,0.0,0.0,1.0,0.0,0.0,0.0,0.0,0.0,0.0,1.0,0.0,1.0,0.0,1.0,0.0,0.0,0.0,0.0,0.0,0.0,0.0,0.0,0.0,0.0,0.0,0.0,1.0,1.0,0.0
0.5806094568971182,0.18227175190809353,-0.9475969541803518,-0.920814693839546,0.7471266730994583,-0.35418948698466474,-0.6513847719133283,-1.3127076510270583,-0.3358111558318982,0.3850189615690417,1.193824593653677,-0.7486717976020304,0.0,1.0,0.0,0.0,0.0,0.0,0.0,0.0,0.0,1.0,0.0,0.0,1.0,0.0,0.0,0.0,0.0,0.0,0.0,0.0,0.0,0.0,0.0,0.0,0.0,0.0,1.0,1.0,0.0
2.2537937010709856,1.6816994812340271,-0.9149607159562099,-1.4009130495630886,0.9289240223064568,-0.35418948698466474,-0.6513847719133283,0.08627030743872333,-0.3358111558318982,0.857649221832865,0.1484279017788944,-0.08977472600508395,1.0,0.0,0.0,0.0,0.0,0.0,0.0,1.0,0.0,0.0,1.0,0.0,0.0,1.0,0.0,0.0,0.0,0.0,0.0,0.0,0.0,0.0,0.0,0.0,0.0,0.0,0.0,0.0,0.0
0.13442699178408696,-0.6624415696057379,1.002418279712136,-1.1225366920427151,0.23221400301613548,-0.35418948698466474,-0.6513847719133283,-0.26347418217772206,-0.3358111558318982,-0.3525863825084447,0.7997904559470284,0.40439807769262587,0.0,0.0,0.0,0.0,0.0,0.0,0.0,1.0,0.0,0.0,0.0,0.0,0.0,1.0,0.0,0.0,0.0,0.0,0.0,0.0,0.0,0.0,0.0,0.0,0.0,1.0,0.0,1.0,0.0
-1.4829844442506512,-0.8887480547532877,1.403118760130769,0.8139944907077097,-1.4789468031696162,-0.35418948698466474,-0.6513847719133283,-0.08860193736949937,-0.3358111558318982,0.0149861559761872,0.5022544744134361,-0.08977472600508395,0.0,0.0,0.0,1.0,0.0,0.0,0.0,0.0,1.0,0.0,0.0,0.0,0.0,1.0,0.0,0.0,0.0,0.0,0.0,0.0,0.0,0.0,0.0,0.0,0.0,1.0,0.0,0.0,1.0
0.47742976183972974,-0.6745440934210114,0.864620829432425,0.25724177566696255,0.8386033384274393,-0.35418948698466474,0.4888949163375746,1.1355037762880595,-0.3358111558318982,-0.02610462098921552,0.5062752309206469,1.6398300869369005,0.0,0.0,1.0,0.0,0.0,0.0,0.0,1.0,0.0,0.0,0.0,0.0,0.0,1.0,0.0,0.0,0.0,0.0,0.0,0.0,0.0,0.0,0.0,0.0,1.0,1.0,0.0,1.0,0.0
1.6960656196796964,0.04839427607542089,0.3950216238739366,1.580538083879753,1.4348971025177948,-0.35418948698466474,-0.6513847719133283,-0.26347418217772206,-0.3358111558318982,0.6370452711289014,-0.20137791434843685,-0.7486717976020304,1.0,0.0,0.0,1.0,0.0,0.0,0.0,0.0,0.0,1.0,1.0,0.0,0.0,1.0,0.0,0.0,0.0,0.0,0.0,0.0,0.0,0.0,0.0,0.0,0.0,0.0,1.0,0.0,0.0
-0.5348467058854599,0.04839427607542089,1.4674846744061605,0.8139944907077097,-0.309748632972934,2.187080374788714,0.4888949163375746,-0.4383464269859448,-0.3358111558318982,-0.4197041957239922,-0.7321177733002497,-0.913396065501267,0.0,0.0,0.0,1.0,0.0,0.0,0.0,1.0,0.0,0.0,0.0,0.0,0.0,1.0,0.0,0.0,0.0,0.0,0.0,0.0,0.0,0.0,0.0,0.0,1.0,0.0,1.0,1.0,0.0
-0.9838178114054476,-1.5581354339166509,1.3596037758319133,1.3989882854969002,-0.8297476214316964,-0.35418948698466474,-0.6513847719133283,-0.7880909166023902,-0.3358111558318982,-0.3989861569179068,-0.00034008898790171974,-0.33686112785393885,0.0,0.0,0.0,0.0,1.0,0.0,0.0,1.0,0.0,0.0,0.0,1.0,0.0,1.0,0.0,0.0,0.0,0.0,0.0,0.0,0.0,0.0,0.0,0.0,0.0,1.0,0.0,0.0,1.0
2.594704990821411,2.4581888410635284,0.37870350476186554,-0.6303350164269823,3.2830417104057257,-0.35418948698466474,-0.6513847719133283,1.8349927555209502,-0.3358111558318982,0.8487577301785867,0.7434998648460782,0.980933015339954,0.0,1.0,0.0,0.0,0.0,0.0,0.0,1.0,0.0,0.0,1.0,0.0,0.0,1.0,0.0,0.0,0.0,0.0,0.0,0.0,0.0,0.0,0.0,0.0,0.0,0.0,0.0,0.0,0.0
0.5081048063162507,-0.7816460740871496,0.030583630371016964,0.2834656354333747,0.06744811382386666,-0.35418948698466474,-0.6513847719133283,-0.26347418217772206,-0.3358111558318982,0.22872725632563495,0.8842263425984528,-0.08977472600508395,1.0,0.0,1.0,0.0,0.0,0.0,0.0,0.0,1.0,0.0,0.0,0.0,0.0,1.0,0.0,0.0,0.0,0.0,0.0,0.0,0.0,0.0,0.0,0.0,0.0,1.0,0.0,1.0,0.0
0.13442699178408696,0.04839427607542089,-0.06460539778273076,1.4796770847781684,0.6182347415400242,0.9164454439020248,-0.6513847719133283,-0.08860193736949937,-0.3358111558318982,-0.3273362727135281,-0.5029346523892395,-0.5839475297027937,0.0,0.0,0.0,1.0,0.0,0.0,0.0,1.0,0.0,0.0,1.0,0.0,0.0,1.0,0.0,0.0,0.0,0.0,0.0,0.0,0.0,0.0,0.0,0.0,1.0,0.0,1.0,1.0,0.0
0.02288137550582915,1.7352504715670962,-1.0708894096937773,-0.7856609550434225,0.15703667611854044,-0.35418948698466474,-0.6513847719133283,-0.7880909166023902,-0.3358111558318982,0.13963968945946773,-0.26571001846380815,1.228019417188809,0.0,1.0,0.0,0.0,0.0,0.0,0.0,0.0,0.0,1.0,0.0,1.0,0.0,0.0,0.0,0.0,0.0,0.0,1.0,0.0,0.0,0.0,0.0,0.0,0.0,0.0,0.0,1.0,0.0
-1.3714388279723935,-1.0601112238191086,-0.7209564109571431,-0.335820899050355,-1.368126714928979,2.187080374788714,-0.6513847719133283,0.26114255224694605,-0.3358111558318982,-0.45017697780127613,-1.2105877976583233,1.228019417188809,0.0,1.0,0.0,0.0,0.0,0.0,0.0,0.0,0.0,1.0,0.0,0.0,0.0,1.0,0.0,0.0,0.0,0.0,0.0,0.0,0.0,0.0,0.0,0.0,0.0,1.0,0.0,0.0,1.0
-0.5348467058854599,0.5839041794061115,-0.8415291799518901,-0.9409868936598628,-0.470853914243485,-0.35418948698466474,-0.6513847719133283,-0.9629631614106129,1.4162470485084402,-0.48846218701168814,0.5786488480504397,-1.160482467350122,0.0,0.0,0.0,0.0,0.0,0.0,0.0,1.0,0.0,0.0,1.0,0.0,0.0,0.0,1.0,0.0,0.0,0.0,0.0,0.0,0.0,0.0,0.0,0.0,0.0,0.0,1.0,1.0,0.0
-0.06914375792373355,-0.08548319975725176,-0.051913527362231024,-0.14216778077531267,-0.4606042120626751,-0.35418948698466474,0.4888949163375746,-0.08860193736949937,-0.3358111558318982,-0.16314581517530127,-0.8969687900958884,-0.17213685995470224,1.0,1.0,0.0,0.0,0.0,0.0,0.0,1.0,0.0,0.0,0.0,1.0,0.0,1.0,0.0,0.0,0.0,0.0,0.0,0.0,0.0,0.0,0.0,0.0,0.0,0.0,1.0,1.0,0.0
-0.7579379384419755,-0.5674421127548733,-1.1098715831281694,0.32179281509197677,-0.6219406896230188,-0.35418948698466474,3.9097339810902834,-0.7880909166023902,-0.3358111558318982,-0.526272607832794,1.217949132696941,-0.33686112785393885,0.0,0.0,1.0,0.0,0.0,0.0,0.0,0.0,0.0,1.0,1.0,0.0,1.0,0.0,0.0,0.0,0.0,0.0,0.0,0.0,0.0,0.0,0.0,0.0,1.0,0.0,1.0,0.0,1.0
-0.4233010896072021,-0.8619725595867531,-0.930372272895388,0.9108210498452309,-0.6188195397108173,-0.35418948698466474,2.7694542928393804,-0.26347418217772206,1.4162470485084402,-0.32034393461647426,0.20873924938705493,0.07494954189415268,1.0,0.0,0.0,1.0,0.0,0.0,0.0,1.0,0.0,0.0,0.0,1.0,0.0,1.0,0.0,0.0,0.0,0.0,0.0,0.0,0.0,0.0,0.0,0.0,0.0,1.0,0.0,1.0,0.0
2.594704990821411,2.4581888410635284,0.4929303385463629,-0.47097463784647836,1.6444380064999178,-0.35418948698466474,-0.6513847719133283,2.009865000329173,-0.3358111558318982,6.743989347288497,0.30523740556011175,1.228019417188809,1.0,1.0,0.0,0.0,0.0,0.0,0.0,1.0,0.0,0.0,1.0,0.0,0.0,0.0,0.0,0.0,0.0,0.0,0.0,1.0,0.0,0.0,0.0,0.0,0.0,0.0,0.0,0.0,0.0
0.02288137550582915,-0.5984213606625538,-0.4943158677339344,-1.2375182310185218,0.09727243520712583,-0.35418948698466474,-0.6513847719133283,-1.1378354062188356,-0.3358111558318982,-0.40701439695526487,-0.37024968765128646,-0.913396065501267,0.0,0.0,0.0,0.0,0.0,0.0,0.0,1.0,0.0,0.0,1.0,0.0,0.0,1.0,0.0,0.0,0.0,0.0,0.0,0.0,0.0,0.0,0.0,0.0,1.0,0.0,1.0,1.0,0.0
0.31847725864321236,-0.9958500354194257,1.0051379662308144,0.39642995442714923,0.6729897295059304,-0.35418948698466474,-0.6513847719133283,-0.08860193736949937,-0.3358111558318982,0.2047288613752527,0.6228771696297571,-0.7486717976020304,0.0,0.0,1.0,0.0,0.0,0.0,0.0,0.0,0.0,1.0,1.0,0.0,0.0,1.0,0.0,0.0,0.0,0.0,0.0,0.0,0.0,0.0,0.0,0.0,1.0,1.0,0.0,1.0,0.0
-1.293356896577613,-1.3049463516219004,0.4267512999251859,0.40248161437324453,-1.2575378229781344,0.9164454439020248,0.4888949163375746,-0.7880909166023902,-0.3358111558318982,-0.4619171997913912,-0.7079932342569855,-1.2428446012997403,0.0,0.0,1.0,0.0,0.0,0.0,0.0,0.0,0.0,1.0,0.0,0.0,0.0,1.0,0.0,0.0,0.0,0.0,0.0,0.0,0.0,0.0,0.0,0.0,1.0,1.0,0.0,0.0,1.0
0.1790452382953901,-0.8030664702203771,1.1275238595713473,0.652616892145174,0.5454849756852527,-0.35418948698466474,0.4888949163375746,-0.08860193736949937,-0.3358111558318982,-0.34779533603453744,0.341424214125008,-0.5015853957531755,0.0,0.0,0.0,1.0,0.0,0.0,0.0,0.0,1.0,0.0,0.0,1.0,0.0,1.0,0.0,0.0,0.0,0.0,0.0,0.0,0.0,0.0,0.0,0.0,0.0,1.0,0.0,1.0,0.0
0.7702370045701564,-0.1390341900903208,0.5155943928686838,0.28548285541540636,0.28076522387260394,-0.35418948698466474,-0.6513847719133283,1.3103760210962823,-0.3358111558318982,-0.4130571582737065,-1.632767230915447,0.40439807769262587,1.0,0.0,1.0,0.0,0.0,0.0,0.0,0.0,0.0,1.0,0.0,1.0,1.0,0.0,0.0,0.0,0.0,0.0,0.0,0.0,0.0,0.0,0.0,0.0,1.0,0.0,1.0,1.0,0.0
-1.3714388279723935,-1.0494010257524948,0.12577265852476469,0.9955442890905617,-1.3370693466668255,-0.35418948698466474,2.7694542928393804,-0.9629631614106129,1.4162470485084402,-0.6132020456566607,-0.8768650075598349,0.15731167584377098,0.0,0.0,0.0,1.0,0.0,0.0,0.0,0.0,0.0,1.0,0.0,0.0,1.0,0.0,0.0,0.0,0.0,0.0,0.0,0.0,0.0,0.0,0.0,0.0,1.0,1.0,0.0,0.0,1.0
-0.31175547332894427,-0.6209931030879423,0.49655658723793417,0.5981519526303185,-0.05917038755260567,-0.35418948698466474,0.4888949163375746,-0.7880909166023902,4.920363457189116,-0.4560902513771797,1.5516719227954292,-1.0781203334005036,0.0,0.0,1.0,0.0,0.0,0.0,0.0,1.0,0.0,0.0,1.0,0.0,0.0,1.0,0.0,0.0,0.0,0.0,0.0,0.0,0.0,0.0,0.0,0.0,0.0,0.0,1.0,1.0,0.0
-1.1148839105324004,-0.8351970644202186,1.0758498157164558,-0.18856384036204168,-1.0698835010963874,-0.35418948698466474,0.4888949163375746,1.3103760210962823,-0.3358111558318982,-0.29461903643225157,-0.7200555037786174,3.369434899878885,0.0,1.0,0.0,0.0,0.0,0.0,0.0,1.0,0.0,0.0,1.0,0.0,1.0,0.0,0.0,0.0,0.0,0.0,0.0,0.0,0.0,0.0,0.0,0.0,0.0,1.0,0.0,0.0,1.0
-0.31175547332894427,-0.21936067558992442,0.13483828025369285,-0.533508457289461,-0.693457408598896,-0.35418948698466474,0.4888949163375746,0.9606315314798368,-0.3358111558318982,-0.1111349052558577,-0.16519110578354057,-0.0074125920554656355,1.0,1.0,0.0,0.0,0.0,0.0,0.0,1.0,0.0,0.0,1.0,0.0,1.0,0.0,0.0,0.0,0.0,0.0,0.0,0.0,0.0,0.0,0.0,0.0,0.0,0.0,1.0,1.0,0.0
0.5806094568971182,-0.48566975051627687,-0.6194214475931457,-1.0821922924020813,0.7186895294549555,-0.35418948698466474,1.6291746045884776,-1.487579895835281,-0.3358111558318982,-0.005257094440592081,1.2903227498267336,-0.913396065501267,0.0,0.0,0.0,0.0,0.0,0.0,0.0,1.0,0.0,0.0,1.0,0.0,1.0,0.0,0.0,0.0,0.0,0.0,0.0,0.0,0.0,0.0,0.0,0.0,1.0,0.0,1.0,1.0,0.0
-0.32848731577068296,-1.0761765209190293,0.09948235551087256,0.9108210498452309,-0.5364365951146829,-0.35418948698466474,0.4888949163375746,-1.1378354062188356,-0.3358111558318982,-0.33635725211034445,0.8279357514975028,-1.407568869198977,1.0,0.0,0.0,1.0,0.0,0.0,0.0,0.0,0.0,1.0,1.0,0.0,0.0,1.0,0.0,0.0,0.0,0.0,0.0,0.0,0.0,0.0,0.0,0.0,0.0,1.0,0.0,1.0,0.0
0.02288137550582915,-0.4603401320887352,0.5355387606723261,-0.30757981930191153,0.2215404409707056,-0.35418948698466474,0.4888949163375746,0.08627030743872333,-0.3358111558318982,-0.18256897655600635,0.8239149949902923,-0.4192232618035572,0.0,1.0,0.0,0.0,0.0,0.0,0.0,0.0,1.0,0.0,0.0,0.0,1.0,0.0,0.0,0.0,0.0,0.0,0.0,0.0,0.0,0.0,0.0,0.0,0.0,0.0,1.0,1.0,0.0
-0.7579379384419755,1.8691279473997688,1.0912613726556337,-0.30354537933784786,-0.6680258167216983,-0.35418948698466474,0.4888949163375746,0.6108870418633914,-0.3358111558318982,1.0934032384137784,-0.004360845495112479,2.2163650245842286,0.0,1.0,0.0,0.0,0.0,0.0,0.0,1.0,0.0,0.0,1.0,0.0,0.0,0.0,0.0,0.0,1.0,0.0,0.0,0.0,0.0,0.0,0.0,0.0,1.0,0.0,0.0,0.0,1.0
0.13442699178408696,-0.740144056579021,0.8075074125401766,2.7101812738175,0.17853793106926208,-0.35418948698466474,0.4888949163375746,-0.26347418217772206,-0.3358111558318982,-0.4251858434914356,-0.21344018387006883,-0.9957581994508853,1.0,0.0,0.0,0.0,0.0,1.0,0.0,0.0,0.0,1.0,0.0,1.0,0.0,1.0,0.0,0.0,0.0,0.0,0.0,0.0,0.0,0.0,0.0,0.0,0.0,1.0,0.0,1.0,0.0
1.1383375382884073,0.9855366069041295,1.0595316966043846,0.05551977746379328,0.5228662720005328,-0.35418948698466474,-0.6513847719133283,0.6108870418633914,-0.3358111558318982,3.8609015970983283,0.6872092737451282,0.8162087474407175,1.0,0.0,1.0,0.0,0.0,0.0,0.0,1.0,0.0,0.0,0.0,1.0,0.0,1.0,0.0,0.0,0.0,0.0,0.0,0.0,0.0,0.0,0.0,0.0,0.0,0.0,0.0,0.0,0.0
-1.4829844442506512,-0.754870578920615,-1.5821904752053362,-1.025710132905194,-1.5042242641869523,-0.35418948698466474,0.4888949163375746,-1.487579895835281,-0.3358111558318982,-0.7003041338039114,-1.8699918648408784,-1.6546552710478317,0.0,0.0,0.0,0.0,0.0,0.0,0.0,0.0,1.0,0.0,1.0,0.0,0.0,0.0,0.0,0.0,0.0,0.0,0.0,1.0,0.0,0.0,0.0,0.0,1.0,1.0,0.0,0.0,1.0
0.6252277034084213,2.4581888410635284,-0.6520576858172876,0.713133491606125,0.2510179679192756,0.9164454439020248,0.4888949163375746,-0.4383464269859448,3.1683052528487785,-0.39372032205469343,-0.84871971200936,1.1456572832391907,1.0,0.0,0.0,1.0,0.0,0.0,0.0,0.0,0.0,1.0,0.0,1.0,0.0,1.0,0.0,0.0,0.0,0.0,0.0,0.0,0.0,0.0,0.0,0.0,0.0,0.0,0.0,1.0,0.0
-0.40099196635155054,-1.0226255305859604,2.5381346005925987,1.4796770847781684,-0.5325062581882067,-0.35418948698466474,-0.6513847719133283,-0.4383464269859448,-0.3358111558318982,-0.3703262032361553,-0.6838686952137212,-0.913396065501267,1.0,0.0,0.0,1.0,0.0,0.0,0.0,0.0,0.0,1.0,0.0,1.0,0.0,1.0,0.0,0.0,0.0,0.0,0.0,0.0,0.0,0.0,0.0,0.0,0.0,1.0,0.0,1.0,0.0
1.6960656196796964,0.9855366069041295,0.9262670571891378,-0.7291787955465352,0.7391118683866443,-0.35418948698466474,-0.6513847719133283,1.1355037762880595,-0.3358111558318982,0.08888049438455847,-1.0698613199059486,1.3103815511384274,1.0,1.0,0.0,0.0,0.0,0.0,0.0,1.0,0.0,0.0,1.0,0.0,0.0,1.0,0.0,0.0,0.0,0.0,0.0,0.0,0.0,0.0,0.0,0.0,1.0,0.0,0.0,0.0,0.0
1.2359399525318828,-0.45270911596627283,0.02967706819812431,0.5981519526303185,0.7403834479805044,-0.35418948698466474,-0.6513847719133283,-0.7880909166023902,-0.3358111558318982,0.012525888867964557,-0.33406287908638993,-0.0074125920554656355,1.0,0.0,1.0,0.0,0.0,0.0,0.0,0.0,0.0,1.0,0.0,1.0,0.0,1.0,0.0,0.0,0.0,0.0,0.0,0.0,0.0,0.0,0.0,0.0,1.0,0.0,1.0,0.0,0.0
-0.9782405305915347,-0.9315888470197429,0.6633640270502158,1.2840067465210945,-0.8293237615670765,0.9164454439020248,1.6291746045884776,-0.08860193736949937,-0.3358111558318982,-0.06542573213993177,0.5665865785288071,-0.17213685995470224,0.0,0.0,0.0,1.0,0.0,0.0,0.0,0.0,0.0,1.0,0.0,1.0,0.0,1.0,0.0,0.0,0.0,0.0,0.0,0.0,0.0,0.0,0.0,0.0,1.0,1.0,0.0,0.0,1.0
-1.3714388279723935,-0.754870578920615,-1.0817681557684915,0.9955442890905617,-1.3370693466668255,-0.35418948698466474,-0.6513847719133283,-1.6624521406435036,1.4162470485084402,-0.7086776744880375,0.1484279017788944,-1.6546552710478317,0.0,0.0,0.0,1.0,0.0,0.0,0.0,0.0,0.0,1.0,0.0,1.0,0.0,1.0,0.0,0.0,0.0,0.0,0.0,0.0,0.0,0.0,0.0,0.0,1.0,1.0,0.0,0.0,1.0
-0.20020985705068647,-0.35323815142259707,-0.9829528789231724,-0.8562636544145317,-0.0967783173588859,-0.35418948698466474,-0.6513847719133283,2.184737245137396,-0.3358111558318982,-0.2528808207541587,-1.4277086490477011,0.5691223455918625,0.0,0.0,0.0,0.0,0.0,0.0,0.0,1.0,0.0,0.0,0.0,0.0,1.0,0.0,0.0,0.0,0.0,0.0,0.0,0.0,0.0,0.0,0.0,0.0,1.0,0.0,1.0,1.0,0.0
2.594704990821411,1.2532915585694748,-0.6928529835974654,-0.40238915845740086,1.6705246545315282,-0.35418948698466474,-0.6513847719133283,-0.08860193736949937,-0.3358111558318982,1.6868887250464333,-0.11292127118980128,0.07494954189415268,1.0,1.0,0.0,0.0,0.0,0.0,0.0,1.0,0.0,0.0,1.0,0.0,1.0,0.0,0.0,0.0,0.0,0.0,0.0,0.0,0.0,0.0,0.0,0.0,0.0,0.0,0.0,0.0,0.0
-0.22251898030633804,0.557128684239577,-0.6973857944619294,-0.7836437350613908,-0.1129235249294099,0.9164454439020248,-0.6513847719133283,0.6108870418633914,-0.3358111558318982,-0.3168909281487934,-0.9331555986607847,-0.0074125920554656355,0.0,1.0,0.0,0.0,0.0,0.0,0.0,1.0,0.0,0.0,0.0,0.0,0.0,1.0,0.0,0.0,0.0,0.0,0.0,0.0,0.0,0.0,0.0,0.0,0.0,0.0,1.0,1.0,0.0
0.5806094568971182,-0.5431299631436599,0.6044374858121816,-0.40238915845740086,-0.007382418639039412,-0.35418948698466474,-0.6513847719133283,-0.08860193736949937,-0.3358111558318982,0.02560415086430597,0.3856525357043258,-0.08977472600508395,1.0,1.0,0.0,0.0,0.0,0.0,0.0,1.0,0.0,0.0,0.0,1.0,0.0,1.0,0.0,0.0,0.0,0.0,0.0,0.0,0.0,0.0,0.0,0.0,0.0,0.0,1.0,1.0,0.0
1.4729743871231806,0.5839041794061115,0.6796821461622867,0.20479405613413856,0.8290857578309727,-0.35418948698466474,1.6291746045884776,1.8349927555209502,-0.3358111558318982,0.29247838823519356,-0.430561035259447,0.3220359437430076,1.0,0.0,1.0,0.0,0.0,0.0,0.0,1.0,0.0,0.0,0.0,0.0,1.0,0.0,0.0,0.0,0.0,0.0,0.0,0.0,0.0,0.0,0.0,0.0,1.0,0.0,1.0,0.0,0.0
-1.1037293489045747,-0.3264626562560625,-0.6484314371257164,-1.243569890964617,-1.1032142995415029,-0.35418948698466474,-0.6513847719133283,-0.7880909166023902,1.4162470485084402,-0.5314089549534693,-0.4747893568387645,-0.4192232618035572,0.0,0.0,0.0,0.0,0.0,0.0,0.0,0.0,1.0,0.0,0.0,0.0,1.0,0.0,0.0,0.0,0.0,0.0,0.0,0.0,0.0,0.0,0.0,0.0,1.0,0.0,1.0,0.0,1.0
-0.31175547332894427,-0.6209931030879423,-0.6266739449762884,-1.150777771791159,-0.2501385229213813,-0.35418948698466474,-0.6513847719133283,-0.9629631614106129,-0.3358111558318982,-0.683298076950583,-1.6006011788577612,-1.2428446012997403,0.0,0.0,0.0,0.0,0.0,0.0,0.0,0.0,1.0,0.0,1.0,0.0,0.0,0.0,0.0,0.0,1.0,0.0,0.0,0.0,0.0,0.0,0.0,0.0,0.0,0.0,1.0,1.0,0.0
-1.4327889169254353,-1.102952016085564,0.5835865558356464,0.08779529717630039,-1.430318516883217,-0.35418948698466474,0.4888949163375746,-0.4383464269859448,-0.3358111558318982,-0.3841382291068789,0.2529675709663724,-0.5839475297027937,0.0,0.0,1.0,0.0,0.0,0.0,0.0,0.0,0.0,1.0,0.0,0.0,0.0,1.0,0.0,0.0,0.0,0.0,0.0,0.0,0.0,0.0,0.0,0.0,0.0,1.0,0.0,0.0,1.0
0.3575182243406026,2.4581888410635284,-0.5042880516357556,-1.2375182310185218,0.4537771140674792,-0.35418948698466474,-0.6513847719133283,0.08627030743872333,-0.3358111558318982,0.32018876513833283,0.4137978312548005,0.15731167584377098,0.0,0.0,0.0,0.0,0.0,0.0,0.0,0.0,0.0,1.0,1.0,0.0,0.0,1.0,0.0,0.0,0.0,0.0,0.0,0.0,0.0,0.0,0.0,0.0,0.0,0.0,0.0,1.0,0.0
0.5806094568971182,0.21354553026260586,0.31343102831358155,-0.41650969833162277,-0.010079708686620944,-0.35418948698466474,-0.6513847719133283,-0.6132186717941674,-0.3358111558318982,1.0972015455282276,1.8371456348073893,-0.4192232618035572,1.0,1.0,0.0,0.0,0.0,0.0,0.0,1.0,0.0,0.0,1.0,0.0,0.0,1.0,0.0,0.0,0.0,0.0,0.0,0.0,0.0,0.0,0.0,0.0,1.0,0.0,1.0,1.0,0.0
-0.31175547332894427,-0.6852542914876252,-0.6130755123828958,1.3041789463414108,0.021863912019738085,-0.35418948698466474,2.7694542928393804,1.485248265904505,-0.3358111558318982,-0.4817288243997104,-0.575308269519032,0.8985708813903357,0.0,0.0,0.0,1.0,0.0,0.0,0.0,0.0,0.0,1.0,0.0,0.0,0.0,1.0,0.0,0.0,0.0,0.0,0.0,0.0,0.0,0.0,0.0,0.0,1.0,1.0,0.0,1.0,0.0
-0.5348467058854599,-1.156503006418633,0.78303023387207,0.40248161437324453,-0.3485896096581088,2.187080374788714,-0.6513847719133283,-1.3127076510270583,-0.3358111558318982,-0.6268414212040002,-0.5109761654036611,-0.7486717976020304,0.0,0.0,1.0,0.0,0.0,0.0,0.0,0.0,1.0,0.0,0.0,1.0,0.0,1.0,0.0,0.0,0.0,0.0,0.0,0.0,0.0,0.0,0.0,0.0,0.0,1.0,0.0,1.0,0.0
-0.060777836702864206,0.18227175190809353,-0.9358116459327451,-1.025710132905194,0.03461824067330241,-0.35418948698466474,-0.6513847719133283,-1.3127076510270583,-0.3358111558318982,-0.04518248172315249,-0.7884083644011994,-0.4192232618035572,0.0,0.0,0.0,0.0,0.0,0.0,0.0,0.0,1.0,0.0,0.0,0.0,0.0,1.0,0.0,0.0,0.0,0.0,0.0,0.0,0.0,0.0,0.0,0.0,1.0,0.0,1.0,1.0,0.0
1.6960656196796964,0.9855366069041295,0.1448104641555143,3.5493447863426844,2.101012146125548,0.9164454439020248,-0.6513847719133283,1.485248265904505,-0.3358111558318982,0.1525884637132711,-1.037695267848263,0.8985708813903357,1.0,0.0,0.0,0.0,0.0,1.0,0.0,1.0,0.0,0.0,1.0,0.0,0.0,0.0,0.0,0.0,0.0,0.0,0.0,1.0,0.0,0.0,0.0,0.0,1.0,0.0,0.0,0.0,0.0
1.1383375382884073,2.0565564135655108,-1.1796768704409177,-0.9409868936598628,0.2860056731079051,-0.35418948698466474,-0.6513847719133283,-0.4383464269859448,1.4162470485084402,-0.3010070983974612,-0.6557233996632461,1.3927436850880455,1.0,1.0,0.0,0.0,0.0,0.0,0.0,1.0,0.0,0.0,0.0,0.0,0.0,0.0,1.0,0.0,0.0,0.0,0.0,0.0,0.0,0.0,0.0,0.0,1.0,0.0,0.0,0.0,0.0
-0.8694835547202333,-0.5942176079214079,0.5255665767705049,0.8906488500249138,-0.7173091591625101,-0.35418948698466474,-0.6513847719133283,-0.7880909166023902,1.4162470485084402,-0.6332726457500559,-1.3271897363674336,-0.9957581994508853,0.0,0.0,0.0,1.0,0.0,0.0,0.0,1.0,0.0,0.0,0.0,0.0,0.0,1.0,0.0,0.0,0.0,0.0,0.0,0.0,0.0,0.0,0.0,0.0,1.0,0.0,1.0,0.0,1.0
-0.9642973285567524,-0.7816460740871496,0.29711290920151057,-0.7856609550434225,-0.9299326803418693,-0.35418948698466474,-0.6513847719133283,-0.26347418217772206,1.4162470485084402,-0.57241340675718,-1.3834803274683833,0.7338466134910991,0.0,1.0,0.0,0.0,0.0,0.0,0.0,1.0,0.0,0.0,1.0,0.0,0.0,0.0,0.0,0.0,0.0,0.0,0.0,0.0,0.0,0.0,1.0,0.0,0.0,1.0,0.0,0.0,1.0
-0.5348467058854599,0.18227175190809353,-0.20512253458112026,-0.6303350164269823,-0.4431874248982911,0.9164454439020248,-0.6513847719133283,-0.6132186717941674,-0.3358111558318982,-0.5770318029077032,-0.18931564482680485,-0.8310339315516487,0.0,1.0,0.0,0.0,0.0,0.0,0.0,1.0,0.0,0.0,0.0,0.0,0.0,1.0,0.0,0.0,0.0,0.0,0.0,0.0,0.0,0.0,0.0,0.0,1.0,0.0,1.0,1.0,0.0
-1.3825933896002192,-0.5406666175883388,-0.09270882514240854,1.0096648289647836,-1.3506713950496296,2.187080374788714,-0.6513847719133283,-0.4383464269859448,-0.3358111558318982,-0.20747378570415484,-0.7723253383723566,-0.4192232618035572,0.0,0.0,0.0,1.0,0.0,0.0,0.0,0.0,1.0,0.0,0.0,0.0,0.0,0.0,0.0,0.0,0.0,1.0,0.0,0.0,0.0,0.0,0.0,0.0,0.0,0.0,1.0,0.0,1.0
0.5806094568971182,-0.754870578920615,-0.5867852093690037,0.08779529717630039,0.9295790784608693,-0.35418948698466474,0.4888949163375746,0.08627030743872333,3.1683052528487785,-0.18334590301123455,0.8721640730768209,-0.08977472600508395,0.0,0.0,1.0,0.0,0.0,0.0,0.0,1.0,0.0,0.0,0.0,1.0,0.0,1.0,0.0,0.0,0.0,0.0,0.0,0.0,0.0,0.0,0.0,0.0,1.0,1.0,0.0,1.0,0.0
-1.3825933896002192,-0.4871156272552697,-0.4716518134116135,0.6748063119475226,-1.458408866093031,-0.35418948698466474,-0.6513847719133283,-0.08860193736949937,-0.3358111558318982,-0.4776283792193393,1.3064057758555767,-0.5839475297027937,1.0,0.0,0.0,0.0,1.0,0.0,0.0,1.0,0.0,0.0,1.0,0.0,0.0,1.0,0.0,0.0,0.0,0.0,0.0,0.0,0.0,0.0,0.0,0.0,0.0,0.0,1.0,0.0,1.0
-1.1148839105324004,-0.5674421127548733,-0.14075662030572889,-1.051933992671606,-1.1070290383230825,-0.35418948698466474,-0.6513847719133283,-1.1378354062188356,-0.3358111558318982,-0.7048793673735886,-1.2910029278025372,-0.9957581994508853,0.0,0.0,0.0,0.0,0.0,0.0,0.0,1.0,0.0,0.0,0.0,1.0,0.0,1.0,0.0,0.0,0.0,0.0,0.0,0.0,0.0,0.0,0.0,0.0,0.0,0.0,1.0,0.0,1.0
0.3575182243406026,1.012312102070664,0.3424410178461523,-0.9409868936598628,0.5006714281804331,-0.35418948698466474,-0.6513847719133283,0.08627030743872333,-0.3358111558318982,-0.10612804587772039,1.390841662507001,0.5691223455918625,0.0,0.0,0.0,0.0,0.0,0.0,0.0,1.0,0.0,0.0,1.0,0.0,0.0,1.0,0.0,0.0,0.0,0.0,0.0,0.0,0.0,0.0,0.0,0.0,1.0,0.0,0.0,1.0,0.0
-0.47907389774633097,-0.16580968525685535,-0.27583438406676114,1.701571282801654,-0.579516170446057,2.187080374788714,-0.6513847719133283,-0.26347418217772206,-0.3358111558318982,0.7900566202280114,1.1174302200166735,-0.25449899390432057,1.0,0.0,0.0,1.0,0.0,0.0,0.0,1.0,0.0,0.0,0.0,1.0,0.0,0.0,0.0,0.0,0.0,0.0,0.0,1.0,0.0,0.0,0.0,0.0,0.0,0.0,1.0,1.0,0.0
-0.9810291709984912,-1.2234417443349692,-0.0419413434604099,0.10796749699661724,-0.8996844990939902,-0.35418948698466474,-0.6513847719133283,-0.4383464269859448,-0.3358111558318982,-0.5384444556313691,0.26905059699521544,-1.160482467350122,0.0,0.0,1.0,0.0,0.0,0.0,0.0,0.0,0.0,1.0,1.0,0.0,0.0,1.0,0.0,0.0,0.0,0.0,0.0,0.0,0.0,0.0,0.0,0.0,1.0,1.0,0.0,0.0,1.0
1.9191568522362121,0.23850029175781606,0.3279360230798669,-0.08972006124248871,2.446226739501024,-0.35418948698466474,1.6291746045884776,1.6601205107127277,-0.3358111558318982,0.13199991264972372,-0.36622893114407573,0.8162087474407175,0.0,0.0,1.0,0.0,0.0,0.0,0.0,0.0,0.0,1.0,0.0,0.0,0.0,1.0,0.0,0.0,0.0,0.0,0.0,0.0,0.0,0.0,0.0,0.0,1.0,0.0,1.0,0.0,0.0
-0.4233010896072021,0.5839041794061115,0.7576464930310706,-0.6303350164269823,-0.31899648456464236,2.187080374788714,-0.6513847719133283,1.485248265904505,-0.3358111558318982,0.7718420111109946,0.2449260579519512,1.0632951492895724,0.0,1.0,0.0,0.0,0.0,0.0,0.0,0.0,0.0,1.0,0.0,0.0,0.0,1.0,0.0,0.0,0.0,0.0,0.0,0.0,0.0,0.0,0.0,0.0,0.0,0.0,1.0,1.0,0.0
-0.5348467058854599,-0.35323815142259707,-0.9829528789231724,-1.0398306727794158,-0.4795623078256769,-0.35418948698466474,0.4888949163375746,-0.4383464269859448,-0.3358111558318982,0.021978494073241022,-0.04054765406000874,-0.0074125920554656355,0.0,0.0,0.0,0.0,0.0,0.0,0.0,1.0,0.0,0.0,0.0,0.0,0.0,1.0,0.0,0.0,0.0,0.0,0.0,0.0,0.0,0.0,0.0,0.0,0.0,0.0,1.0,1.0,0.0
0.02288137550582915,0.43530018123184483,-0.028342910867017176,0.7514606712647274,-0.2556487011614408,-0.35418948698466474,-0.6513847719133283,0.6108870418633914,-0.3358111558318982,0.4285268430618211,1.0772226549445665,0.6514844795414808,1.0,0.0,1.0,0.0,0.0,0.0,0.0,1.0,0.0,0.0,0.0,1.0,0.0,1.0,0.0,0.0,0.0,0.0,0.0,0.0,0.0,0.0,0.0,0.0,0.0,0.0,1.0,1.0,0.0
0.3575182243406026,1.3068425489025437,0.06684611728673023,-0.656558876193394,-0.21842609850481495,-0.35418948698466474,-0.6513847719133283,-0.26347418217772206,-0.3358111558318982,1.2391201113499126,1.205886863175309,-0.25449899390432057,1.0,1.0,0.0,0.0,0.0,0.0,0.0,1.0,0.0,0.0,0.0,0.0,1.0,0.0,0.0,0.0,0.0,0.0,0.0,0.0,0.0,0.0,0.0,0.0,1.0,0.0,0.0,1.0,0.0
-1.0925747872767488,-1.2368294919182365,0.9870067227729579,0.7776845310311392,-0.9992530345647159,0.9164454439020248,2.7694542928393804,-0.6132186717941674,1.4162470485084402,-0.2688941382480288,0.08007504115631234,-0.5839475297027937,0.0,0.0,1.0,0.0,0.0,0.0,0.0,0.0,0.0,1.0,0.0,0.0,0.0,0.0,0.0,0.0,0.0,0.0,1.0,0.0,0.0,0.0,0.0,0.0,1.0,1.0,0.0,0.0,1.0
-0.5348467058854599,1.2532915585694748,-0.84787511516214,-1.0216756929411306,-0.47798246651209353,-0.35418948698466474,-0.6513847719133283,-0.26347418217772206,-0.3358111558318982,-0.2894826893115762,-0.2938553140142829,-0.25449899390432057,0.0,0.0,0.0,0.0,0.0,0.0,0.0,0.0,0.0,1.0,1.0,0.0,0.0,1.0,0.0,0.0,0.0,0.0,0.0,0.0,0.0,0.0,0.0,0.0,1.0,0.0,0.0,1.0,0.0
-1.0591111023932716,-1.1698907540019001,-0.11446631729183675,-0.06349620147607656,-0.9997154271443014,-0.35418948698466474,-0.6513847719133283,-0.7880909166023902,-0.3358111558318982,-0.47831898051287547,-0.036526897552797984,-1.407568869198977,0.0,0.0,1.0,0.0,0.0,0.0,0.0,0.0,0.0,1.0,1.0,0.0,1.0,0.0,0.0,0.0,0.0,0.0,0.0,0.0,0.0,0.0,0.0,0.0,1.0,1.0,0.0,0.0,1.0
-0.5348467058854599,-0.754870578920615,0.49655658723793417,0.2532073357028992,-0.7824679801690879,-0.35418948698466474,0.4888949163375746,0.6108870418633914,-0.3358111558318982,-0.16962020230220295,1.109388707002252,-0.33686112785393885,1.0,0.0,1.0,0.0,0.0,0.0,0.0,1.0,0.0,0.0,0.0,1.0,1.0,0.0,0.0,0.0,0.0,0.0,0.0,0.0,0.0,0.0,0.0,0.0,1.0,1.0,0.0,1.0,0.0
0.08423146445887095,0.8516591310714567,-0.3012181249077606,-0.1865466203800097,0.3085858440776597,-0.35418948698466474,0.4888949163375746,-0.6132186717941674,-0.3358111558318982,-0.41335929633962853,-0.6436611301416141,-0.33686112785393885,0.0,1.0,0.0,0.0,0.0,0.0,0.0,1.0,0.0,0.0,0.0,0.0,0.0,0.0,1.0,0.0,0.0,0.0,0.0,0.0,0.0,0.0,0.0,0.0,1.0,0.0,0.0,1.0,0.0
0.02288137550582915,-0.5674421127548733,-0.5178864842291481,0.20681127611617023,0.2924021037921701,-0.35418948698466474,0.4888949163375746,-0.6132186717941674,-0.3358111558318982,-0.5088780877518515,0.6791677607307073,-1.2428446012997403,0.0,0.0,1.0,0.0,0.0,0.0,0.0,0.0,0.0,1.0,0.0,0.0,0.0,1.0,0.0,0.0,0.0,0.0,0.0,0.0,0.0,0.0,0.0,0.0,1.0,0.0,1.0,1.0,0.0
1.0267919220101493,0.18227175190809353,0.22821418406165495,-0.31564869923003813,0.3481204096322125,-0.35418948698466474,1.6291746045884776,-0.6132186717941674,-0.3358111558318982,1.4053392101879019,1.6481700789684863,-0.5015853957531755,1.0,1.0,0.0,0.0,0.0,0.0,0.0,0.0,0.0,1.0,0.0,1.0,0.0,1.0,0.0,0.0,0.0,0.0,0.0,0.0,0.0,0.0,0.0,0.0,1.0,0.0,1.0,1.0,0.0
1.0267919220101493,-0.4804217534636361,0.9897264092916365,1.7741912021547956,0.8609908458223662,-0.35418948698466474,-0.6513847719133283,-0.6132186717941674,-0.3358111558318982,-0.5166041897232875,-0.028485384538376752,0.8985708813903357,1.0,0.0,0.0,1.0,0.0,0.0,0.0,1.0,0.0,0.0,1.0,0.0,0.0,1.0,0.0,0.0,0.0,0.0,0.0,0.0,0.0,0.0,0.0,0.0,1.0,0.0,1.0,1.0,0.0
0.9152463057318916,0.5839041794061115,0.55276344195729,2.508459275614331,0.9415242201001592,-0.35418948698466474,0.4888949163375746,-0.26347418217772206,3.1683052528487785,-0.5204456594185825,-0.5431422174613466,-0.08977472600508395,1.0,0.0,0.0,0.0,1.0,0.0,0.0,1.0,0.0,0.0,0.0,0.0,0.0,0.0,0.0,0.0,0.0,0.0,0.0,0.0,0.0,1.0,0.0,0.0,1.0,0.0,1.0,1.0,0.0
1.4729743871231806,2.324311365230856,-0.8442488664705687,-1.0418478927614476,1.6901763391639082,0.9164454439020248,-0.6513847719133283,0.26114255224694605,-0.3358111558318982,1.0504996330528433,0.7354583518316568,1.3103815511384274,0.0,0.0,0.0,0.0,0.0,0.0,0.0,1.0,0.0,0.0,1.0,0.0,0.0,1.0,0.0,0.0,0.0,0.0,0.0,0.0,0.0,0.0,0.0,0.0,1.0,0.0,0.0,0.0,0.0
0.29337949498060434,-0.8887480547532877,-0.666562680583573,0.011140937859095913,0.5806268117337441,-0.35418948698466474,-0.6513847719133283,-0.7880909166023902,-0.3358111558318982,-0.1858061701194572,0.17255244082215837,-0.9957581994508853,0.0,1.0,0.0,0.0,0.0,0.0,0.0,1.0,0.0,0.0,0.0,1.0,1.0,0.0,0.0,0.0,0.0,0.0,0.0,0.0,0.0,0.0,0.0,0.0,1.0,1.0,0.0,1.0,0.0
